{"type":"FeatureCollection","features":[{"type":"Feature","geometry":{"type":"MultiPolygon","coordinates":[[[[-91.08890259664348,14.312414922875382],[-91.08911117988097,14.312414405990308],[-91.08915033721098,14.312172254297984],[-91.0889020666538,14.31221153472642],[-91.08890259664348,14.312414922875382]]],[[[-91.12650975176494,14.333418536494154],[-91.12646604435791,14.333539037529633],[-91.12646623986825,14.333609457872942],[-91.12650975176494,14.333418536494154]]],[[[-91.08890259664348,14.312414922875382],[-91.08869401339767,14.312415439577295],[-91.08855433994032,14.312178497754585],[-91.086468362779,14.312127244941577],[-91.08632989347143,14.312353486661165],[-91.08589156834127,14.312469238974483],[-91.08577578012653,14.313168411123307],[-91.08531907455576,14.313266464118735],[-91.08523358968064,14.313712118949338],[-91.08500261290004,14.313770685400211],[-91.08496764621323,14.31400726479775],[-91.08397015373743,14.313986412805622],[-91.08355333412838,14.314123029689423],[-91.08355368429356,14.314258621897569],[-91.08280483904615,14.31434361614253],[-91.08272004299248,14.31453185354173],[-91.08146863523118,14.314575702506664],[-91.08146678571293,14.313856957605756],[-91.08132738032461,14.313721705510787],[-91.08084861637194,14.313798087884061],[-91.08077263543484,14.314299332549986],[-91.08007726408579,14.314267132542767],[-91.08007691600642,14.314131540250559],[-91.08055813078325,14.314057272055912],[-91.08063095943608,14.31328034674213],[-91.08161121917055,14.313307610972217],[-91.08163011066027,14.314263337294],[-91.08174621470167,14.3143673962528],[-91.08221893340648,14.314316185727456],[-91.0822724178922,14.314097569726883],[-91.08274396617274,14.314014051757331],[-91.08285727059808,14.313822301643045],[-91.0847221860041,14.31376925684743],[-91.0848032650149,14.313509788620783],[-91.0849801291602,14.313478633070657],[-91.08507944674933,14.312763347138041],[-91.08553041199073,14.312389355740812],[-91.08556864524796,14.312155946173224],[-91.08578372313933,14.31209397561891],[-91.08588634217422,14.311134242988615],[-91.08604853012001,14.311099944919189],[-91.08610006033388,14.310862530032765],[-91.08688143791207,14.31055075090987],[-91.08743888339957,14.311021830954097],[-91.08785491916977,14.310587010744996],[-91.08827190588993,14.31051818269221],[-91.08868677349145,14.309635801134956],[-91.08868465478865,14.308822248296687],[-91.08840654820193,14.30882293676789],[-91.08840548940084,14.30841616030741],[-91.08868359548713,14.3084154718565],[-91.08868077084611,14.307330734614599],[-91.08912618930256,14.307492237084592],[-91.0892362735155,14.307058172547007],[-91.08937532570437,14.307057827908348],[-91.0895097819454,14.305294785183152],[-91.08895357751817,14.305296163398475],[-91.0888849348094,14.305635316028129],[-91.08909404169998,14.30583818765234],[-91.0888159388045,14.30583887646197],[-91.08881664502795,14.306110060809084],[-91.0883994901568,14.306111093434154],[-91.08826114409685,14.306382621847991],[-91.08784416495102,14.306451449613837],[-91.0872877814082,14.306385027939056],[-91.08700897367925,14.306114530232716],[-91.08721684686871,14.305842830806002],[-91.08721561436926,14.305368258047016],[-91.08700686155682,14.305300976907995],[-91.08700615754552,14.305029792454024],[-91.08672805553975,14.305030478783882],[-91.08658847690765,14.304827433467045],[-91.08561564736918,14.305033220851291],[-91.08554436626397,14.304355430717992],[-91.0863075626112,14.303743381266935],[-91.08639027025859,14.303485497442573],[-91.08665430877902,14.303403543359638],[-91.08637480245488,14.30286186013977],[-91.08635764716894,14.301587273925715],[-91.08393793155054,14.301511923797195],[-91.0833803369438,14.300970919187867],[-91.08356510697655,14.300744565528133],[-91.08351798633475,14.300428208665195],[-91.08310084154738,14.300429231597196],[-91.0822686461967,14.301244829614946],[-91.08216514486762,14.301550167754893],[-91.08171341003262,14.301619069611084],[-91.08163918630584,14.301851242702869],[-91.08143600911447,14.301890934394738],[-91.08132341288626,14.302356516927922],[-91.08113956606282,14.302467930219576],[-91.08102295462773,14.303485164482707],[-91.0806056299545,14.303418387051325],[-91.08054330380706,14.303207734063442],[-91.08032683370676,14.303147881000335],[-91.08022564351938,14.303455596207174],[-91.08004960315029,14.303487540473462],[-91.07994525817891,14.30399494552828],[-91.07968032137435,14.304098610566262],[-91.07965587271167,14.304255185039999],[-91.07914803381728,14.304371093988529],[-91.07910308696994,14.304530366641602],[-91.07810554277572,14.304526172979504],[-91.07807039009022,14.304373715976613],[-91.07727067475577,14.3043078619314],[-91.0771774098286,14.304104698334319],[-91.0764355746645,14.303997917021668],[-91.07631588593814,14.303816268386223],[-91.07555012275706,14.303751120676283],[-91.07560005142213,14.303520861897288],[-91.07685133152356,14.3034500334813],[-91.07698980543793,14.303223796961678],[-91.07754583281593,14.303154650681524],[-91.07754479398699,14.302747873238214],[-91.07782289364131,14.302747197753316],[-91.07782220077344,14.302476012796678],[-91.07810030007983,14.302475337000018],[-91.07809891372068,14.301932967094842],[-91.07851536799491,14.301660767888315],[-91.07865233574522,14.300846874801374],[-91.07886056168326,14.30071077483863],[-91.07885882668762,14.300032812444295],[-91.07864990762636,14.299897727414152],[-91.07857934315744,14.299491119044736],[-91.07864609237117,14.298406209937829],[-91.0788543161246,14.29827011003739],[-91.07892210477053,14.29759197834007],[-91.07913032761829,14.297455878223246],[-91.07909944996733,14.297010508030336],[-91.07892036998491,14.296914015775668],[-91.07891794143785,14.295964868120294],[-91.07933490471855,14.295896056574726],[-91.07968165020874,14.295556228668389],[-91.07970382756218,14.295149394552702],[-91.07945029257868,14.295035340352873],[-91.0794153265043,14.294743317117831],[-91.0794459857191,14.294042764951145],[-91.07960813349582,14.293997083998663],[-91.07963849431928,14.293763429264704],[-91.07911991662883,14.293388102358957],[-91.07909623451846,14.293207280514267],[-91.07835448132413,14.293118776995884],[-91.07827062412177,14.292929097023322],[-91.07779761337166,14.292848942816862],[-91.07779726720096,14.292713350226029],[-91.07802870558055,14.292577194788262],[-91.07800236992605,14.291356917826382],[-91.07828010913462,14.291220649736825],[-91.07834720535266,14.290271332609684],[-91.07855542200434,14.290135233153704],[-91.07862321007886,14.289457101139105],[-91.07890094659903,14.289320832405446],[-91.07890025311765,14.289049647195188],[-91.07834408756975,14.289050999091982],[-91.07820573882235,14.28932252210681],[-91.07751053095478,14.289324209778002],[-91.07750983913884,14.289053024501046],[-91.07723175629953,14.289053698987715],[-91.0772307191024,14.288646921040597],[-91.07695229118961,14.288512002523603],[-91.07714645009771,14.28829463524744],[-91.07722795340304,14.287562179779979],[-91.0769098413444,14.287466022707362],[-91.07606932764314,14.287564986230306],[-91.07570092116576,14.28851503211268],[-91.07522833357032,14.288597477697987],[-91.07514544557239,14.288787561888002],[-91.07486667432033,14.288517048184591],[-91.07417146851647,14.288518726011418],[-91.07417078074081,14.288247540556359],[-91.07375365771487,14.28824854625823],[-91.0737543449909,14.288519731733166],[-91.07347694957983,14.288791587290284],[-91.07243431075027,14.288861893610694],[-91.0723653042693,14.28906544992421],[-91.0716700964759,14.28906712050891],[-91.07166975407068,14.28893152772878],[-91.07222591997949,14.288930191436732],[-91.07222454906245,14.288387820353694],[-91.07277968443212,14.28797970452614],[-91.07277865531528,14.287572926223277],[-91.07322646856673,14.287466445550997],[-91.07333378769479,14.287164809187741],[-91.0726344708408,14.285539368936591],[-91.07221666740536,14.285269186144667],[-91.0722146116337,14.284455629259659],[-91.07193653418139,14.284456297350225],[-91.07193584928582,14.284185111696322],[-91.07165777215211,14.284185779448968],[-91.07186581640403,14.283981889417902],[-91.07193208261748,14.282693590488838],[-91.07210553716742,14.282557580181669],[-91.07207026405491,14.282354274416607],[-91.07165298061656,14.282287479605527],[-91.07186085202302,14.282015793183938],[-91.0718603385095,14.281812403899732],[-91.07165161173572,14.281745108165818],[-91.07164853196383,14.280524772336134],[-91.0719262622579,14.280388511890452],[-91.07192523524331,14.27998173326782],[-91.07132906406181,14.279886235739223],[-91.07122834574342,14.279305437044833],[-91.06992156131086,14.27938987065223],[-91.06995653667221,14.280393233610662],[-91.07014689862854,14.280501358913238],[-91.07020420631706,14.281206203157225],[-91.06995110958873,14.28131221191576],[-91.06991055195877,14.281813899813562],[-91.06967263086862,14.281853664109532],[-91.06961587381016,14.28206910787193],[-91.06909130166682,14.282100817609315],[-91.06901143959392,14.282361602644993],[-91.06692638557205,14.282569966090408],[-91.06744599343217,14.28185686125997],[-91.06831438075434,14.28161750150692],[-91.0683126797385,14.280939536770111],[-91.06775653307432,14.280940863193598],[-91.0677558533587,14.280669677261823],[-91.0671997073032,14.28067100236055],[-91.06719902826762,14.280399816396345],[-91.06692095555134,14.280400478445738],[-91.06691959818856,14.27985810647256],[-91.06664152612382,14.279858768171085],[-91.06664016948373,14.279316396147022],[-91.06636209807037,14.279317057494893],[-91.06636142010453,14.279045871460408],[-91.06608334900974,14.279046532470549],[-91.06608199378634,14.27850416035704],[-91.06580392334303,14.278504821016515],[-91.06580290746204,14.278098041895404],[-91.06608097740622,14.278097381255643],[-91.0660792835104,14.277419416055626],[-91.06580121439822,14.277420076662766],[-91.06579918283889,14.276606518332471],[-91.06538208064148,14.276607508575955],[-91.06538614089305,14.278234625298388],[-91.0652471058218,14.278234955256444],[-91.06524642924403,14.277963769144943],[-91.06496835942374,14.277964428804616],[-91.064967345083,14.277557649606234],[-91.06524541440405,14.277556989966119],[-91.06524304656851,14.276607838494867],[-91.06496497841209,14.276608498089312],[-91.06496464033046,14.276472905009193],[-91.06524270832054,14.27647224542135],[-91.0652400175074,14.275393531674831],[-91.06551739234777,14.275115654753735],[-91.06551603886777,14.27457328240824],[-91.06571053616702,14.274491517326377],[-91.06572374188546,14.274233804613344],[-91.06537531469206,14.273895646876337],[-91.06481918503376,14.27389696580433],[-91.06454314682456,14.274711183473864],[-91.06431171766246,14.274847325628887],[-91.06426862614441,14.276135569811515],[-91.0638051693454,14.276114156341771],[-91.06385000641465,14.275526388329393],[-91.06329387260774,14.275527703844293],[-91.06329319850116,14.275256517579674],[-91.06301513190925,14.275257174837462],[-91.06301344753658,14.274579209116508],[-91.0634997254525,14.27444246562191],[-91.06349719690259,14.273425517041654],[-91.06328848015163,14.27335821355449],[-91.06328713217917,14.27281584092007],[-91.06273100496972,14.272817154877048],[-91.06273066831808,14.272681561701605],[-91.06300873176357,14.272680904891821],[-91.06300805813832,14.272409718549278],[-91.06328612123691,14.272409061428094],[-91.06314422623286,14.271256848031788],[-91.06286549115617,14.270986318553964],[-91.06217016955979,14.270920162757198],[-91.06216949702426,14.270648976335403],[-91.06161337502395,14.270650287489342],[-91.06161303909413,14.270514694263142],[-91.06189109993502,14.270514038854929],[-91.06189042775335,14.270242852410817],[-91.06161203132581,14.270107914575378],[-91.06161135949786,14.269836728109036],[-91.06077717938503,14.269838692290431],[-91.06077617316625,14.269431912521144],[-91.06063680806841,14.269296646328433],[-91.05994165952289,14.26929828044604],[-91.0599409897327,14.269027093883562],[-91.0593848714981,14.26902839969229],[-91.05938420238718,14.268757213097688],[-91.05910614358135,14.268757865502632],[-91.0591048060667,14.268215492269091],[-91.05854868974312,14.268216796054285],[-91.05840899274854,14.267945935139588],[-91.0579919059574,14.267946911864508],[-91.0578548787814,14.268760797310888],[-91.05729976093168,14.269168878263036],[-91.05730076089348,14.269575658283594],[-91.05716173094086,14.269575983329558],[-91.05716106446248,14.269304796644288],[-91.05688300487928,14.269305446480137],[-91.05674464106202,14.269576957981041],[-91.05625820251518,14.26964589083267],[-91.05605015635611,14.269849767508598],[-91.05604915861824,14.269442987410631],[-91.05646558266015,14.26917082726479],[-91.05682554017831,14.26857331944634],[-91.05708955046619,14.268491399031108],[-91.0570193695641,14.268220374774117],[-91.05688034043587,14.268220699625795],[-91.05687867527242,14.267542732791515],[-91.05653093706822,14.267475747836318],[-91.0563228930806,14.267679624705977],[-91.05632222769766,14.26740843793879],[-91.05548805576419,14.26741038328455],[-91.0554873913929,14.267139196472765],[-91.05437516328288,14.267141785675479],[-91.05423547189247,14.266870922085385],[-91.05381838678208,14.2668718914362],[-91.05381772443383,14.266600704535207],[-91.05353966800861,14.266601350350896],[-91.05242479956497,14.265519182449676],[-91.05242413894868,14.265247995453905],[-91.05214608411652,14.265248639584343],[-91.05214476359043,14.264706265548801],[-91.05186670940934,14.264706909329524],[-91.05186505966088,14.264028941718353],[-91.0521431130108,14.264028297969341],[-91.05214080234504,14.263079143293377],[-91.0518627501585,14.263079786997658],[-91.0518620903319,14.262808599920763],[-91.05158403846413,14.262809243288094],[-91.05158206006466,14.261995681981878],[-91.05130400918016,14.261996324986908],[-91.0513033500738,14.261725137859715],[-91.0510252995078,14.261725780527755],[-91.05102464074763,14.261454593381742],[-91.0504685402389,14.26145587771996],[-91.05046821119637,14.261320284131774],[-91.04991178225801,14.261185973558346],[-91.04991112485499,14.260914786349053],[-91.04949405039287,14.260915747741166],[-91.0494937219458,14.260780154124676],[-91.04824249912075,14.260783033896205],[-91.04810412958089,14.261054540760435],[-91.047687054735,14.261055499001396],[-91.0467164944072,14.262142481430311],[-91.04602136615128,14.262144074167468],[-91.04602071335344,14.261872886802802],[-91.04574266235939,14.261873523317725],[-91.04574135746964,14.26133114854461],[-91.04546330712672,14.261331784710164],[-91.04546265503473,14.261060597301745],[-91.0447675299484,14.261062186265924],[-91.04476818120942,14.26133337370574],[-91.04407305520658,14.26133496067524],[-91.04407175436009,14.260792585726458],[-91.04379370459974,14.260793219921894],[-91.04379272949929,14.260386438675186],[-91.04295695902542,14.259710370390634],[-91.0429559855023,14.259303589050461],[-91.04281663709276,14.259168311719604],[-91.04156542176092,14.259171156143918],[-91.04156477443102,14.2588999685104],[-91.04100867930411,14.258901230567224],[-91.04100803265243,14.25863004290245],[-91.04072998540094,14.258630673432299],[-91.04072901594735,14.258223891904949],[-91.04058966950439,14.2580886131902],[-91.04017259958836,14.258089558096609],[-91.04017195397428,14.257818370375986],[-91.03989390767897,14.257818999895939],[-91.03961489397129,14.25741284746189],[-91.03924379871009,14.257278092075063],[-91.03961344293029,14.256802674990757],[-91.04100285992817,14.256460541362165],[-91.0408618985842,14.255647293419308],[-91.04044418734995,14.255377050879549],[-91.0404435415393,14.255105863109508],[-91.04016549858005,14.255106492828968],[-91.04016388494351,14.254428523345494],[-91.03984583375303,14.254332314266382],[-91.03974585433117,14.254022685533732],[-91.03932814741556,14.253752440850826],[-91.0393275030151,14.253481252993764],[-91.03904946199475,14.253481881342363],[-91.03877077723841,14.253211321479071],[-91.03849209314632,14.252940761260577],[-91.03849144978297,14.252669573347731],[-91.03737928944417,14.252672080761496],[-91.03677787640208,14.253080218659605],[-91.03668675402078,14.253758397199814],[-91.03647854341428,14.253894460182321],[-91.03643782577313,14.254301335861895],[-91.03624957224281,14.254322680915893],[-91.0361908413506,14.253081538620137],[-91.03671072403941,14.252699539253078],[-91.03668354793194,14.25240245726322],[-91.03612642745148,14.251963026828822],[-91.03584846816514,14.251997549888172],[-91.03584878825052,14.252133143911966],[-91.0348359628232,14.252174081978469],[-91.03485206209443,14.25197727458669],[-91.03536173937631,14.251930845061528],[-91.03543076945427,14.251727298042038],[-91.03695982361981,14.251656064721027],[-91.0370948330424,14.249960826715837],[-91.03626072256968,14.249962702531043],[-91.03612106375391,14.249691826797223],[-91.03570400896005,14.249692763350126],[-91.03556435097451,14.249421887255268],[-91.03514729663843,14.249422822817976],[-91.0351450594879,14.248473664294368],[-91.03486670499579,14.248338693467606],[-91.03486606617881,14.248067505288633],[-91.03458803158485,14.248068128206615],[-91.03458739311344,14.247796940009119],[-91.03375329024695,14.247798806782942],[-91.03340702148436,14.248341960238655],[-91.03312930486375,14.248478175594343],[-91.03306075109404,14.248885113225162],[-91.03283850426708,14.248939900426686],[-91.03278335178355,14.249156922327739],[-91.03194987905913,14.249429971254182],[-91.03195051445643,14.249701159531565],[-91.03181149609465,14.249701469367572],[-91.03180959044097,14.248887904498655],[-91.03153155470353,14.248888523891017],[-91.0312528844257,14.248617954632914],[-91.03125193266013,14.248211172131485],[-91.03139095012207,14.248210862653137],[-91.03152806314367,14.247396988086091],[-91.03166708010092,14.247396678464098],[-91.03180482683285,14.246853992083047],[-91.03194384345146,14.246853682311436],[-91.031942890571,14.246446899795846],[-91.03138682507256,14.246448138359588],[-91.03138745965886,14.246719326729519],[-91.03097041000201,14.24672025482063],[-91.03055462753579,14.247263558977862],[-91.03027611876563,14.24706078553491],[-91.029720209768,14.247129817375804],[-91.02944280838439,14.24740162269966],[-91.02944438918145,14.248079593772795],[-91.02916656478973,14.248170518242242],[-91.02897167561707,14.248080641925043],[-91.02896946450024,14.24713148233912],[-91.02920668788212,14.247037205312136],[-91.02930221107486,14.246723959899164],[-91.02930063085894,14.246045988733485],[-91.02916129872482,14.245910702707747],[-91.02832720204977,14.245912550279726],[-91.0283278329575,14.246183738796391],[-91.02804980037394,14.246184354018288],[-91.02805106156535,14.24672673105757],[-91.02707794509443,14.246728881869373],[-91.0270773156541,14.24645769331016],[-91.02679928267894,14.246458307087032],[-91.02679865358377,14.246187118509509],[-91.02652062092737,14.246187731950407],[-91.02651999217753,14.2459165433546],[-91.02563042252952,14.245999807894643],[-91.02554750652583,14.246189876443452],[-91.02454368256045,14.246297488402439],[-91.02443600185637,14.246463511116021],[-91.02397224124903,14.246283647926887],[-91.02360221515855,14.246600936602254],[-91.02360377842547,14.247278908359739],[-91.02346476135901,14.247279213282756],[-91.02346194828478,14.246058864064329],[-91.02419957725131,14.245963494087633],[-91.02425933572671,14.245209645107192],[-91.02484929105343,14.244835462390714],[-91.02484866436136,14.24456427369118],[-91.02457063360434,14.24456488479273],[-91.0245700072574,14.244293696074905],[-91.02373591590313,14.244295527400418],[-91.02332011990103,14.244838819508688],[-91.02262504197309,14.244840342233456],[-91.02234638707438,14.244569761948526],[-91.02234545154228,14.244162978724539],[-91.0220671094933,14.24402799247684],[-91.02206586284002,14.243485614792927],[-91.02178783327928,14.24348622260849],[-91.02178721030423,14.243215033745269],[-91.02150918106236,14.243215641224978],[-91.02150855843225,14.242944452343501],[-91.02067447162376,14.242946272804081],[-91.02067385000257,14.242675083880307],[-91.01900567802402,14.242678715988337],[-91.01886604422043,14.242407829130043],[-91.01789294482172,14.242409941869239],[-91.01775454873217,14.242681432421085],[-91.01705947678954,14.242682938717646],[-91.01608884059058,14.243769800581058],[-91.01585019143133,14.243596055312786],[-91.01539330361763,14.243567910291876],[-91.01525475003324,14.24377160220967],[-91.01483770471084,14.243772501931232],[-91.01483709002088,14.243501312775136],[-91.01372497034677,14.243503708423873],[-91.0137243569973,14.243232519214143],[-91.01289026810207,14.243234312515705],[-91.01288965576127,14.242963123264193],[-91.01233359709711,14.242964317156163],[-91.01219488817694,14.243100210068121],[-91.01219702854424,14.24404937251397],[-91.01191899785876,14.244049968859715],[-91.01191960908929,14.244321158127866],[-91.01122453148942,14.244322647605326],[-91.01108490572521,14.24405175595441],[-91.0095557365138,14.244055024726404],[-91.00941732935475,14.244326510776121],[-91.00900028263146,14.24432740033436],[-91.00886073541814,14.244090405969182],[-91.00844371458467,14.244102682377648],[-91.00802687020536,14.244193878421603],[-91.00802778009465,14.244600662564078],[-91.00788876432547,14.244600958360792],[-91.00785249443507,14.243923058700538],[-91.00760891452137,14.24378798135996],[-91.00756211653973,14.24356217684241],[-91.00733027822862,14.243517382877165],[-91.00732846112109,14.242703814416407],[-91.00705043187129,14.242704405037584],[-91.007048615874,14.241890836486135],[-91.00677058760715,14.241891426748511],[-91.0064931639834,14.24216320623389],[-91.00641665791811,14.242494941673344],[-91.00590378757535,14.242808534011273],[-91.00584680090778,14.243249339855872],[-91.00560595338914,14.243304141167064],[-91.00560834356835,14.24279221042943],[-91.00583412924101,14.242740883893827],[-91.00593680472457,14.242028790379164],[-91.00607581896166,14.242028495771155],[-91.00614230503268,14.240672400552914],[-91.00607249628452,14.24053695307434],[-91.00565545630164,14.24053783655936],[-91.00565424914626,14.239995457315516],[-91.00537622313878,14.239996045877682],[-91.00537471509558,14.239318071759099],[-91.00523540098571,14.239182771072874],[-91.00467935091099,14.239183946832469],[-91.00467995328287,14.239455136516765],[-91.00412480507991,14.239863095554872],[-91.00412570769451,14.240269880090759],[-91.00384828271255,14.240541656578921],[-91.00357025595906,14.240542243060306],[-91.00357145818731,14.24108462245412],[-91.00315441703786,14.241085501604266],[-91.00315381641516,14.240814311892972],[-91.00259776216855,14.240815482937014],[-91.00259716222223,14.240544293196333],[-91.00204110858897,14.240545462922405],[-91.00204050931885,14.240274273152465],[-91.00148445629884,14.24027544156057],[-91.0014838577051,14.240004251761194],[-91.00106681840474,14.24000512720023],[-91.00106741650073,14.240276317016948],[-91.00051136339253,14.24027748315923],[-91.00051196083741,14.240548672992896],[-91.00023393393262,14.240549255590068],[-91.00023453105823,14.240820445429025],[-90.99995650380906,14.240821027714096],[-90.99995710061535,14.241092217558425],[-90.99870597634528,14.241094833887137],[-90.99870538103231,14.240823643990888],[-90.99773228536397,14.240825674341215],[-90.99773347367932,14.241368054207907],[-90.99759445966802,14.241368343945762],[-90.99759386566998,14.241097154009728],[-90.99703781025738,14.241098312128845],[-90.99697067640737,14.242183216612931],[-90.99690176236288,14.242454551218101],[-90.99676274766904,14.242454840493266],[-90.9966783850258,14.241993938022489],[-90.99648353284385,14.241913038880277],[-90.99648116213683,14.240828278964907],[-90.9962031347187,14.240828856880109],[-90.99620283856028,14.240693261877999],[-90.9964808658125,14.240692683968623],[-90.99648027317312,14.240421493971278],[-90.99666538177021,14.240330800233712],[-90.99647819903362,14.239472328931997],[-90.99620017327467,14.23947290678989],[-90.9961998771474,14.239337311772346],[-90.99647790274041,14.239336733920227],[-90.99647582877536,14.238387568794579],[-90.99619780434367,14.238388146606527],[-90.99605820008752,14.238117245324185],[-90.99494610353852,14.238119552642855],[-90.99494728496803,14.238661932862204],[-90.99480827255364,14.238662220924349],[-90.99480709145597,14.23811984069361],[-90.99411203099633,14.238121279733697],[-90.99411262070952,14.238392469880703],[-90.99383459617204,14.238393044941732],[-90.99383518556586,14.238664235093985],[-90.99355716068435,14.23866480984277],[-90.99355774975865,14.238936000000193],[-90.99300169929477,14.238937148549692],[-90.99300228771786,14.239208338723657],[-90.99272426213551,14.2392089125243],[-90.99272485023921,14.239480102703471],[-90.99244682431265,14.239480676191869],[-90.99244741209687,14.239751866376235],[-90.99216938582616,14.239752439552282],[-90.99216997329087,14.240023629741835],[-90.992030959985,14.240023916214133],[-90.99202978539965,14.239481535817527],[-90.99175175944222,14.239482108496691],[-90.9917511724999,14.239210918277678],[-90.99119512121165,14.239212062642371],[-90.99119453494524,14.238940872394501],[-90.99091650961448,14.238941444080053],[-90.9909159236923,14.238670253814709],[-90.99008184862122,14.238671966895385],[-90.99008126370676,14.238400776589861],[-90.98924718952044,14.23840248672382],[-90.98910876089842,14.238673961807896],[-90.98827497697111,14.238811263764587],[-90.98827585113999,14.239218049316644],[-90.9878588124478,14.239218901642884],[-90.9878576478909,14.238676520869848],[-90.98757962274439,14.238677088660337],[-90.98757874985664,14.238270303047488],[-90.98702182865742,14.237864651963122],[-90.98720664850534,14.237638370263369],[-90.98720567925803,14.237186297905659],[-90.98688068587471,14.236870482091465],[-90.98632473682353,14.236916901627385],[-90.98632560738008,14.237323687362371],[-90.98618659560422,14.23732397037993],[-90.98611766985256,14.237595302349014],[-90.98632676816497,14.237866068320653],[-90.98604932402552,14.238137824778448],[-90.98563248018522,14.238228981706625],[-90.98551615103368,14.237980802411027],[-90.98507565908618,14.237868612667116],[-90.98498011454174,14.237690307476623],[-90.9842410608053,14.237623744308735],[-90.98367409403482,14.23772500106943],[-90.98354717466314,14.238176802928116],[-90.98334878251465,14.238278901436066],[-90.98337070409816,14.239266694165462],[-90.98396725893537,14.239606594250258],[-90.98466238261939,14.239632197707323],[-90.98466382889,14.24031017393822],[-90.98494214558484,14.240445204714973],[-90.98494417167429,14.241394371323587],[-90.98474967084698,14.241476070790432],[-90.98473680756517,14.241937175634012],[-90.98494561897236,14.242072347426365],[-90.98503053704347,14.242804445219319],[-90.98522567588991,14.24302094901044],[-90.98453059943634,14.243022360640532],[-90.98453031019822,14.242886765425476],[-90.9841826276362,14.242819672863192],[-90.98411355352764,14.243023206647361],[-90.98383552290673,14.243023770247193],[-90.98383610056221,14.243294960700593],[-90.98341905411012,14.243295805510014],[-90.9834184769525,14.243024615039932],[-90.98258438496207,14.243026302440024],[-90.98258380881235,14.242755111930292],[-90.98230577845649,14.242755673738317],[-90.98230520265078,14.242484483211301],[-90.98202717261482,14.242485044684447],[-90.98202659715311,14.242213854140111],[-90.98035841867456,14.242217216114138],[-90.98035784521628,14.241946025496935],[-90.9800798157595,14.241946584681767],[-90.98007924264519,14.241675394047341],[-90.97952318435915,14.2416765114237],[-90.97943942916437,14.241486792376973],[-90.9788275398252,14.241406715632854],[-90.97882811143397,14.241677906323215],[-90.97855008224276,14.241678463716502],[-90.97855065353173,14.241949654411817],[-90.9774385353195,14.241951880791872],[-90.97743910529286,14.242223071525121],[-90.97716107537798,14.242223627321849],[-90.97716164503134,14.242494818059884],[-90.97688361477255,14.242495373543829],[-90.97688418410607,14.242766564286764],[-90.97674516880626,14.242766841912808],[-90.97674459963864,14.242495651164518],[-90.97646656936185,14.242496206162821],[-90.97646600053814,14.242225015397285],[-90.97590994061254,14.242226124400856],[-90.9757712096191,14.242361996846691],[-90.97577262964127,14.243039973809957],[-90.97549459865884,14.243040527697207],[-90.97549516635668,14.243311718482765],[-90.97521713503035,14.243312272057212],[-90.97521770240823,14.24358346284743],[-90.97452262321042,14.243584845394548],[-90.97368923503167,14.243925490334442],[-90.97362184766669,14.244942593854226],[-90.97383065560103,14.24507777545547],[-90.97383263593754,14.24602694324583],[-90.9736936185803,14.246027219156892],[-90.97359938680025,14.245304139387509],[-90.97308956046652,14.245214841271993],[-90.97302062507674,14.244512368229396],[-90.97257809380545,14.244402278406671],[-90.9725772474197,14.243995492090846],[-90.97229893318189,14.24386044684593],[-90.9722983692774,14.243589255946965],[-90.97202033748235,14.243589805809137],[-90.97201977392164,14.243318614893134],[-90.97007355334817,14.243322454786236],[-90.9699350986419,14.243593919454785],[-90.96918452613893,14.243676700355472],[-90.9691015630069,14.243866750837565],[-90.96854577818532,14.244003438333378],[-90.96854829576223,14.245223797947816],[-90.96813124483855,14.24522461616051],[-90.96813012688195,14.244682234092659],[-90.96785209358201,14.2446827791415],[-90.96785153495327,14.24441158808748],[-90.9668784194728,14.244413493170605],[-90.96687897693971,14.244684684262308],[-90.96660094358693,14.244685227853966],[-90.96660150073359,14.244956418950334],[-90.96604543332897,14.244957505183915],[-90.96604598982334,14.245228696295536],[-90.96576795577145,14.245229238937416],[-90.96576851194558,14.2455004300537],[-90.96521244314287,14.245501514387362],[-90.9652146653003,14.246586278876734],[-90.96479761167558,14.246587091341421],[-90.96479705661673,14.2463159002122],[-90.96451902118433,14.246316441439744],[-90.96451791176561,14.245774059141487],[-90.96423987698559,14.245774600023859],[-90.96423932262567,14.245503408854672],[-90.963961288166,14.245503949402444],[-90.96396018014512,14.24496156702423],[-90.96368214633772,14.24496210722683],[-90.96368186950579,14.244826511623092],[-90.9639599031472,14.244825971425879],[-90.96395879518467,14.244283589016858],[-90.96368048538976,14.244148533581109],[-90.96367993176372,14.243877342353555],[-90.96340189927248,14.24387788218953],[-90.96340134599002,14.243606690945157],[-90.96284528163652,14.243607769624347],[-90.96270709422414,14.244014825996244],[-90.96270930417396,14.245099591006735],[-90.96298733818803,14.245099051932185],[-90.96298761461088,14.245234647546255],[-90.96270958043077,14.245235186626138],[-90.96271179058976,14.246319951525608],[-90.96243375507007,14.246320490324427],[-90.96243430730689,14.246591681544572],[-90.96215627144352,14.246592220030314],[-90.96215682335993,14.24686341125485],[-90.96187878715297,14.246863949427343],[-90.96187933874891,14.247135140656457],[-90.96007210096312,14.247138630953065],[-90.96007155152527,14.24686743965471],[-90.95951547892615,14.246868510818125],[-90.9593770093769,14.247139969731396],[-90.95882093605603,14.247141039296796],[-90.95882148401128,14.247412230636627],[-90.95784835442673,14.247414099295911],[-90.95770988254175,14.247685557299322],[-90.95715380775466,14.247686623020659],[-90.95715489973816,14.248229005796178],[-90.95687686166328,14.248229538192186],[-90.95687740734017,14.248500729581277],[-90.95618340100056,14.249044441992892],[-90.95604499425167,14.24934979800739],[-90.95585961178386,14.249316253127098],[-90.95576525359775,14.248502855968422],[-90.95493113817068,14.248504447358082],[-90.95493168153456,14.248775638814656],[-90.9545146232844,14.248776433432004],[-90.95437614657313,14.249047889613903],[-90.95409810738765,14.249048418802555],[-90.95409864977816,14.249319610278251],[-90.95131825397601,14.249324884454255],[-90.95131879305711,14.249596076028231],[-90.95090173309069,14.249596864376576],[-90.95090119450775,14.249325672787004],[-90.95048413501405,14.249326460390858],[-90.95048467309886,14.249597651996085],[-90.94923349297048,14.24960001048178],[-90.9492340295722,14.249871202127608],[-90.94867794877763,14.249872248258765],[-90.94867848472637,14.25014343991909],[-90.94812240322253,14.250144484775225],[-90.9481229385183,14.250415676450126],[-90.94756685630517,14.25041672003126],[-90.94756739094801,14.250687911720577],[-90.94673326654772,14.250689474693747],[-90.94673380020542,14.250960666407888],[-90.9461777165515,14.25096170679093],[-90.94617824955616,14.251232898519522],[-90.94590020738019,14.25123341823536],[-90.94590074006398,14.251504609968052],[-90.94562269754472,14.251505129370264],[-90.94562376228144,14.252047512837718],[-90.94534571908676,14.252048031936532],[-90.94506927107687,14.252862125927843],[-90.94451212049199,14.252320779054681],[-90.94409505513043,14.252321555652934],[-90.943956563741,14.25259300613695],[-90.94367851981495,14.252593523312429],[-90.94367904989728,14.25286471509638],[-90.94312296134738,14.252865748495795],[-90.94312349077647,14.253136940294072],[-90.94284544615262,14.253137456517988],[-90.9428459752607,14.253408648320288],[-90.94228988531528,14.253409679816654],[-90.94229041377007,14.253680871633208],[-90.94173432311584,14.253681901853904],[-90.94173485091729,14.253953093684688],[-90.94145680524133,14.253953608319218],[-90.94145733272171,14.254224800153986],[-90.94090124067213,14.254225828471455],[-90.94090176749913,14.254497020320452],[-90.94062372112545,14.254497534003239],[-90.94062424763132,14.254768725856282],[-90.94034620091446,14.254769239225203],[-90.94034672709914,14.255040431082154],[-90.9400686800389,14.255040944137233],[-90.94006920590245,14.255312135998222],[-90.93979115849893,14.255312648739405],[-90.93979220959469,14.255855032463131],[-90.93951416151559,14.255855544900546],[-90.93951521199102,14.256397928619878],[-90.93937618761507,14.256398184727225],[-90.93937566253798,14.256126992865628],[-90.93868054144764,14.256128272161728],[-90.93868106569403,14.256399464048622],[-90.93840301690636,14.25639997521009],[-90.93840354083153,14.256671167100965],[-90.93784822747008,14.257078976326953],[-90.93784927405737,14.257621360112177],[-90.93812732436233,14.257620849553454],[-90.93812758618218,14.257756445490834],[-90.937849535711,14.25775695605469],[-90.93785058235326,14.25829933980899],[-90.9375725312065,14.25829985006891],[-90.93757357722804,14.258842233818791],[-90.93729604810054,14.259113935650532],[-90.93687896984777,14.259114699991937],[-90.93679472084138,14.258653773482715],[-90.93659987394838,14.258572825339469],[-90.93645980484449,14.258030695942834],[-90.93632077941115,14.25803095029798],[-90.93604038342242,14.256811094960282],[-90.93562252842489,14.256405069000083],[-90.93451033272557,14.256407097441981],[-90.93451085199885,14.256678289473902],[-90.93423280271445,14.256678795784202],[-90.93423332166638,14.25694998782001],[-90.93395527203876,14.256950493816198],[-90.93395579066939,14.257221685855896],[-90.93270469500055,14.25729175689352],[-90.93256709167915,14.25803778725754],[-90.93242806616945,14.258038039343885],[-90.93201279688941,14.25898796738679],[-90.93208631285846,14.261089579776199],[-90.93229524153723,14.26129259584078],[-90.932017186516,14.261293099727919],[-90.9320177029942,14.261564291738779],[-90.93173964762974,14.261564795311688],[-90.93174067995389,14.262107179334716],[-90.93132359588961,14.262107934116138],[-90.93090728457659,14.262515476213999],[-90.93097860224658,14.263464522629782],[-90.93063257482044,14.264278726627609],[-90.9300764573236,14.264279730405935],[-90.93007697159383,14.264550922418453],[-90.92993794204662,14.264551173165367],[-90.92986804175528,14.264347904494024],[-90.92938131039169,14.26428098330488],[-90.92924176773525,14.264010041593096],[-90.9289637092707,14.264010542013192],[-90.92896422220029,14.264281734071501],[-90.92854713398454,14.264282484108548],[-90.92826958726974,14.264554175804747],[-90.92813209358071,14.265368001706198],[-90.92716041543726,14.266183323647445],[-90.92702240622292,14.266725956871445],[-90.92668883065426,14.266807859095865],[-90.92660582361626,14.26699789571716],[-90.92577163691149,14.266999387087889],[-90.92549408354643,14.267271075676438],[-90.9249379583366,14.267272067672941],[-90.92493846657342,14.267543259800052],[-90.92466040361997,14.26754375532159],[-90.92466091153493,14.267814947452298],[-90.92416106079531,14.26814132203186],[-90.92410579946247,14.26835832182402],[-90.92368819671145,14.268087871416547],[-90.9236876899498,14.267816679257718],[-90.92340962661589,14.267817173329535],[-90.92327021525476,14.26761402610966],[-90.92281339343354,14.267643968893854],[-90.92278499544767,14.268360668180044],[-90.92306331248672,14.268495770903524],[-90.92304085423568,14.26890260035702],[-90.9224384259871,14.268903668800464],[-90.92243943661272,14.269446053150366],[-90.92252391396951,14.270042581099414],[-90.92299683234025,14.270123047189715],[-90.92299759137514,14.270529835383455],[-90.92285855803316,14.270530082103317],[-90.9228580521736,14.270258889970782],[-90.92174591280416,14.270328658813956],[-90.92160738392836,14.270600096974961],[-90.92132887607639,14.270363295552732],[-90.9205641301704,14.2703307471117],[-90.92035595742446,14.270534509190973],[-90.9202860636406,14.270331237624283],[-90.9197994055018,14.270309584166009],[-90.91970708964628,14.270535652744712],[-90.9199895254211,14.270621492072072],[-90.9203199638554,14.271113241539203],[-90.92052891130632,14.27118040636977],[-90.92056614270562,14.27141551591972],[-90.92077481944541,14.271482945838615],[-90.92077507115027,14.271618541928323],[-90.9200799425937,14.271642279396492],[-90.91980149775407,14.271439375228109],[-90.91968295723132,14.27092156279609],[-90.91952245986005,14.270915754120471],[-90.91944247234173,14.270613715847999],[-90.91924369021234,14.270536468350777],[-90.91892911101075,14.269587845458137],[-90.91840758145024,14.269504013683685],[-90.91832024810878,14.269266872933967],[-90.91757229199877,14.268912243364468],[-90.9171941567142,14.268467449425238],[-90.91645903606705,14.268371804525724],[-90.9163814209986,14.268175960602024],[-90.91618061205958,14.268176311291072],[-90.91604243728983,14.268643725303821],[-90.91534746202065,14.268746634810253],[-90.91524951522565,14.269458687857242],[-90.91551588125395,14.269593820283498],[-90.91555830962557,14.27000053621384],[-90.91503265637536,14.270408242049475],[-90.91498728012547,14.271357497472675],[-90.91535333767872,14.271953537848743],[-90.91646626005897,14.272304093700203],[-90.91716127239545,14.272215746671286],[-90.91729987732353,14.271982182538501],[-90.91862079434725,14.27202912553015],[-90.91862104477349,14.27216472165115],[-90.9189687561381,14.272231908868097],[-90.91938548317029,14.272027781026363],[-90.91944765122122,14.272238481870358],[-90.91998892495091,14.27256910445164],[-90.91966547643462,14.273066773311399],[-90.91892408559278,14.273113364973385],[-90.91897088664643,14.273384475776352],[-90.91938849394896,14.273654934216916],[-90.91945851352631,14.273926004027484],[-90.91943563044786,14.274106927956876],[-90.91921570305531,14.274197624397223],[-90.9191129309074,14.275011384339912],[-90.91911368324126,14.27541817257094],[-90.9193920070036,14.27555327932466],[-90.9193927598682,14.275960067522735],[-90.9189757750018,14.276028599438174],[-90.91886726385158,14.275795204055866],[-90.91814105382099,14.275758872842886],[-90.91786285552546,14.27569156266343],[-90.9177234024994,14.275465901257732],[-90.91730620970223,14.275421345209883],[-90.91725916047396,14.275014637972479],[-90.91688760370309,14.274608498702701],[-90.91605338794483,14.274609956826172],[-90.91605388582204,14.27488114909705],[-90.91591484968683,14.274881391838454],[-90.91591285890594,14.27379662269868],[-90.91521792994047,14.27393343125284],[-90.9152196689714,14.27488260432869],[-90.91531949018739,14.275192289719165],[-90.91581125678164,14.275254463215187],[-90.91591596957451,14.275491574436131],[-90.9166112767396,14.275558157922076],[-90.91661202461262,14.275964946264816],[-90.91716917027944,14.27650635750959],[-90.91750306345608,14.276587077563622],[-90.91779583732519,14.277047645447084],[-90.91856079364517,14.277181899194115],[-90.91837165621308,14.277404164769786],[-90.91835398996457,14.278131437965301],[-90.91856279759584,14.27826666765888],[-90.91856354912075,14.278673455807676],[-90.91814605846893,14.278470794288783],[-90.91800739543429,14.278674432398223],[-90.91836944207841,14.278999281341775],[-90.91884225265295,14.279011957126741],[-90.91894195538285,14.27925384269119],[-90.91939903466186,14.279349968631724],[-90.91947665641382,14.27954581121402],[-90.91995569262765,14.27962018077425],[-90.91995694947467,14.280298160816265],[-90.91972542313505,14.280434165375313],[-90.91974939541463,14.280840912471145],[-90.92023628599195,14.280975650331953],[-90.9203479939242,14.281246646070896],[-90.92034824555299,14.281382242057004],[-90.92004258173525,14.281518377772267],[-90.92007968540884,14.282196294471982],[-90.92035667925978,14.282487920661211],[-90.9213799710081,14.282871979347341],[-90.92139318128393,14.283549937936058],[-90.92112186825887,14.283686014281809],[-90.92107682694318,14.284364075872936],[-90.92121662543151,14.284770617761545],[-90.92135566754179,14.284770371759805],[-90.92143186219957,14.285510720220806],[-90.92163551905396,14.285719050945442],[-90.92117276106599,14.286081371994051],[-90.92111562201934,14.28653354921464],[-90.92094190221331,14.286579143483431],[-90.92088665052772,14.286805146819573],[-90.92090806548114,14.28707630167704],[-90.92169497844955,14.28775289086905],[-90.92166140408264,14.288973317310711],[-90.92145648413315,14.289109276525984],[-90.92145724145263,14.289516064153478],[-90.92137969583368,14.289801695251189],[-90.92119138701915,14.289889424591745],[-90.9211475331733,14.290330190219839],[-90.9203802956997,14.290454695471315],[-90.92003896320693,14.291206109749265],[-90.91982358190637,14.291267402158216],[-90.91970048446586,14.291959902045352],[-90.91921407265608,14.292096355619798],[-90.91843095941547,14.292891978623121],[-90.91841687318964,14.293352024519372],[-90.91859087057654,14.29345341577804],[-90.91861658332411,14.293699933386323],[-90.91859413118438,14.29521616207118],[-90.9184550826084,14.29521640663523],[-90.91837328224001,14.293938184473308],[-90.91789638424449,14.293861425294255],[-90.91809070470416,14.293644182827917],[-90.91809259879147,14.293125894315827],[-90.91761633687007,14.292804159549158],[-90.91760612429266,14.29264156779232],[-90.91781985706865,14.29256889226879],[-90.91808784904633,14.292098336668115],[-90.91861599838181,14.29198882530419],[-90.91863416474712,14.291826183681932],[-90.91914354493035,14.291554094516346],[-90.91950562064353,14.290417042810233],[-90.92008626453473,14.29006087289818],[-90.92011284255474,14.289382844297233],[-90.92025188751725,14.289382598862503],[-90.92034387410668,14.288975647423873],[-90.92032930833139,14.288297691404564],[-90.92004080426013,14.288027007909397],[-90.91927631260356,14.288163951920032],[-90.91918743827212,14.287979252438141],[-90.91844160860656,14.287928126868747],[-90.91837177334962,14.287758754122473],[-90.91784508404282,14.28762408272464],[-90.9178816157907,14.285861265317552],[-90.9191445850398,14.285735101766948],[-90.91913136990814,14.284977691996602],[-90.91899232763072,14.28497793670304],[-90.91885224053247,14.284413286382799],[-90.91860404761205,14.284203442433883],[-90.91812568255817,14.28420348837653],[-90.91801800549878,14.284423756790208],[-90.91755464396898,14.284460587572564],[-90.91725417401966,14.284913190683742],[-90.91676802516585,14.285185234972632],[-90.91667495211269,14.285004514325973],[-90.91621135692135,14.284915015773697],[-90.91611537790976,14.283152429487796],[-90.91560465537493,14.282610935418111],[-90.91537281313259,14.282577440783516],[-90.91524490279863,14.28205725932411],[-90.91481520280468,14.281788404161018],[-90.91468191963516,14.281521680635263],[-90.91398043424904,14.281501978881364],[-90.91384317759504,14.282478406444797],[-90.91370413675826,14.282478648021877],[-90.91370388908697,14.282343051933019],[-90.9133637793,14.282208045984792],[-90.91328513398992,14.281448894865068],[-90.91286801333814,14.28144961832429],[-90.91231286432235,14.282006472926831],[-90.91217289846179,14.281498228143073],[-90.91175559279485,14.281397252556873],[-90.91119953049773,14.281452504856084],[-90.91089425421909,14.281805529844535],[-90.91092237054039,14.281960411005313],[-90.91164561991586,14.282075425447758],[-90.9116494822148,14.282482208426439],[-90.9113869901219,14.282618258560854],[-90.9113414271864,14.283025126914055],[-90.91168927669345,14.283160122360956],[-90.91175912619548,14.283340885260749],[-90.91224581206062,14.283362554382485],[-90.91245400375975,14.283158799090836],[-90.9124544976378,14.283429991291271],[-90.91273258052085,14.283429509483813],[-90.91273282763031,14.283565105576944],[-90.91148153610658,14.283612558158238],[-90.91134300345016,14.28389299503261],[-90.91064784365992,14.283921208214203],[-90.91050919504531,14.284138348782305],[-90.9102307552549,14.28394231956299],[-90.90981364231048,14.283949923536861],[-90.90967504173209,14.284194076933606],[-90.90897980749833,14.28418176533213],[-90.90888932948116,14.283930590345516],[-90.90842302826559,14.283843729504719],[-90.90809657371587,14.284203143438077],[-90.90802069886882,14.284670975731805],[-90.90758987579443,14.284455341676292],[-90.90752072072625,14.284658854920428],[-90.90731220588259,14.28468622507174],[-90.90693147246427,14.286048933159677],[-90.90673409036937,14.286151762373633],[-90.9066203707991,14.286567750814937],[-90.90620341140897,14.286663803907091],[-90.90564660858303,14.286313844076208],[-90.90536899034771,14.286575975965347],[-90.90509039116577,14.28629016122697],[-90.90499535099752,14.28583983496051],[-90.90475580867283,14.285829648805791],[-90.90453375746584,14.28603342110267],[-90.9043937617366,14.285500276902047],[-90.90369862816324,14.285546743654526],[-90.90355869135465,14.285045379248235],[-90.90314137026832,14.284937502920876],[-90.9030019007358,14.284697796499902],[-90.90282210196362,14.284762456178061],[-90.90274150133884,14.285480566195595],[-90.90244770656052,14.285810255602918],[-90.90196465823648,14.285545704691947],[-90.90189518220336,14.28534189730561],[-90.90161262370907,14.28534687629647],[-90.90105783336212,14.286127492262864],[-90.9009049761516,14.286148142161673],[-90.9008427889207,14.28683973688494],[-90.90089572473003,14.287134941258044],[-90.90133831494867,14.287478219104987],[-90.9014549695563,14.287945989738319],[-90.90169333805433,14.288058673129335],[-90.90162903008812,14.289007958036454],[-90.90142100791992,14.289086171037834],[-90.90134159427387,14.289328101267007],[-90.90005510025854,14.28914620495167],[-90.89967368360942,14.289689232233535],[-90.89911740583409,14.289635873955662],[-90.8990482178189,14.289825878234188],[-90.89855377198359,14.289954622992244],[-90.89814550247031,14.290442077053353],[-90.89767280294744,14.290506163358351],[-90.89760182407784,14.291455458556815],[-90.8974174671182,14.291557463947408],[-90.89731443172138,14.29226951840241],[-90.89660653367952,14.29294868238581],[-90.8965589055851,14.293897938289257],[-90.89631635194199,14.294033938998142],[-90.89620603076483,14.294542610111897],[-90.89523393421007,14.295256109051218],[-90.89509630576246,14.296069917470058],[-90.89462879372594,14.296157030225395],[-90.89454073806095,14.296432342097932],[-90.89437224996347,14.2963709143527],[-90.89428913689981,14.295664466418097],[-90.894072315217,14.29552922894009],[-90.89436204228639,14.29363039561044],[-90.89431728386678,14.291867712830685],[-90.89402329362069,14.291550924615732],[-90.8934893380628,14.291530091307166],[-90.89341930420015,14.29123650247234],[-90.89328025763379,14.291236732262746],[-90.89327404151,14.290238040866905],[-90.89343594295741,14.290106413987633],[-90.89349023733327,14.289157147093388],[-90.89313608235577,14.288283768810308],[-90.89271898023362,14.288302995868872],[-90.89237396956288,14.288550922928327],[-90.89230274078014,14.288820115145842],[-90.89185523296696,14.28915984411536],[-90.89174791780722,14.289605477298235],[-90.89155105894262,14.289702731688326],[-90.89147128394434,14.290448645072294],[-90.89133223782942,14.290448873712286],[-90.89125175878145,14.290787997901115],[-90.89119588669237,14.292008460468201],[-90.88993088178032,14.292403290214537],[-90.88981605064211,14.29282430496808],[-90.8896133241513,14.292907001368881],[-90.88952981076554,14.293457470202288],[-90.88936554154485,14.29347839633847],[-90.88814254807647,14.295335580253282],[-90.88772535063498,14.295307128289839],[-90.88758542237413,14.294794101332062],[-90.88706942744768,14.29503700262348],[-90.88703003866691,14.29526959395567],[-90.8866124278737,14.29499907928327],[-90.88647581062223,14.29642306725271],[-90.88629034031314,14.296355570053946],[-90.88626596270427,14.295677625800002],[-90.88591833916526,14.295678189847633],[-90.88591903295728,14.296084979039243],[-90.88577998328745,14.29608520452279],[-90.88577952092365,14.295814011725351],[-90.88550142191005,14.29581446243976],[-90.88522286119921,14.29554372000784],[-90.88522193785327,14.295001334346559],[-90.8849438398201,14.29500178438428],[-90.88494337849487,14.29473059153544],[-90.88466528078531,14.294731041239263],[-90.88466481980308,14.294459848375359],[-90.8838305276162,14.294461195510136],[-90.88369193872569,14.294732612643154],[-90.88118905860226,14.294736635115218],[-90.88118951542823,14.29500782808343],[-90.88105046634304,14.29500805078662],[-90.8810500096836,14.294736857814144],[-90.88007666718677,14.29473841443081],[-90.88007712267974,14.295009607434132],[-90.8797990244687,14.295010051459345],[-90.87980039000504,14.295823630458433],[-90.87938324117083,14.295824295926268],[-90.87910559630068,14.296095932174396],[-90.87882545365716,14.294876006467451],[-90.87896450269716,14.294875785066397],[-90.87899881076011,14.294604536663202],[-90.87927469765374,14.294500280747746],[-90.87928799610653,14.294332882151624],[-90.87957015817297,14.294246095185567],[-90.87963239271538,14.29297636413271],[-90.88013385691339,14.292568773025204],[-90.88020899625316,14.290738094848408],[-90.88038111526107,14.290702331598462],[-90.88048618999075,14.290202679729063],[-90.88097525580613,14.289855489748803],[-90.88101281673107,14.289421095772632],[-90.88120413381691,14.289336306242756],[-90.88127659805133,14.28890582888939],[-90.88149186266492,14.288769887099782],[-90.88151393963219,14.288091867127592],[-90.88208097424689,14.28768416699438],[-90.88213898219243,14.286734895425724],[-90.88258670825392,14.286598579459577],[-90.88269296837912,14.285920424052252],[-90.88235448398592,14.284971789271522],[-90.88241419247373,14.283743905360044],[-90.88256094876907,14.283728573884472],[-90.88269819595942,14.282666088881152],[-90.88283723743743,14.282665865403978],[-90.88287656333074,14.282394608249563],[-90.88311473444388,14.282319011281553],[-90.88325298522419,14.28185161491693],[-90.8834891524545,14.281715637787752],[-90.88352877129945,14.280495201231732],[-90.88366781143135,14.280494977302968],[-90.88377179549319,14.279919317128925],[-90.8839987834243,14.279816459048194],[-90.88408249502503,14.279057033933789],[-90.88422987450295,14.2790107144624],[-90.88405551006241,14.2787575458097],[-90.88404589243346,14.27829038729358],[-90.88422012532864,14.278226015566577],[-90.88434293218054,14.277781949164199],[-90.88463600197036,14.27749518639783],[-90.88513628060322,14.2773738768992],[-90.88513605012075,14.277238280278288],[-90.88573088605489,14.276830526927418],[-90.88574683329519,14.276627105619243],[-90.88588587101681,14.276626880455224],[-90.88594719491881,14.275880997651448],[-90.88653740937814,14.27547324984494],[-90.88656562713155,14.272354472792763],[-90.88674910130753,14.272218578072561],[-90.88683544924899,14.270862467574393],[-90.88670951874785,14.270425689271661],[-90.88655071313151,14.270456138419696],[-90.88644769998842,14.270878192388906],[-90.88593195795372,14.270999529394116],[-90.88587658657693,14.271173882453857],[-90.88559815201872,14.270959284654973],[-90.88483353285518,14.271001305593527],[-90.88476439915476,14.27122732405159],[-90.88460218570685,14.271250361955603],[-90.88448801711631,14.27222223686402],[-90.88407096942213,14.272256808636136],[-90.88393141758435,14.271951940100415],[-90.88379238269872,14.271952164052006],[-90.88395344879659,14.27125140799933],[-90.88318879731457,14.271275149915342],[-90.88283935238707,14.271702630487132],[-90.88240127864685,14.271506823969778],[-90.8821150456171,14.27181926234726],[-90.88199318700298,14.27250459381308],[-90.88095321816094,14.272634705063004],[-90.8809878946459,14.27331263512907],[-90.88090367178495,14.273611507125553],[-90.88068253628195,14.273719914447911],[-90.88059835309504,14.27420443776477],[-90.87983375050241,14.274263657374732],[-90.87983397776236,14.274399254113744],[-90.87897676775067,14.274536216166645],[-90.87893073185707,14.274694397732926],[-90.87851326715163,14.274482661108905],[-90.87837500045073,14.274943963881341],[-90.87809709649945,14.275046102879521],[-90.87790895403681,14.274992639225506],[-90.87784040637757,14.274516304136846],[-90.8771227946932,14.274420510242983],[-90.8770293534894,14.273996917049653],[-90.8765653096016,14.27361548934571],[-90.87642461536066,14.272617271602686],[-90.87571461413395,14.272521726116919],[-90.87558987314407,14.27229892895167],[-90.87514338358591,14.272265732939424],[-90.87511677119178,14.272101575108252],[-90.8746161266071,14.271998016352448],[-90.87447674108202,14.27178609995313],[-90.87346698835462,14.271797218675603],[-90.87315643009441,14.272104652769038],[-90.87320899485627,14.272528576590679],[-90.8739220181562,14.272645841563511],[-90.87392224185267,14.272781438413494],[-90.87475651907047,14.272818794248936],[-90.87489616352879,14.273186699766843],[-90.87503519931549,14.273186480987041],[-90.87482776689025,14.273864793259724],[-90.87452699951282,14.274181747883526],[-90.8743417000805,14.274204550317295],[-90.87420184814209,14.273710846655478],[-90.87392369593636,14.273662817900801],[-90.87322929698313,14.27413849674693],[-90.87315605540252,14.274681000227336],[-90.87336945035112,14.27481626311819],[-90.87347598565205,14.275526921990233],[-90.87365809835717,14.275629393684888],[-90.87364998334273,14.276307392251077],[-90.87351094561926,14.276307610269273],[-90.87349754316458,14.276578825609839],[-90.87365054233071,14.276646384279706],[-90.8737524806752,14.277120814426455],[-90.8742072022577,14.276953252546994],[-90.87462511569142,14.27743592539625],[-90.87587661100616,14.277524263871513],[-90.87625024064512,14.276438897094675],[-90.87648228115583,14.276353252648036],[-90.8765297664391,14.276167261234534],[-90.87698657781945,14.276115689924266],[-90.87712519224458,14.275861225950361],[-90.8776464129702,14.275758702511721],[-90.8776808708282,14.275577763457367],[-90.87809805800941,14.275622389088166],[-90.87812625437111,14.277385106645339],[-90.87824071675742,14.277791716197894],[-90.87837975531592,14.27779149539701],[-90.87840786330602,14.279011824425071],[-90.8782082206672,14.279147738561784],[-90.8781167046883,14.280368257423152],[-90.87790949904785,14.280448037674951],[-90.8778288778609,14.280956389703972],[-90.87755124885012,14.281228024073487],[-90.87709704334527,14.281219739162927],[-90.87699473481983,14.28101782972156],[-90.87657758803422,14.28100339387363],[-90.876299807403,14.281184717290053],[-90.87629958214615,14.281049120572584],[-90.8760214446889,14.28101566058238],[-90.87591671420996,14.28074463174246],[-90.87574285746713,14.280711006806765],[-90.87546354058753,14.279965663270744],[-90.87490725634078,14.279891325486078],[-90.874628820472,14.279676450194293],[-90.87448914021527,14.279289211673838],[-90.87435010067524,14.27928943022642],[-90.87429375847694,14.278882727394606],[-90.87405702760013,14.278761273706666],[-90.87393132232494,14.27828449755186],[-90.87264802049803,14.278342919057724],[-90.87268095683817,14.278885256136475],[-90.87281999615671,14.278885038564248],[-90.87294709801986,14.279304078421259],[-90.8734062335853,14.27966963027122],[-90.87345849097441,14.2806468010474],[-90.8734001777383,14.280938214404316],[-90.87324052888017,14.280957003310112],[-90.8731010416217,14.280686027617522],[-90.8726838567421,14.28064801439448],[-90.87260683963649,14.279970149227509],[-90.87212600235752,14.279618401320377],[-90.87204006278583,14.279376473466748],[-90.87177786876134,14.27929345881005],[-90.8717080274198,14.279097587539784],[-90.87129126188606,14.279313550989743],[-90.87118897716672,14.279122497214091],[-90.87073467742913,14.279054081935813],[-90.87059478454646,14.278532568293766],[-90.86982887958015,14.277804923688764],[-90.86906413519348,14.277786776494251],[-90.86837007539258,14.278485170019373],[-90.8682310362492,14.278485384988237],[-90.86811031531438,14.278060241236886],[-90.86711784416207,14.277944714248994],[-90.86711839344323,14.278283706482437],[-90.86730092339606,14.278308849592003],[-90.86739696625484,14.278588370760637],[-90.86795394896023,14.27909600061081],[-90.86814678263329,14.279111063281963],[-90.86845873908791,14.279569810522874],[-90.86874923770993,14.279608027367821],[-90.86874778165128,14.27988134271133],[-90.86894870579793,14.280111440852991],[-90.86823368102982,14.28011254734296],[-90.86823346061865,14.279976950488587],[-90.86681681149469,14.279868963634318],[-90.86655706095206,14.279700926338917],[-90.8664660054795,14.280153939975467],[-90.86626411941047,14.28025118133005],[-90.86653153609538,14.280793158816136],[-90.86649743410922,14.281200002916407],[-90.865686188873,14.281065652662846],[-90.86568640777678,14.28120124954379],[-90.86489860980261,14.281292767693952],[-90.86458935066564,14.281579001872931],[-90.86425174223257,14.282559420278385],[-90.86404009710537,14.282669386962912],[-90.86404991738272,14.283119067415285],[-90.86420642146074,14.283169677069377],[-90.86434637230968,14.283734363080638],[-90.86476344157022,14.283697706585896],[-90.8651561397065,14.284209831623343],[-90.86571452646898,14.284319941926675],[-90.8653213464934,14.284772624346076],[-90.86481140374713,14.284728118819313],[-90.86486872819842,14.284321239418981],[-90.86434677238447,14.283983045621882],[-90.86430781338764,14.284496361817338],[-90.86448701526551,14.284728615583509],[-90.86372769152291,14.284802872040494],[-90.86351414928687,14.28500129717472],[-90.86345258136807,14.283781016270723],[-90.86374375531916,14.283644974469421],[-90.86368425156535,14.28269588480875],[-90.86378706286702,14.28178044647883],[-90.86393502531992,14.281755060780748],[-90.86392575901765,14.281565450682841],[-90.86378671791437,14.281565663102409],[-90.86377517620119,14.28105825043354],[-90.86403361116791,14.280661392540749],[-90.86395841339223,14.280254715718476],[-90.86373469925371,14.280119460205563],[-90.86370431001895,14.27971271483947],[-90.86345493393371,14.27957749822456],[-90.86369656618926,14.278356753991293],[-90.86347801375601,14.278221490290045],[-90.86336217971545,14.276943291790971],[-90.86313027963845,14.276866047703809],[-90.86291645426164,14.276459581615711],[-90.86210958833873,14.276164984729915],[-90.8618227520792,14.276461245143967],[-90.8617360255711,14.276909483608462],[-90.86124440729465,14.277275706725973],[-90.86091719636848,14.278225383901539],[-90.86007887961316,14.278904639146248],[-90.8600290156147,14.279311506461475],[-90.85986326493195,14.279421135231125],[-90.85975265870157,14.280396702483376],[-90.85905806804698,14.280783620273278],[-90.85891939620099,14.28101662232068],[-90.8578226422585,14.281077596392224],[-90.85780789142612,14.281538702405484],[-90.8570899869273,14.281869768665265],[-90.8564659011552,14.28288768351295],[-90.85599392479644,14.282978699455683],[-90.85615092755305,14.284470035152138],[-90.85600498994577,14.284489586591718],[-90.85586778105447,14.285656934868664],[-90.85572010033401,14.285691054869865],[-90.85591058593715,14.286368756664187],[-90.85568376586691,14.286504692905085],[-90.85561616044724,14.287725169428274],[-90.8556707242159,14.288056665623333],[-90.85587156386943,14.288063780960396],[-90.85595140984573,14.28832505709945],[-90.85617160891903,14.2883814031732],[-90.85618564224644,14.288842995497024],[-90.85573369047746,14.288809771978826],[-90.85564916705314,14.288077620063765],[-90.85542910418175,14.288021273292806],[-90.8553837349887,14.287318724656188],[-90.85517500830794,14.287217338170938],[-90.85503513970463,14.286692107287076],[-90.85486397023953,14.286641513486579],[-90.85475456353758,14.285104818769032],[-90.8542499656357,14.284744065432195],[-90.85394189753383,14.28406653687843],[-90.85318352862133,14.283970731958759],[-90.85308394603389,14.283762716513344],[-90.85288920027983,14.28374261261656],[-90.85287564620236,14.283932521965946],[-90.85264972816572,14.28394980630811],[-90.85266680044053,14.283751946599716],[-90.85286757805784,14.283721722409394],[-90.85286116244392,14.283525751360825],[-90.85309669171446,14.283402781980401],[-90.85311077750863,14.283118589287604],[-90.85266475956168,14.282441263367915],[-90.85308175287571,14.282355897148864],[-90.85319482538164,14.28189808836026],[-90.8534284315868,14.281762144435122],[-90.85338202248339,14.281084226424442],[-90.85316735324339,14.280999001956758],[-90.85307925820082,14.280755481016845],[-90.85266201507312,14.280678501453089],[-90.85253115243164,14.28000070818753],[-90.85230647458994,14.27993986287895],[-90.85206709776918,14.279594602325039],[-90.85210269087762,14.278645367788897],[-90.85233887428961,14.278509421144241],[-90.85237950449084,14.27783137391966],[-90.85261758781573,14.277695424200962],[-90.85257947948183,14.277288688315082],[-90.85237850774425,14.277190465654556],[-90.8523154338969,14.276882286639045],[-90.85226270139889,14.275365368147998],[-90.85223646062754,14.27525523400729],[-90.85181934839373,14.275255850282997],[-90.8517309102975,14.275576170961584],[-90.8515418483223,14.275626769363903],[-90.85097589091235,14.27525709424475],[-90.85084531684583,14.274760184071011],[-90.85069358224416,14.274715120006093],[-90.8505654945685,14.273630528546585],[-90.85042645813122,14.273630733055056],[-90.85056528483243,14.273494931354618],[-90.85056402646222,14.272681348170758],[-90.84975639023122,14.271868949759236],[-90.84915419309782,14.271852088591192],[-90.84889476117966,14.272141407832025],[-90.8490468415935,14.27241238020079],[-90.84903525836633,14.273090384812425],[-90.84804197802892,14.274020098070762],[-90.84792564082306,14.274832264081406],[-90.84720765209877,14.275104506478435],[-90.8470930096258,14.275872971195417],[-90.84667579230347,14.275805779881061],[-90.84657047705603,14.275127945449867],[-90.84634297623526,14.274992678718414],[-90.84627973260928,14.273501197620753],[-90.84597662150179,14.273198662105482],[-90.84550158419113,14.273231132014692],[-90.84542166158523,14.273977034490724],[-90.84528262485915,14.273977236002576],[-90.84520609003356,14.27445193835728],[-90.8449637963151,14.274587886823669],[-90.8448676123554,14.275356323932531],[-90.84417243448698,14.275363950119262],[-90.84389466473922,14.27556562883467],[-90.84375476328972,14.274996426876118],[-90.84361572591372,14.274996627429317],[-90.84349031031995,14.273234039673715],[-90.84329200537066,14.273098727842745],[-90.84322443777371,14.27160725149298],[-90.84301337142514,14.271471957757056],[-90.84295598664504,14.269709271147335],[-90.84277333335014,14.269596447579932],[-90.84263351398378,14.269077034188012],[-90.84246657790696,14.269031986599161],[-90.84239366838925,14.268044241196916],[-90.8420754286177,14.267785155678952],[-90.84151933738337,14.267812966633018],[-90.84138050853696,14.267948763172171],[-90.84096273941013,14.267503901510024],[-90.84077746568497,14.267542832969436],[-90.84051576067299,14.268221195405069],[-90.84082575203709,14.268864841356796],[-90.84097595389886,14.268887667550457],[-90.84096544845075,14.269305334002512],[-90.84054834666712,14.269305930303032],[-90.84054814298855,14.269170332918227],[-90.84026999380468,14.269116438118752],[-90.84013051817132,14.268822135968747],[-90.83999148452982,14.268822334323167],[-90.83985198284681,14.268510287799483],[-90.83943485710222,14.268493932443025],[-90.83931852501858,14.269328606541915],[-90.83908869308061,14.269443609010935],[-90.83913793971162,14.269870724632632],[-90.83957598933878,14.269894995821428],[-90.83995329992666,14.270431022186706],[-90.84044318833892,14.270526459550657],[-90.840503405209,14.272017947715211],[-90.8407027938033,14.272153260384368],[-90.84047658938934,14.272967169507915],[-90.84048697693373,14.27472992378377],[-90.84041791659381,14.275035117091027],[-90.84023266327938,14.275091792422272],[-90.84017592412083,14.275916847174502],[-90.84023456355516,14.276357455647574],[-90.84041995356873,14.276391090222347],[-90.84071427357286,14.276899160459704],[-90.84054133096058,14.277016996263884],[-90.84044977479935,14.27771312409917],[-90.84016409272661,14.277984727365238],[-90.84023741411906,14.278255817814117],[-90.84042280569291,14.278289452346787],[-90.84056276792714,14.278903149102666],[-90.84097948081097,14.278632417197274],[-90.8413973248724,14.279113031142563],[-90.84264866698031,14.279099846337326],[-90.84278687582481,14.278550371518046],[-90.8429413763684,14.278538231389367],[-90.84306422952444,14.278070878586917],[-90.84351792233183,14.277745002557232],[-90.84357292041592,14.27730184767461],[-90.84382757384448,14.27716588273737],[-90.84389647580461,14.276758990645666],[-90.84431359115777,14.276758388178399],[-90.84463920640287,14.27757150257271],[-90.84465901728701,14.280419021704882],[-90.84487552432414,14.280554305808485],[-90.84495566458205,14.281018981933052],[-90.8451544322901,14.2810962917476],[-90.8454800571296,14.281909404489245],[-90.8454347891793,14.282587457488063],[-90.84520321389851,14.282723390738715],[-90.84515877162723,14.283943832281608],[-90.84501972878036,14.283944033777662],[-90.84496331387346,14.28345601763211],[-90.84474081746505,14.28340204788155],[-90.84474019827637,14.2829952563819],[-90.84460094969712,14.282859860448749],[-90.84432286531585,14.282860262678216],[-90.84432327760231,14.283131457027915],[-90.84404519287942,14.283131858940576],[-90.8440456048415,14.283403053292037],[-90.84321134962211,14.283404257105596],[-90.84321176059395,14.283675451474645],[-90.84307271788335,14.283675651830043],[-90.84307230707799,14.283404457457054],[-90.84251613687994,14.28340525805105],[-90.84251572674913,14.283134063656094],[-90.8422376419702,14.283134463458019],[-90.842237232181,14.282863269049068],[-90.84154202102836,14.28286426711365],[-90.84154242998518,14.28313546154247],[-90.84126434517616,14.283135860207842],[-90.8412647538085,14.283407054638431],[-90.84098666865789,14.283407452987062],[-90.84098871028347,14.284763425086227],[-90.8401544497853,14.28476461830161],[-90.84015485713705,14.285035812726553],[-90.83973772635959,14.28503640825002],[-90.8395990894571,14.285307801029738],[-90.83918195815448,14.285308395590596],[-90.8390770154667,14.284867853133672],[-90.83887522304852,14.284766442260386],[-90.83857562873766,14.282732905397417],[-90.83834364391804,14.28259763754585],[-90.83855180173312,14.28232614662067],[-90.83852756951977,14.281648193284166],[-90.83834212479714,14.281580658021289],[-90.83822759346631,14.281081599184695],[-90.83806326591733,14.281061175044822],[-90.83794626375844,14.280270531771933],[-90.83778397039003,14.28024798582689],[-90.83745288203606,14.279666603739905],[-90.8369485027618,14.27942657904882],[-90.83680900584154,14.27911956300401],[-90.83604431916893,14.27914315433149],[-90.83597510078823,14.279346648399484],[-90.83569702046992,14.279347040461928],[-90.8356974223247,14.27961823513522],[-90.83546571024283,14.279663849068362],[-90.83542054628118,14.280432210886685],[-90.83518230597156,14.28047121277507],[-90.83514293283902,14.280749084384347],[-90.83494215513048,14.280779293632527],[-90.83486528495311,14.28104318145301],[-90.83465662296597,14.280975675925724],[-90.83464048959408,14.279429832706027],[-90.8344456589335,14.279348800725609],[-90.83444525858513,14.279077606011391],[-90.83416717855337,14.279077996280641],[-90.83416697854881,14.278942398917378],[-90.8344450584141,14.278942008651944],[-90.8344444579136,14.278535216564428],[-90.83361021979053,14.278536386352036],[-90.83361002012718,14.278400788974892],[-90.83444425775099,14.278399619198884],[-90.83444385743206,14.278128424463052],[-90.8347219362904,14.278128033896126],[-90.83472153564698,14.277856839161919],[-90.83499961416408,14.277856448278168],[-90.83499881223685,14.277314058806565],[-90.83527689007983,14.277313667613681],[-90.83527648879603,14.277042472876387],[-90.83541552754794,14.27704227716214],[-90.83541592899809,14.27731347189561],[-90.8361111235582,14.277312492087626],[-90.83610991673676,14.276498907926893],[-90.83583163895437,14.276363702700795],[-90.83583023227172,14.275414521071662],[-90.83610830775972,14.275414128959305],[-90.83610710111576,14.274600544668807],[-90.83582882569235,14.274465339366898],[-90.83602321043386,14.274248162008018],[-90.83610529129217,14.273380168128966],[-90.83582721829976,14.273380560183133],[-90.83554874380452,14.273109757093712],[-90.8355479408411,14.27256736743689],[-90.83526986882988,14.272567758818825],[-90.83526946769354,14.272296563973493],[-90.83499139600664,14.272296955023183],[-90.83499099521141,14.272025760163917],[-90.83471292384877,14.272026150881413],[-90.8347117225116,14.271212566243394],[-90.8344336521386,14.271212956613256],[-90.83443325204236,14.270941761713823],[-90.83387711193649,14.270942541464928],[-90.8338767125139,14.270671346543846],[-90.8334596079115,14.270671930493961],[-90.83346000683504,14.270943125426545],[-90.83318233535617,14.271214709262882],[-90.8327652297243,14.27121529201935],[-90.83276483162403,14.27094409707377],[-90.83248676152503,14.270944485164938],[-90.833042104874,14.270401318763726],[-90.83304130806671,14.269858928844652],[-90.83248517053812,14.26985970528995],[-90.8324839773858,14.269046120318945],[-90.83192784181963,14.269046895420507],[-90.8319276433008,14.26891129791229],[-90.8322057109217,14.268910910527485],[-90.83220531355781,14.268639715514105],[-90.83248338083777,14.26863932781258],[-90.83248238663285,14.267961340271173],[-90.83164779059265,14.267691307294626],[-90.82735827140148,14.26980861966125],[-90.81660745848721,14.284288753163727],[-90.81407950366106,14.286530825171457],[-90.80813291065665,14.285447934327637],[-90.80277368637286,14.283388292457115],[-90.80041876155913,14.283046855310781],[-90.79794974523334,14.285460894463858],[-90.79754215997293,14.288848196305999],[-90.79842669611222,14.290052557184499],[-90.79967035285132,14.29573391353438],[-90.80013886730077,14.301658801741153],[-90.8004587432443,14.308477893026776],[-90.80249431475039,14.319841126609832],[-90.79940199195693,14.331968570394537],[-90.79921018089756,14.334427001228306],[-90.80069028077811,14.340595953423195],[-90.80364261328305,14.346906518838363],[-90.80526876159348,14.352070694318737],[-90.80645025644893,14.354939314992382],[-90.80881058367328,14.358667438448013],[-90.81176477995048,14.365982431324062],[-90.81324005434274,14.368276597067384],[-90.81324305022778,14.370429197635941],[-90.81634315293958,14.376595872706392],[-90.81973215305182,14.37874392150019],[-90.82636583484783,14.384905653851868],[-90.82651993417419,14.389641158662853],[-90.82814399970022,14.392796054589219],[-90.82814840147203,14.395809684627636],[-90.82682460902733,14.39667255704932],[-90.8271224087637,14.39896824845385],[-90.82816014451834,14.403846027640673],[-90.82845880898797,14.40671573964637],[-90.82801794471075,14.407290377431151],[-90.8274308898511,14.408582748682129],[-90.82831808269461,14.411164630664855],[-90.82567051871608,14.413033877708859],[-90.82523275592288,14.415761100201365],[-90.82553056907668,14.418056789724838],[-90.82450216008722,14.419636773963855],[-90.82340562899157,14.420786328474454],[-90.82297806308016,14.422102387531387],[-90.82175402848915,14.424196858157451],[-90.82003795157743,14.425454870810267],[-90.82028857526706,14.429101979611154],[-90.8199838552971,14.430537454628723],[-90.8199863317108,14.432271483752594],[-90.81912889896765,14.43334894126872],[-90.81820959309476,14.434067713902236],[-90.81526605758745,14.435147962857707],[-90.814532394301,14.43700256348108],[-90.81312321190413,14.438439500229839],[-90.81275632594343,14.439336900474473],[-90.81275782922616,14.44041319439582],[-90.8131272253767,14.441309617252221],[-90.81331698764042,14.44537537054883],[-90.81258302582711,14.447050582292984],[-90.81258377745515,14.447588728923265],[-90.81148023186705,14.448247926089378],[-90.81099010667158,14.448786721053896],[-90.81056299834889,14.450521315528263],[-90.81105720170652,14.452912430269354],[-90.81234860896951,14.454943722662838],[-90.81320883461402,14.455779698342893],[-90.81382370494637,14.4566757918711],[-90.81382462789458,14.457333526023207],[-90.81308954424908,14.458231416239236],[-90.81315718707134,14.462715884662275],[-90.81169414590585,14.469653940529934],[-90.81169781635793,14.472284874559467],[-90.81078099077405,14.474917025794507],[-90.80961685165293,14.476234029923953],[-90.80888210376683,14.477430876837234],[-90.80833574442013,14.481736764453073],[-90.80796976160079,14.483351682733167],[-90.80815543638958,14.484487525807484],[-90.8095100344072,14.487714622506303],[-90.8097574234271,14.489089558349047],[-90.80963659126067,14.490464979113847],[-90.80902512016901,14.492080221255481],[-90.80865730672419,14.492379674499318],[-90.80942560696292,14.494810838859575],[-90.8116033323497,14.495164339945122],[-90.81633558977948,14.497053961855801],[-90.81650218258763,14.49833182349491],[-90.81720796412246,14.500072137528775],[-90.81700894149304,14.505121322213334],[-90.81575820543699,14.506579136082749],[-90.81188846216645,14.508864318110174],[-90.80676065559476,14.511214153661049],[-90.80243533374117,14.512125819507956],[-90.8017629149217,14.51259389637364],[-90.79865377816493,14.513267267376241],[-90.78826635333196,14.516772531969456],[-90.78714635560326,14.517883518191962],[-90.78627110934256,14.522419066934576],[-90.78632648287089,14.524311431660717],[-90.78521953325073,14.528298123779711],[-90.78558377648618,14.533693592203802],[-90.78811851394849,14.535777669953356],[-90.79209946616874,14.538126104682181],[-90.78873922672133,14.5391764213946],[-90.7869795324294,14.54006449497575],[-90.78801569931731,14.54284484317162],[-90.7942382222766,14.540923604361524],[-90.7979409807903,14.543162039112467],[-90.80177368929142,14.546220507061763],[-90.80594112655616,14.546218943821993],[-90.80950491876672,14.54681592812589],[-90.81367556178978,14.546668555256975],[-90.81771966721558,14.547657313350225],[-90.82052528702731,14.546175601573617],[-90.82440978676702,14.54635630908583],[-90.82730691839132,14.54760531719307],[-90.82900762156433,14.549720810386178],[-90.83008020278355,14.559451097613833],[-90.83596318720336,14.560269136482244],[-90.84021388787512,14.56264986207844],[-90.8440107699029,14.563410034258137],[-90.84467348853357,14.563890529864485],[-90.85164435569118,14.564241574608008],[-90.85389590747343,14.563218592799414],[-90.85537717723344,14.565459557670225],[-90.8553332258727,14.566287077001041],[-90.85748972739589,14.570722067931314],[-90.85781608063915,14.576133110149446],[-90.8575300146105,14.582629631111146],[-90.85514040475043,14.58932482328915],[-90.85246712862573,14.592663887354313],[-90.84809450945825,14.594879210465983],[-90.8392409434201,14.597135445565199],[-90.83005194418101,14.597568604926584],[-90.82147488769908,14.600110195514361],[-90.81809652377724,14.604611196019123],[-90.81685256597916,14.608194662502537],[-90.8168350925194,14.609553253528185],[-90.81624700163344,14.610436639619573],[-90.81572211411321,14.612963993801548],[-90.8153139130863,14.622457877224342],[-90.81498240729861,14.626185402143816],[-90.81844789319224,14.62459483684798],[-90.82019059699346,14.626138197260754],[-90.82640857644155,14.633276990160148],[-90.82728839369959,14.633577735016383],[-90.82835841669815,14.63482562486245],[-90.82995614920883,14.635436889957912],[-90.83118802992472,14.636861345919622],[-90.83587386639643,14.639953431062949],[-90.83821001785043,14.642283805057083],[-90.84271891958961,14.648720795855775],[-90.84531582281548,14.650680807864635],[-90.85093367085616,14.652116411723815],[-90.85353060740906,14.6534302777964],[-90.85611646992261,14.655885930214406],[-90.85776779271453,14.655783684361731],[-90.86048165206887,14.656356480757653],[-90.86505223953245,14.655267868978937],[-90.8664312240065,14.655314414209455],[-90.87018391453798,14.658361200530237],[-90.87095897409368,14.659795993038284],[-90.87271117504542,14.658982979657901],[-90.87431726864955,14.657438957302778],[-90.87454057672845,14.65479569808813],[-90.87524100326532,14.65410632371529],[-90.87513581228633,14.65328421389579],[-90.87565315614519,14.65311273790058],[-90.87824949100828,14.647819850359967],[-90.88111340271081,14.643943499408723],[-90.88172850900655,14.643736751480306],[-90.88397557508087,14.64114463633514],[-90.88476715713051,14.639228274693185],[-90.88693058885138,14.637767472448294],[-90.88763029600844,14.63755105471777],[-90.88844110939486,14.637657330672026],[-90.88892062032077,14.637943535691504],[-90.88951231834913,14.639162319369467],[-90.89002912452847,14.639699589198512],[-90.89084045498058,14.640092860960033],[-90.89268344093367,14.640448516486074],[-90.89356764116125,14.64037527224882],[-90.89430285059045,14.639405385924775],[-90.89474328030227,14.638435997248552],[-90.89510956377818,14.6372156040209],[-90.89521811224812,14.636103274657938],[-90.89580630199364,14.635348887081097],[-90.89643223552467,14.63509669294666],[-90.89764893203878,14.635525126566174],[-90.89861120735006,14.637891273688155],[-90.89923837736407,14.638320706848392],[-90.89993852819862,14.638355381014312],[-90.900527553472,14.638067363607222],[-90.9009316929921,14.637420906874302],[-90.90007902342326,14.634552322605725],[-90.90011378922699,14.633404242401674],[-90.90055457228372,14.63265009636819],[-90.90110627995587,14.632111012409965],[-90.90243174013364,14.631570591819848],[-90.90364783770838,14.631676114751201],[-90.90608161905058,14.632748153646249],[-90.90707665029653,14.632854043747638],[-90.90870358654712,14.632089637048328],[-90.91205870896725,14.635960745713357],[-90.91559263942463,14.64225454475086],[-90.91658125700859,14.647208489522082],[-90.91646775120893,14.648231961244592],[-90.91685446454748,14.648621723946569],[-90.91604703412983,14.651930795309942],[-90.9163855820298,14.65624976784877],[-90.91828905763118,14.660039459049107],[-90.91867276324291,14.662714238274638],[-90.91959953173605,14.664338896839006],[-90.92085746390123,14.669291864249397],[-90.92167604605676,14.670397096640068],[-90.93439672750085,14.669665663284446],[-90.93738584212053,14.671314248095634],[-90.93728837812085,14.671809252035988],[-90.93844205379904,14.673321787767794],[-90.93897781039192,14.675150756294201],[-90.93860377217533,14.678911075245223],[-90.93933706401711,14.682569399475174],[-90.94015505071461,14.683319898926483],[-90.9448359766581,14.684807213963403],[-90.94593249876247,14.686052645238565],[-90.94719340950724,14.689764202249272],[-90.95195344132249,14.693493122225545],[-90.95839901152506,14.695117764892222],[-90.95908960990003,14.698975621765054],[-90.95988896378154,14.710864438592862],[-90.96054393689577,14.711691391184898],[-90.96086303188123,14.713570388400708],[-90.96063019104477,14.71708351145299],[-90.95994420051623,14.718779705412622],[-90.95520613943197,14.720842275033087],[-90.95030540371755,14.721426976852209],[-90.94815503458669,14.720851066418401],[-90.94275020329695,14.717766901742227],[-90.94229332409586,14.718593056725311],[-90.94146270171686,14.728573079792023],[-90.9417369579834,14.731440034688882],[-90.94286993615107,14.73642460798985],[-90.942742216708,14.739581669530855],[-90.94134601470178,14.741673580576338],[-90.94066232428452,14.741803037475723],[-90.93935023905189,14.743400943323874],[-90.93855891402129,14.745284735684724],[-90.93797123497693,14.745817154280976],[-90.93795259358362,14.74662573758817],[-90.9372180821808,14.746911736262934],[-90.9353965174126,14.749480982346723],[-90.93424428458843,14.750120171509913],[-90.93409005390868,14.750842823796875],[-90.93322884460305,14.750961631596057],[-90.93081615210478,14.754169378802557],[-90.93060306784905,14.755835790274634],[-90.93093343419334,14.757355709293225],[-90.93323504275281,14.759706535526346],[-90.93532289411033,14.776092150215872],[-90.93706901195795,14.78129571375886],[-90.93780950664234,14.782786542669943],[-90.93118419263358,14.78800890169753],[-90.93042253432326,14.788142128233789],[-90.92955405360718,14.789133966893571],[-90.92378760625759,14.792937184805973],[-90.92402560702341,14.795193860769759],[-90.92528412668561,14.797080201564626],[-90.92577770578082,14.797123049755927],[-90.9297558426704,14.801453280092138],[-90.93585960032333,14.81182743206598],[-90.93575317955991,14.81319547054059],[-90.93435106612078,14.81486476339741],[-90.934639408643,14.816720908669506],[-90.93745293281808,14.820740154822898],[-90.93704996035808,14.82424147434418],[-90.93425497392421,14.828545881001453],[-90.93432283221372,14.829348454294692],[-90.93380061975247,14.830356952135517],[-90.93426471623215,14.835471103354868],[-90.93676815832586,14.83908661024593],[-90.93971606634582,14.841452304951012],[-90.94187385754644,14.843754418992644],[-90.9448556677179,14.850223959212643],[-90.9460096735665,14.854369499918418],[-90.94761973803678,14.866725177736955],[-90.94739113894838,14.873766896235889],[-90.94789371629606,14.880797084743127],[-90.95001603746843,14.888247265084086],[-90.95033937085128,14.891454639080479],[-90.9512292641042,14.893030389593905],[-90.95243739737026,14.896943726998751],[-90.95193537778654,14.898382782418953],[-90.95121557543362,14.90534555881804],[-90.94471547098789,14.915934227191622],[-90.94281577635317,14.917571912594852],[-90.94279351329986,14.918386100356127],[-90.94160137655778,14.919884423434166],[-90.94097893491346,14.924317848801028],[-90.94214932322288,14.924314829716122],[-90.94292773421957,14.924486742396146],[-90.9434544389736,14.924986211529646],[-90.94389886124176,14.925770709898302],[-90.94454097003819,14.925984316052544],[-90.94526544601727,14.925903853376377],[-90.94700413313807,14.924897247975238],[-90.94985041627712,14.922790228551127],[-90.95060029238458,14.922357563544846],[-90.95140386088659,14.92226536258076],[-90.95430183226027,14.924203598892674],[-90.95776928525756,14.924520360743923],[-90.96283275499432,14.925775254419593],[-90.96403492232608,14.92653258522691],[-90.96448280385954,14.927020014856112],[-90.96521312342989,14.9286643466373],[-90.9658388427926,14.929450425704637],[-90.97085024171463,14.932682524076585],[-90.97246353309387,14.933026666944931],[-90.97302161828968,14.935020740441226],[-90.97365048019873,14.935477003581763],[-90.97510564969188,14.935775675489566],[-90.97816113032947,14.93545143991598],[-90.98458062108193,14.935601891599296],[-90.98548618983114,14.935477719078126],[-90.9878467647885,14.934487565321032],[-90.98939788513995,14.934215438653062],[-90.99030825380754,14.934761112348605],[-90.99068627453138,14.936710654500683],[-90.99232805727416,14.936372662787935],[-90.99319839791457,14.936414195493091],[-90.99552607921122,14.937840920773453],[-90.99631503138085,14.93807826942436],[-90.99902668081954,14.93812913869016],[-90.99969705560021,14.936619141152532],[-91.00016523921387,14.936117195281838],[-91.00140283269504,14.935579054558373],[-91.00171416869117,14.934889356641563],[-91.00187031975473,14.93389558023035],[-91.00228412791154,14.933179668185117],[-91.00301040062047,14.932844885196166],[-91.00567505871136,14.933197982122929],[-91.00779684905316,14.932391903833498],[-91.01018118675968,14.93246801987888],[-91.01485133528726,14.931206230618338],[-91.01715124553411,14.924338075279104],[-91.02113404438127,14.917744236883296],[-91.02801747119504,14.909587121132112],[-91.02908727335132,14.906658300463917],[-91.0293476294618,14.903960848497356],[-91.02699214613745,14.899537468607322],[-91.0265208894463,14.894973303834808],[-91.02670650294561,14.891491280482537],[-91.02620511307225,14.884751285659712],[-91.02497382739605,14.88055446477145],[-91.03098772456384,14.875071228829617],[-91.03287685894395,14.872887005387758],[-91.03918955797411,14.864750401899656],[-91.04116762933971,14.861506165376857],[-91.04194187193755,14.85929538492004],[-91.04273670476354,14.858535169246078],[-91.04521035922812,14.846919173596667],[-91.04486780028147,14.843687879375954],[-91.0407412386867,14.834271482858615],[-91.03991940478568,14.833011761653385],[-91.0382107704375,14.831906008628087],[-91.03601557415003,14.83093277200138],[-91.03463698470121,14.830959402694758],[-91.02571799106144,14.832921918493211],[-91.02350196659783,14.832714244347073],[-91.02185053828313,14.83049962052196],[-91.02022801469236,14.827791612252899],[-91.0198317600015,14.825398011948577],[-91.02109310548865,14.823382395113134],[-91.02437012711931,14.82162806930034],[-91.02578540192673,14.821518219072184],[-91.03012014924167,14.8188025599592],[-91.0321951616529,14.817767531093391],[-91.0497745232882,14.809688004589129],[-91.05599812574704,14.808200518571265],[-91.05573052686944,14.898215549633688],[-91.33601473962432,14.898215523136942],[-91.33626752176538,14.875636159958974],[-91.33726664888654,14.875676871545277],[-91.34971137223546,14.865920681354327],[-91.3635303546069,14.855709605730093],[-91.3620479121809,14.85143982983018],[-91.36896297016713,14.845337771572066],[-91.37628564632128,14.840627521710326],[-91.37582004242721,14.84185101763356],[-91.37627650133027,14.842255830432135],[-91.37659630210605,14.842302441924332],[-91.3768206509788,14.843066855420272],[-91.37764535864243,14.843338728278143],[-91.37866872988172,14.84410009084016],[-91.37935532786766,14.843655043575236],[-91.38044897710323,14.843555199864893],[-91.38170553490508,14.844219995014248],[-91.3823806092641,14.8439663006813],[-91.38387442519065,14.842513726740208],[-91.3846711468005,14.84194866314037],[-91.3877077751831,14.84203261887255],[-91.38802659762185,14.841840071894785],[-91.3881216658779,14.841038564404801],[-91.38853706781778,14.840415177413476],[-91.38916524555512,14.840120990026264],[-91.39026581316622,14.839915849300377],[-91.39146025518272,14.838619830124559],[-91.39227575007757,14.838444483306306],[-91.39362486688204,14.838898404175675],[-91.39475162429612,14.83788960977939],[-91.39588238659712,14.837856508945743],[-91.39696634564918,14.838397538032938],[-91.39745096142774,14.839065256577218],[-91.39800149780389,14.839024843240235],[-91.3990122838133,14.838513903856194],[-91.39928798196482,14.838598920434213],[-91.3998320053568,14.839362060317539],[-91.40112063092677,14.839452674253419],[-91.4020377013441,14.840058101798386],[-91.40577554552358,14.840282555890118],[-91.40857026386254,14.841023044244398],[-91.4094167839322,14.840625108923158],[-91.41033510208067,14.839760550590977],[-91.41114443790364,14.839291010951666],[-91.41187851287275,14.838463050011736],[-91.41221070360494,14.838533476726983],[-91.41306247474535,14.839391020779974],[-91.4128373018033,14.838459246366678],[-91.41349897118396,14.837954414697657],[-91.41401765129,14.83852630234852],[-91.41475698992602,14.838953823612654],[-91.41554624723781,14.84010164871391],[-91.41557612322892,14.840815896361878],[-91.41621020602491,14.841050228649914],[-91.419082963763,14.844825531944329],[-91.41942321949549,14.846045574427965],[-91.4221350001754,14.848772864646481],[-91.42308203202931,14.849402334280134],[-91.42843170983218,14.851870846554196],[-91.43150881376809,14.853899119301833],[-91.43367307435953,14.854972386670925],[-91.43852577081954,14.856990208022676],[-91.44304435410659,14.860153252372251],[-91.4459407897979,14.863076589214254],[-91.44758877075252,14.862907520389308],[-91.45037101069758,14.861847351743148],[-91.45348233247613,14.858696482042784],[-91.45518930471319,14.857469726364878],[-91.45723795460238,14.856532171364632],[-91.46378424407071,14.855053790586386],[-91.47116177140587,14.855760382449043],[-91.47238429200051,14.849512536546964],[-91.47256206712163,14.84646400613499],[-91.47148560072188,14.845044619687027],[-91.46924506186033,14.84423101990753],[-91.46822034985655,14.843930807645865],[-91.46482994940845,14.843889047156264],[-91.4627881152837,14.843006180400469],[-91.46076898209293,14.840783850954645],[-91.4589778499232,14.83281555190975],[-91.45890917993488,14.828034235940807],[-91.4575476876107,14.826863284345905],[-91.45689562732832,14.825162357630402],[-91.4555360508001,14.823225070991517],[-91.45405701543751,14.822125011617164],[-91.45401453794467,14.81922633507217],[-91.45361022126976,14.818002603482743],[-91.45387857489406,14.81599928189525],[-91.45375279263793,14.815282525454094],[-91.45257689486073,14.813165200279869],[-91.45205323179096,14.812808585784321],[-91.45057247674032,14.811260229825688],[-91.45075256188409,14.810213566781846],[-91.4504108041833,14.809258552661849],[-91.45040803011592,14.808571208225096],[-91.45077338550476,14.8077629173028],[-91.45079843264391,14.806358226418201],[-91.45137856314211,14.805489343979852],[-91.45306547517643,14.804855303464702],[-91.45410743855285,14.804253610235406],[-91.45582153133759,14.802752781943363],[-91.4560637479554,14.801885186982018],[-91.45661264369673,14.800896872948615],[-91.4565480547044,14.80012011190294],[-91.45681758337525,14.798415631891826],[-91.45740034213065,14.798204195561343],[-91.45963434619127,14.796163411975579],[-91.46141708948933,14.796455379050604],[-91.46341839481883,14.797613148662357],[-91.46409647419273,14.798178334697834],[-91.46452588831286,14.798027245008718],[-91.46516823161346,14.79736728468787],[-91.46633311018385,14.796794947529634],[-91.46856910209692,14.79526211814113],[-91.46933354892026,14.794422362207976],[-91.46996970971446,14.792268169251882],[-91.47224091175703,14.791840910902579],[-91.47257717364617,14.791451092427948],[-91.47263539318955,14.79067385791411],[-91.47296881158813,14.78959669793548],[-91.47296337687878,14.788281784546642],[-91.47333084119322,14.788011382655966],[-91.47400582166087,14.78782943056785],[-91.47458964691525,14.787886912804959],[-91.47548309575402,14.788540876182946],[-91.4762830417825,14.78886646964434],[-91.47720386364188,14.78871342748158],[-91.47846030884917,14.788021133748709],[-91.48039271378083,14.787385937976236],[-91.48472020302347,14.78659182324158],[-91.48597711103551,14.786019027821647],[-91.48738294127601,14.784339897379118],[-91.48934901446879,14.784421730222853],[-91.49017351120688,14.783282824467182],[-91.4906938839978,14.782862363263678],[-91.4918912166709,14.782738046305097],[-91.49223020267472,14.783005655127758],[-91.49241716846167,14.782730964759544],[-91.49280357898476,14.779681176965724],[-91.49261097612592,14.777709553077493],[-91.49273117991982,14.777081493066435],[-91.49266587327482,14.775870823718344],[-91.49380003340985,14.774470074962354],[-91.4954257387766,14.773105605255498],[-91.49624586060953,14.771820861077112],[-91.49907044446739,14.77043243218942],[-91.50026919469933,14.770370230391897],[-91.50117140001075,14.769907567268172],[-91.50156190577658,14.769293954591735],[-91.5019654666404,14.767131065784492],[-91.50189412167813,14.76422416908693],[-91.50139989634845,14.7635567433648],[-91.49952682186792,14.76218719409968],[-91.49879374804651,14.76081305142278],[-91.49884297601145,14.758517705057248],[-91.4994888979211,14.757883943850162],[-91.49999877815023,14.757614126596165],[-91.50225741517507,14.757222508015765],[-91.50303422238598,14.75501985971285],[-91.5036009344103,14.754252524066024],[-91.50411177953882,14.754212209211623],[-91.50481794158907,14.75388421070039],[-91.50551985410353,14.752561664208168],[-91.50651787477285,14.751543936848567],[-91.5066839671105,14.749018604328846],[-91.50705575123793,14.748634574730904],[-91.50709056029116,14.747582491996583],[-91.50794704922977,14.745647274639907],[-91.50859511889308,14.745529890080006],[-91.50904591687873,14.745241168328837],[-91.51023853453987,14.743782734982052],[-91.51292501460019,14.742375594725198],[-91.51389836249035,14.740210368497353],[-91.51663679733089,14.73719637770151],[-91.51671375643772,14.73681353943585],[-91.51645637543456,14.736374689277012],[-91.51645464232362,14.735973046489674],[-91.51744857359473,14.73403723801976],[-91.51714367639634,14.732723163737159],[-91.51751951966003,14.731484206145577],[-91.51908521607342,14.730759961128255],[-91.52033540424652,14.729014354163567],[-91.52046882532876,14.728057498076268],[-91.52328322125257,14.72448846967822],[-91.52349323959129,14.723072269345538],[-91.52275859116585,14.721334808423261],[-91.52351842320739,14.719820716599457],[-91.5238382032326,14.716529699087882],[-91.52402829944265,14.716365975274725],[-91.52426504777502,14.716500520713952],[-91.52530644657388,14.715367170220222],[-91.52647137074393,14.714905256881414],[-91.5264440036727,14.714679555928031],[-91.52671835304704,14.714566965309327],[-91.5269168343543,14.714091719464626],[-91.52722786032105,14.714323182431993],[-91.52736120714007,14.713765393780832],[-91.52763437318347,14.713728310202253],[-91.52933316413682,14.711142721447883],[-91.52981740844307,14.710273687480246],[-91.52992553113187,14.70962314284205],[-91.53108804139931,14.709310083283635],[-91.53184369646367,14.708033296457106],[-91.53138681348763,14.707533133622139],[-91.5314920718804,14.706402726682633],[-91.53122246637867,14.706280766661395],[-91.53135760008007,14.70575883929736],[-91.53063138472994,14.70466824216895],[-91.53059077449525,14.704391016913338],[-91.53095923070367,14.703327595892828],[-91.53052321502935,14.70255949981737],[-91.53012627344675,14.699643746186647],[-91.52983009137782,14.699353309904089],[-91.52997448157835,14.697659551246318],[-91.53070460065963,14.697230637901155],[-91.53048073141659,14.696643347583267],[-91.53094351979097,14.69578994768526],[-91.53089053440426,14.694967539678194],[-91.5311681962143,14.694454544121829],[-91.53184427860884,14.694030653415341],[-91.53192279061882,14.693485060431408],[-91.53208751973192,14.690894431805933],[-91.53173927714728,14.69050139746413],[-91.53082906784297,14.690242068382192],[-91.53129209101685,14.689755513725496],[-91.53146983022297,14.688382173238821],[-91.5313497937256,14.687512236366207],[-91.53172888654517,14.68682281245519],[-91.53239352410657,14.6861127687502],[-91.53449040176949,14.684860873159623],[-91.53483945238179,14.683807484763614],[-91.53473518150554,14.68243083315653],[-91.5349438468425,14.680727737360803],[-91.53519775437341,14.680382412008967],[-91.5370780225893,14.679035765208631],[-91.53698684177029,14.676167218981739],[-91.53751596625787,14.675858999083488],[-91.5394420390715,14.676003985796578],[-91.54005033640358,14.675829313331366],[-91.54162234282502,14.675880128062087],[-91.54268184091444,14.675550553788185],[-91.54336762301217,14.675126908887814],[-91.54459852213007,14.673572536078474],[-91.54520638470864,14.67330222192119],[-91.54687804631175,14.67367772825653],[-91.54807157102493,14.672563396617205],[-91.54944445157362,14.672022087595312],[-91.5497178876244,14.67165753978794],[-91.54977351146555,14.670911387127331],[-91.55067052495261,14.669396644155675],[-91.55237429655841,14.66816538443513],[-91.55420067041842,14.665906045193447],[-91.5545172486011,14.665307015345464],[-91.55478727286012,14.665281965027555],[-91.55505921936728,14.66568724332571],[-91.55577031526853,14.665445155533197],[-91.55669921644996,14.664484913947867],[-91.55752859645129,14.663238200215185],[-91.55769685614361,14.662424627614278],[-91.55828343946051,14.66180053969204],[-91.55855056585305,14.66112999240629],[-91.56035628977763,14.658564203421154],[-91.56084301918416,14.65758192088941],[-91.56196627487661,14.65616658966428],[-91.56257846147882,14.655781459161483],[-91.56404968176382,14.655297030793529],[-91.56500456993844,14.654671355173935],[-91.56490160359317,14.653619862070414],[-91.56511861929921,14.652734354592248],[-91.56648716485368,14.651270140887762],[-91.56832538261428,14.650497226500407],[-91.56960433073212,14.65094598414848],[-91.57026559990616,14.650560624315196],[-91.57112428679622,14.650389582044077],[-91.57203381947922,14.65060083841208],[-91.57257838549863,14.651554795753405],[-91.57326605341592,14.651575741812655],[-91.57402630100665,14.651357297760665],[-91.57515052708135,14.650180980368807],[-91.57665124763487,14.650796093745319],[-91.5762733247864,14.648693866842338],[-91.57656559110686,14.648166638983055],[-91.57796993493994,14.649188588361294],[-91.57873213483282,14.649400456004962],[-91.58054934336857,14.64941648621116],[-91.58067595089844,14.650252698307149],[-91.58045790613956,14.650899146126402],[-91.58063078006843,14.651113563218129],[-91.58129169965851,14.650656452348427],[-91.5821750405327,14.650509170205721],[-91.58355201403411,14.650909608393642],[-91.58512037944008,14.65020946176018],[-91.58703570307075,14.650201105685108],[-91.58745182307396,14.649912399113072],[-91.58722763008699,14.649220063071779],[-91.58773932429857,14.648357160492036],[-91.5886214367926,14.647946878478942],[-91.59031507943502,14.647796021547009],[-91.59092796272857,14.647578169541218],[-91.59117052851619,14.646931606439882],[-91.59102154025852,14.646573648445141],[-91.58983848429975,14.645622534088252],[-91.58946464298872,14.644428799378444],[-91.58987997638201,14.643972740734986],[-91.59039540424577,14.6439226691869],[-91.59182112480126,14.644251124589058],[-91.59221211930804,14.64384298366034],[-91.59220946385531,14.643269217645699],[-91.5915200551038,14.642865815174922],[-91.59105031348956,14.642174559065213],[-91.59084691735386,14.640669282998328],[-91.59042573932447,14.639858275245533],[-91.58951601865246,14.63959927486674],[-91.58890271425352,14.639721494047768],[-91.5883367545706,14.639460985811589],[-91.58913833235513,14.637568794839419],[-91.58989421007058,14.636417932044306],[-91.59082710392259,14.635530230154366],[-91.59129349852118,14.634438008805331],[-91.59140658342125,14.633404712536729],[-91.59228679502074,14.632597565537647],[-91.59410772131137,14.631327263619905],[-91.59572684901735,14.6293186990913],[-91.59627912565168,14.629280408405016],[-91.59856572519621,14.629951695639047],[-91.5995584547431,14.62958870448167],[-91.60025604370303,14.62911943005282],[-91.6006583261258,14.628508014661715],[-91.60124542148021,14.628039225832731],[-91.60366844119993,14.626378892699899],[-91.60447817487108,14.62626772005282],[-91.60580149667113,14.62572393252469],[-91.60664603817034,14.625182265950544],[-91.60664267673702,14.62446506075778],[-91.6079244419678,14.622917338911998],[-91.60736596342753,14.621628826422887],[-91.60861357379979,14.620655029632202],[-91.60964526144473,14.620758018441345],[-91.61133073913021,14.618921593564117],[-91.61334831084423,14.617227117628193],[-91.61506988072456,14.615247063890303],[-91.61561584797826,14.613881903255985],[-91.61656723941321,14.612586646551152],[-91.61762332997053,14.6100716452235],[-91.61761281179717,14.607848314393108],[-91.61823341729549,14.606697979896142],[-91.62009774661074,14.603784871023418],[-91.62115937556487,14.602453242686437],[-91.62379898843056,14.599966950166367],[-91.62464321663658,14.599389367200072],[-91.6257775913462,14.597878087901229],[-91.62639727410725,14.596548435246637],[-91.62661069518651,14.594969591924759],[-91.62642247668924,14.594109781463933],[-91.62641700870978,14.592962257807548],[-91.62666947252177,14.591849429355882],[-91.62784250227399,14.59073243760602],[-91.6305975159748,14.589321383754738],[-91.63241819778975,14.585045678821366],[-91.63241167222431,14.583682996253204],[-91.63141423244383,14.5830061678421],[-91.63082097550077,14.582148197940228],[-91.63051972159533,14.580750989546965],[-91.63092149560755,14.580067811453402],[-91.63180777084075,14.580601704179307],[-91.63213812986614,14.580385039562021],[-91.6318379004293,14.579202993636622],[-91.63179181624494,14.577266715664074],[-91.63275501134517,14.575923537867443],[-91.633673587274,14.572954866976954],[-91.6348495242065,14.572471376015606],[-91.63597429733947,14.571557782299479],[-91.63596236395854,14.569071484370152],[-91.63546983819101,14.568739024695914],[-91.63536546264162,14.567448508501178],[-91.63561137970342,14.567543018585987],[-91.63599539484896,14.565724320548805],[-91.63657806334957,14.564382862370255],[-91.6372125715667,14.56361494060864],[-91.63803976117535,14.56208110745058],[-91.63832878754212,14.560932242343915],[-91.63832488053264,14.560119414183704],[-91.63954453804399,14.55853597249141],[-91.64002991074737,14.557386209545921],[-91.64065448780927,14.55456230391522],[-91.64083817952321,14.551931669317712],[-91.6401456540632,14.550835098734664],[-91.6399898803705,14.54906667370572],[-91.63900767006224,14.548975525006586],[-91.63802431247261,14.548645304724806],[-91.63836425084975,14.547878723786235],[-91.6383580516484,14.546587759896834],[-91.63796214258947,14.545920159820287],[-91.63555642702494,14.545835473749984],[-91.63467652347681,14.546604503345518],[-91.63340254447354,14.547088429832826],[-91.63291075868558,14.546899401027737],[-91.63213175527801,14.548241739816346],[-91.63047053013113,14.549874956234191],[-91.62997828434906,14.549590294395832],[-91.62938581496113,14.548875752478061],[-91.6285526896083,14.549166403166073],[-91.62865450591886,14.549930977950018],[-91.62610216029782,14.54999030354693],[-91.62398865821409,14.549426037598147],[-91.62276146094608,14.54943155097014],[-91.6193221482119,14.548777561328587],[-91.61854125045099,14.549737350717148],[-91.61864506177406,14.550932256340465],[-91.61997473415592,14.551834785731055],[-91.62066603858992,14.552692354132805],[-91.61968652207669,14.553174890070688],[-91.61919405520784,14.552842391408163],[-91.6181197370234,14.554042567207174],[-91.61699339129318,14.55462137871744],[-91.6160597976622,14.554434287910183],[-91.6160566488257,14.55376489449388],[-91.61683689560842,14.552661670540662],[-91.61707693670817,14.551513042977465],[-91.61495871963741,14.549944604203983],[-91.61583781026945,14.548984387756263],[-91.61549127368994,14.548364340141699],[-91.61269574048784,14.547378161840209],[-91.61131972862273,14.547145558307795],[-91.6105813081409,14.546766440377155],[-91.61003212341363,14.544951592770248],[-91.60944125112752,14.544619598877931],[-91.61007787846255,14.544281788413702],[-91.611353518944,14.544084427937417],[-91.61164452922667,14.543365631955217],[-91.61041488622391,14.542941015813899],[-91.61001707290718,14.541938520041482],[-91.61015577119348,14.54021606583796],[-91.6090681954882,14.538738558216215],[-91.60881387595028,14.536970136275073],[-91.6078276200034,14.536113902083306],[-91.60747916869138,14.535158994247071],[-91.60793798368468,14.528700078021133],[-91.60876022975083,14.52620914683152],[-91.60926682805214,14.523434653239175],[-91.60981660013644,14.523412920958382],[-91.60985530396272,14.523297951173356],[-91.60989248121332,14.522876890868098],[-91.60961678511143,14.522725146651657],[-91.60980725126105,14.521538116654346],[-91.61021611766728,14.520828330598258],[-91.61043108464902,14.520616870814342],[-91.61082403296756,14.52065327232593],[-91.61084252518872,14.52042361150401],[-91.61046749724103,14.52004276518142],[-91.61005472140624,14.51996819458354],[-91.60993746685513,14.52008353613437],[-91.61005720185662,14.520465591711892],[-91.6098406130725,14.520351829992189],[-91.60935090622803,14.520602851128425],[-91.60925176346798,14.520412008879235],[-91.60885891093584,14.520394735330859],[-91.60846815431614,14.520798335792268],[-91.60886224653123,14.52106430859777],[-91.60886767916125,14.522154756445985],[-91.60845537606143,14.522175836590792],[-91.60827601636761,14.522144001942365],[-91.60815059985451,14.521606531885125],[-91.60759352195062,14.520652607231714],[-91.60587134467504,14.51988353114426],[-91.6043347656027,14.519412491986998],[-91.6038408560557,14.51881696846468],[-91.60341424334054,14.519416823990134],[-91.60219220812331,14.520498696763644],[-91.6015788190522,14.520561363255677],[-91.60157378958881,14.519545044098326],[-91.60132624627313,14.519127712359728],[-91.6014362644662,14.516556445842435],[-91.60063198676653,14.515244952446817],[-91.59958638471673,14.514771575569961],[-91.59915770123104,14.514952938937906],[-91.59676203091736,14.514485869578106],[-91.59528628358038,14.51389491285715],[-91.59448410784928,14.513001880474352],[-91.59325237416913,14.512110846379374],[-91.59135235997866,14.512597970736056],[-91.59116650299588,14.512240124472687],[-91.59092074441402,14.51218148196345],[-91.59031088478386,14.512961522554685],[-91.58877701032291,14.5130284294802],[-91.58933369698248,14.513922622657248],[-91.58921593411156,14.514939516276536],[-91.5879266380291,14.514825927615686],[-91.58731413347407,14.515067907388863],[-91.58657335021977,14.514174561737692],[-91.58632525731652,14.513637643928698],[-91.58650031692547,14.511783493170931],[-91.58619086102433,14.51124685905736],[-91.58354309543093,14.509405756373956],[-91.58322899919652,14.507912574991924],[-91.58340437439684,14.506118208118748],[-91.58333894034601,14.505281516443317],[-91.58290444876147,14.504267171335352],[-91.58363849598427,14.503785502541774],[-91.58369695318596,14.503187380093795],[-91.58357160908986,14.502649891138384],[-91.5828358224917,14.502772855911191],[-91.58222160184631,14.502656116975636],[-91.58234171694374,14.50211749572152],[-91.5817848000163,14.501163497115074],[-91.58184326206826,14.500565374706678],[-91.58288150283495,14.49954423962863],[-91.5830004535077,14.498766482319573],[-91.58269160671631,14.498349409080598],[-91.58329884402772,14.49703133260324],[-91.58365859277073,14.495295899550808],[-91.58432863212917,14.49427645783067],[-91.58432456271906,14.493439482431453],[-91.58420009618317,14.493081344997641],[-91.5829688058704,14.49225002889725],[-91.58185560714598,14.490461596345055],[-91.58265126421165,14.49003943457946],[-91.58282867164819,14.488663554210516],[-91.58246051093464,14.48866525015525],[-91.58123562607453,14.4891491715361],[-91.58044059898802,14.488587946507378],[-91.5808955736247,14.481172464507289],[-91.58058382385985,14.480657707305788],[-91.58139721698366,14.478939520153993],[-91.58153143246973,14.475154036676008],[-91.5809446965031,14.474419452453136],[-91.5787786513206,14.473764592044464],[-91.57617719650699,14.4713805940851],[-91.57562618102844,14.471049588289189],[-91.57402155297858,14.470920098578295],[-91.57278439183094,14.471263994315063],[-91.57221249824238,14.472023203908337],[-91.57131482965305,14.474401833240549],[-91.57056095958245,14.475327156490298],[-91.56843564613466,14.472845411391942],[-91.56780936416092,14.472680024335984],[-91.56716579840385,14.472768756487683],[-91.56657904963443,14.473038616002842],[-91.56615735357693,14.473518510313792],[-91.56610318892133,14.4744593810733],[-91.56695891317722,14.477179729824405],[-91.5687172235025,14.480565430556329],[-91.5705826335057,14.48353258234099],[-91.57112263348705,14.484681578172],[-91.57124243997171,14.485621248596516],[-91.57105027796291,14.487197412603178],[-91.57075902030135,14.487768497743293],[-91.57049477761878,14.48792394581266],[-91.56988920942054,14.487686373554954],[-91.56947719855462,14.487194622190753],[-91.56849541668035,14.484863324345058],[-91.5679707570515,14.484488393756404],[-91.56612853040522,14.48387380092648],[-91.56557806106575,14.483546163535754],[-91.56531042468453,14.48296715550139],[-91.56487792604287,14.480795123266411],[-91.56320351990273,14.476003196344676],[-91.56278277522802,14.475162246063734],[-91.56213809516727,14.475152656293725],[-91.56093937872629,14.47627295588597],[-91.56068048653418,14.476409218238462],[-91.5603541514535,14.47630440078625],[-91.56015909849434,14.476071579189034],[-91.55941681748212,14.473305582220855],[-91.55861471084462,14.472804646865333],[-91.55703395081562,14.472481976137242],[-91.55585393763107,14.470260152735886],[-91.55395825426793,14.468523169654949],[-91.55334065663466,14.468274187615805],[-91.55306528659617,14.468359495801694],[-91.5527300256075,14.468918988115211],[-91.5527874254149,14.469545298955888],[-91.55343254811594,14.470647517264053],[-91.55351487992992,14.471273981354532],[-91.55260657878581,14.474637718692613],[-91.55251872937555,14.475578373981294],[-91.55395183826127,14.481421928052967],[-91.55416063407658,14.483739480737631],[-91.55386355002331,14.485293507393854],[-91.5533354540105,14.48679413649635],[-91.55313788865992,14.487038105643318],[-91.55252880440632,14.48725694268125],[-91.55191609854838,14.487050918697426],[-91.55155364245644,14.486524418234694],[-91.55128008067366,14.485613174313556],[-91.54992391916268,14.478465066373897],[-91.5493828480981,14.4776787185696],[-91.54821470828026,14.476582300708394],[-91.54788893444237,14.476035684894665],[-91.5478501308925,14.475404969508663],[-91.54850313469582,14.474311881806045],[-91.54888611213971,14.473104137429823],[-91.54878148511393,14.471538600334537],[-91.54818050680288,14.470070560599375],[-91.54632367154296,14.466739493202994],[-91.54598739898123,14.466739675441541],[-91.54574674684686,14.466924619362695],[-91.54484972004633,14.468899761298047],[-91.54423271162443,14.469095934051715],[-91.54325612477254,14.469042434567996],[-91.54294997218456,14.469135449076155],[-91.54250689707558,14.469598216693939],[-91.54220264612768,14.470821124847273],[-91.54266868422309,14.473948138559363],[-91.54252020857861,14.475199128613388],[-91.54196022332447,14.476337968827085],[-91.5410189058636,14.477625845725031],[-91.54001811554875,14.478430889233419],[-91.53937450299529,14.478612192775083],[-91.53907918287283,14.478553864140231],[-91.53892731485755,14.478281749180097],[-91.53886602906145,14.47763507658108],[-91.53963999900641,14.474897662447795],[-91.53980217631207,14.473327004146737],[-91.53960298847326,14.472400394571455],[-91.5387235030234,14.470353237411967],[-91.53792670712622,14.469847749751871],[-91.53663955699399,14.469852176154458],[-91.536130277105,14.470241076438722],[-91.53536807704083,14.471976347649354],[-91.53480247689495,14.4722880619001],[-91.53382431481752,14.472296655749803],[-91.53306610870561,14.471742807775543],[-91.53291014567827,14.471124921404726],[-91.53297120010018,14.469862097620235],[-91.53246392954244,14.468708717520029],[-91.53177333106699,14.46801518330245],[-91.53148637440188,14.467921872436316],[-91.53089910653226,14.468179208440715],[-91.53065977285998,14.468778809109317],[-91.53063474746898,14.469410254578552],[-91.53165728884001,14.471732888654246],[-91.53223080172478,14.473922782138098],[-91.53216314841684,14.474159634372056],[-91.5318010447808,14.474207089007372],[-91.53155453031555,14.474046237335452],[-91.53026349960543,14.4714654429312],[-91.52965437984936,14.470724956648068],[-91.52905450646662,14.470605959309568],[-91.52855832436963,14.471028820047671],[-91.52824335568562,14.471930751127044],[-91.5282576575192,14.473191782816372],[-91.52856322685781,14.474420740434185],[-91.52954621968844,14.476761213471763],[-91.52974499323238,14.478008710328641],[-91.52929964169319,14.479514310477137],[-91.52869224954631,14.48026865741188],[-91.52839410451934,14.480375259608126],[-91.52782093787951,14.48015925483303],[-91.52750931355807,14.479584456532054],[-91.52585246688875,14.474454610853405],[-91.52562274351173,14.472892813221934],[-91.52585631463177,14.469743054118625],[-91.52568063881148,14.469128430852487],[-91.52545179576931,14.46892700880492],[-91.52480864370065,14.469041614198481],[-91.52346802074871,14.469945013823212],[-91.52285050009105,14.46986543597004],[-91.52211126575494,14.469254051206894],[-91.5217843851264,14.469324309664566],[-91.52140536838834,14.469825851777102],[-91.5212385677953,14.470762598534849],[-91.52142123872925,14.472333141053427],[-91.52262457444162,14.474569942806818],[-91.52284307256575,14.475809656919395],[-91.52214640611552,14.479538381780552],[-91.52190760690311,14.48013910307614],[-91.521375682648,14.480525564627294],[-91.52110873149725,14.48047417124275],[-91.52090121130624,14.48020395617323],[-91.52057671781583,14.479299146527172],[-91.5203314681602,14.476148648597071],[-91.51993167908276,14.47462080497856],[-91.51917444788188,14.473225165847],[-91.51787502435621,14.471408056944538],[-91.51720576898444,14.470737215233747],[-91.51637299112609,14.470507120535517],[-91.51396952062166,14.470897574847557],[-91.51170818228225,14.470926215018887],[-91.51121322010891,14.471335485438573],[-91.51071456847349,14.473167235936241],[-91.5103118263298,14.473657308309102],[-91.50974223787125,14.473345246262621],[-91.50855212691188,14.471840628552592],[-91.50795130535313,14.471605195727033],[-91.50732232561255,14.471766166202176],[-91.50338649684619,14.47396925395815],[-91.50301902809872,14.474470835324533],[-91.50333528654255,14.475035520804928],[-91.50491440465792,14.476628506116382],[-91.50520266765399,14.477218998615795],[-91.50519089769732,14.477504779830355],[-91.50414739350332,14.478264192999555],[-91.50399251837564,14.478880114068966],[-91.50414434425844,14.47949798631293],[-91.5051038096842,14.481505079963485],[-91.5056559139167,14.483650814844568],[-91.50547632061608,14.485533158398463],[-91.50481440443703,14.487661003364877],[-91.50422817998174,14.487923920909525],[-91.50397793773797,14.487801432544922],[-91.50302354426273,14.48443175003049],[-91.50243427190752,14.483681156432198],[-91.50154022699503,14.483331980442012],[-91.49954595522732,14.483635621107673],[-91.49881446980714,14.484203791005426],[-91.49820817521525,14.485037145850422],[-91.49760270305057,14.486867041747622],[-91.49698546201603,14.487085677780206],[-91.4966695299194,14.486731140435442],[-91.49684706817827,14.485681505135702],[-91.49723372836195,14.484401584937244],[-91.49808975813441,14.48281734040946],[-91.49827199400083,14.482188041565793],[-91.49790222334262,14.47949547753507],[-91.49786266506344,14.47305161899548],[-91.49728428849131,14.473101028324942],[-91.49602115254312,14.474274790983573],[-91.49587654976676,14.475342715495323],[-91.49616121325235,14.479562309258819],[-91.49596366027414,14.480485272200323],[-91.49404004577526,14.482522525438727],[-91.49408026859923,14.48352157949497],[-91.49387240979065,14.484079528502361],[-91.4929261366817,14.48485532623289],[-91.49243712325607,14.484975344956156],[-91.49221843958016,14.48430280589613],[-91.49228511894128,14.483358671247517],[-91.49381876517336,14.480000389675531],[-91.49419441396735,14.47880627345706],[-91.49427791591458,14.477687116240181],[-91.49417190635137,14.475266275602362],[-91.4940087513975,14.474613301219888],[-91.49360993378485,14.474172361292599],[-91.49304502485626,14.47385803100879],[-91.49235345568258,14.473583562662709],[-91.49143236487612,14.473470320334336],[-91.48998607607899,14.4748880521519],[-91.48930783377057,14.475300614568265],[-91.48883931124335,14.474708948382174],[-91.48835655075816,14.473565819069517],[-91.48729206081477,14.473310406852194],[-91.48377555013307,14.472903614599353],[-91.48181716860012,14.471778075384458],[-91.48070578817017,14.47142968401497],[-91.4796865942037,14.471592577749387],[-91.47905231256718,14.471934213139132],[-91.47885567482352,14.472373584809958],[-91.47869871273093,14.474052662631674],[-91.47838743941966,14.474382826146526],[-91.47754831417608,14.474664378801785],[-91.47608241885315,14.473419956437048],[-91.47515279377649,14.473285128613874],[-91.47311523335024,14.473317105031285],[-91.47162976144577,14.47290523077801],[-91.47100649183822,14.472567874375352],[-91.46995543661296,14.470694527831327],[-91.46951886196271,14.4702725137308],[-91.46890946723201,14.470196238209745],[-91.46730210230061,14.470569920716839],[-91.46666375778638,14.470572540167693],[-91.46475376766087,14.46925623938114],[-91.46429388584727,14.469527791073435],[-91.46403084497098,14.470008518858192],[-91.46443003822682,14.472155575370449],[-91.46437695810853,14.47279246280836],[-91.46405959331925,14.473078501786047],[-91.46249763763448,14.47367389510504],[-91.46228649043638,14.475289324812593],[-91.46178531693377,14.475997850430446],[-91.46122806912088,14.476177240005287],[-91.4602299336917,14.474795685383594],[-91.45978787378392,14.474414292806175],[-91.45937676739324,14.474420639083727],[-91.45847979280438,14.474765013767806],[-91.45787589204842,14.474396115238214],[-91.4577615834911,14.473989751676285],[-91.45780559599339,14.473661255589283],[-91.4583624154068,14.472955363407918],[-91.46040968470764,14.470840143049204],[-91.46086238428539,14.470097406914999],[-91.46104219855854,14.469411636786035],[-91.46104007553085,14.468373294264158],[-91.46079272490334,14.467165000598742],[-91.4596627245113,14.465826648021563],[-91.45888143474872,14.465542460991367],[-91.45766809720872,14.466117512068788],[-91.45648667510622,14.466267944183262],[-91.45600786495964,14.465922460353582],[-91.45489852743246,14.464535640254276],[-91.45399623725746,14.464312784911536],[-91.45296256739934,14.465146595553453],[-91.45097558491806,14.468516271285578],[-91.44958496685777,14.46865060180444],[-91.44937580220528,14.46838145116757],[-91.4492578820562,14.467161575838967],[-91.44938071783453,14.466587296312433],[-91.45056258938754,14.464282295580478],[-91.4504912439278,14.463284175654776],[-91.44993925579013,14.463461315681457],[-91.44803607490783,14.4646949880548],[-91.44671664412868,14.464933718387583],[-91.44621053775855,14.464514596503479],[-91.4460179967753,14.463856888470419],[-91.44703720137431,14.461686413747858],[-91.4468400465187,14.460941678107021],[-91.44640451184564,14.460796444225664],[-91.44591770863828,14.460854242297343],[-91.44375257265385,14.462325676380559],[-91.44352511655616,14.462187461947174],[-91.44326856994226,14.461647962275174],[-91.4431025566718,14.460512506499338],[-91.44295365491239,14.460333007194663],[-91.44233760024309,14.461301722284665],[-91.44226916223454,14.46263673789065],[-91.44178439946113,14.462900170882286],[-91.44109631186649,14.46239170709874],[-91.44055360893553,14.461736196130973],[-91.43991866160576,14.459761553069917],[-91.43957059568271,14.45921240515545],[-91.43793409626737,14.459116814838149],[-91.43660226110545,14.45831482971865],[-91.43614214749711,14.458204439585726],[-91.43562673052486,14.458541095863067],[-91.43513512347985,14.459285779499655],[-91.43400024241865,14.462396575483282],[-91.43403632776906,14.463121039158096],[-91.43465184973776,14.464386028571688],[-91.43452194290953,14.464971548379683],[-91.4338974766589,14.46514816700267],[-91.43332935692014,14.465060777960948],[-91.42982759696466,14.46276308871954],[-91.42926901517441,14.462474644144345],[-91.42884962101623,14.462509129479676],[-91.426076846629,14.46504402076302],[-91.42455025705472,14.465472179845158],[-91.42418973787544,14.465707030140708],[-91.42425757389995,14.466692695300027],[-91.42481452860926,14.467787839231221],[-91.42493571080652,14.468361473852362],[-91.42487820451883,14.470268240343373],[-91.42454922196396,14.470798186862359],[-91.42318674633582,14.470557443850796],[-91.42270450000751,14.470213003044204],[-91.42184545742084,14.469123737417382],[-91.4216161546885,14.468263530281597],[-91.4216210413196,14.467079503685902],[-91.42143968503142,14.46681842677228],[-91.42103257198855,14.466754684663448],[-91.41913351201141,14.467874020266015],[-91.41815892484858,14.467877638774796],[-91.41778818271652,14.46767177741565],[-91.4175045748208,14.466868823755846],[-91.41785188640853,14.466044126625347],[-91.41899341379181,14.464732161251632],[-91.418921532206,14.464321551278358],[-91.41845056416534,14.463696982274051],[-91.4180533173389,14.46355082458786],[-91.41731187731833,14.463626057542694],[-91.41462484609848,14.46476152394065],[-91.4136607240463,14.465008107755262],[-91.41319710245898,14.464575649097801],[-91.41234891300078,14.463274021075597],[-91.41200404252527,14.46252940047705],[-91.41189931853799,14.461847410363706],[-91.41197292002892,14.460871739361085],[-91.41269529190981,14.458255419586912],[-91.41334850059219,14.457540124333958],[-91.41439082450623,14.457297454746827],[-91.41469031619654,14.45659333063278],[-91.41475725647096,14.455328376875705],[-91.41461060021335,14.454590743383859],[-91.41426703123656,14.454153447407677],[-91.41325469946918,14.453439358327072],[-91.41169266177862,14.454868224788505],[-91.41164663201467,14.456941141181249],[-91.41057574711505,14.457939457433943],[-91.41009038294997,14.458610684631605],[-91.40954226511857,14.461582934975558],[-91.40898143934876,14.462347423963111],[-91.4084629485581,14.46237668350739],[-91.4080820802634,14.46204871926452],[-91.40807635817566,14.46073582775806],[-91.40845207869195,14.459669556719987],[-91.40821389039846,14.458925653294605],[-91.40745924657774,14.459391685346203],[-91.40624810694223,14.460949421068042],[-91.40544494636391,14.460901048738588],[-91.40489483689286,14.4605685440426],[-91.40417712308056,14.460894716891739],[-91.40338711007473,14.46095375957371],[-91.4029461945908,14.460755309857486],[-91.40281904254148,14.460133046590302],[-91.40303763942217,14.459559451533373],[-91.40367546716466,14.458485929328495],[-91.40545675378632,14.456319705892904],[-91.40556772644722,14.45579735025779],[-91.40548414251384,14.454917783564856],[-91.40522212611813,14.454590620848387],[-91.40479881086077,14.454608090498816],[-91.40420722776533,14.456027656067677],[-91.40379069273041,14.456394283987272],[-91.40278055379437,14.456269932878739],[-91.40203263756236,14.455713506623658],[-91.40195772495606,14.452648928113378],[-91.40160983855826,14.450548492712969],[-91.4020801670592,14.447924852581659],[-91.40202778421599,14.447142661850146],[-91.40180718485468,14.44645649464309],[-91.4015012253776,14.44611547312402],[-91.40052232686193,14.445844452214509],[-91.39991474299106,14.445935231752618],[-91.39896580484343,14.44650047386728],[-91.39744233230653,14.44844922061185],[-91.39708450142764,14.448633206070784],[-91.39669932063389,14.448427217817612],[-91.39566161790216,14.44722141755717],[-91.39513598378016,14.446877762806874],[-91.3935832753613,14.446919152712562],[-91.39276365528825,14.447233300693801],[-91.3925780840842,14.447485113327962],[-91.3930200417464,14.448259792334092],[-91.39481295688947,14.450371214143336],[-91.3948585199198,14.451130761131159],[-91.39431122120607,14.451865930431525],[-91.39365457160923,14.453700792500499],[-91.39326728268612,14.453948969498375],[-91.3925266139605,14.453921318724106],[-91.39054851249594,14.452087678119536],[-91.38999128851283,14.452025119420785],[-91.38933608579161,14.452366362625442],[-91.3892201163905,14.453980072668859],[-91.38892307914708,14.454494365343056],[-91.38960985691013,14.456611813571051],[-91.38990763662623,14.456960702670859],[-91.39031144483512,14.457076444995506],[-91.39161639488626,14.457075194402375],[-91.39190193195036,14.457434166022429],[-91.39197138659107,14.458094451874201],[-91.39168154603195,14.458736466084103],[-91.39077290576552,14.459249971222633],[-91.39018787935206,14.46046955916783],[-91.38948110769503,14.46048167201577],[-91.3881546626956,14.459280641533102],[-91.38748335820051,14.458957437429149],[-91.3850755337947,14.45907199106723],[-91.38301470634498,14.459382100856814],[-91.38158325238741,14.460039981575596],[-91.38049185679004,14.46080978392829],[-91.3780195426836,14.463258000534255],[-91.37727709718338,14.464349924902175],[-91.37714239677464,14.465415533241309],[-91.37913766684184,14.4670381298382],[-91.37900495559454,14.467271085691419],[-91.37791888481382,14.467860139025227],[-91.37758437953451,14.468418216634833],[-91.37892697690901,14.472024775332034],[-91.37993844771935,14.473810059797174],[-91.38007811531844,14.474936309453437],[-91.37987089689139,14.4764081500143],[-91.37894347285673,14.477498800623426],[-91.37851259117242,14.477674339173058],[-91.37825715970243,14.477560726904347],[-91.37733919258662,14.476311608320435],[-91.37645869841963,14.47333866306195],[-91.37600144468125,14.472358225069069],[-91.37414737679036,14.472042629742345],[-91.37149831511923,14.472862618875794],[-91.3706829362178,14.472419738740474],[-91.37087258415326,14.471853891399165],[-91.37194436734066,14.47076427282167],[-91.37242939138096,14.470556355715225],[-91.37383207770017,14.470438388029505],[-91.37443519734687,14.470094576475535],[-91.37474942335955,14.469695666805775],[-91.37438500749536,14.46894521846095],[-91.37223103119364,14.466828891196952],[-91.3719765017806,14.465400188310985],[-91.37122281615366,14.465484227501685],[-91.36926214254025,14.467551744645009],[-91.3684606210721,14.468151762018952],[-91.36756326523856,14.468220104708772],[-91.36673776075705,14.467896901787874],[-91.36670881559462,14.46741540567812],[-91.36696724450857,14.466799198194549],[-91.3695100470578,14.463689538178773],[-91.36969640216506,14.46317676888701],[-91.36972580915149,14.46200649683348],[-91.36877262526126,14.461705014546451],[-91.36706124774577,14.461710095337613],[-91.36662556176373,14.46183248037129],[-91.36552670205394,14.462664294504373],[-91.36473034105519,14.462560470343307],[-91.36509888492775,14.46194841905265],[-91.36679769009294,14.460093780383367],[-91.36731674840011,14.459033107518225],[-91.3678619775939,14.458516049273088],[-91.37217968954614,14.456685154532309],[-91.37337768097674,14.455287956000037],[-91.37364826711337,14.454430043020665],[-91.37348767530206,14.454192804551324],[-91.3729837564626,14.454054876737615],[-91.37229266903981,14.45438452333407],[-91.37161511162408,14.454209238642841],[-91.3722279482231,14.452205812130375],[-91.3718337700054,14.451486791266637],[-91.3713186606033,14.451135250120977],[-91.37103123119911,14.451360353172065],[-91.36885172579605,14.455234052404371],[-91.36840503729579,14.455038891316232],[-91.36788238165485,14.454132557081481],[-91.36727505410795,14.453708060682583],[-91.36664222143605,14.454156723062553],[-91.36600247350074,14.455789367624496],[-91.36544490320891,14.456012587892193],[-91.3647342659961,14.455367056599535],[-91.36450620630683,14.454923720574053],[-91.364166409459,14.452717118866595],[-91.36424740227785,14.452501889414368],[-91.36475794368512,14.452208296983963],[-91.36662088985688,14.45136257433234],[-91.36621439595501,14.450745142707957],[-91.36525206926535,14.450274117385025],[-91.36456491314789,14.450304371326974],[-91.36390392818964,14.450560765230533],[-91.35989998407732,14.453487344328197],[-91.35841112667012,14.453671296184444],[-91.35807860477952,14.453561647274755],[-91.35799467763489,14.452833472306974],[-91.35970442114908,14.451302081282046],[-91.36033695076243,14.45049980877084],[-91.36046324226534,14.449719996504857],[-91.3601639561993,14.448872823383109],[-91.35993177064299,14.448598925405316],[-91.35946657975084,14.448558402960826],[-91.35832162182098,14.44904301894167],[-91.3579183751372,14.449408522592158],[-91.35739530526963,14.45085553618698],[-91.35561859038314,14.452821413416657],[-91.3551044595962,14.452813303959989],[-91.35466238848936,14.45254471388394],[-91.35429858377421,14.452196454450261],[-91.35427441755338,14.45169917530337],[-91.35608651178481,14.45044080827671],[-91.35627913816124,14.449707784323488],[-91.35581877277345,14.44932608945809],[-91.35359444572978,14.449335409328462],[-91.35327510301114,14.448854143733444],[-91.35377482359948,14.448298387304895],[-91.35445239136172,14.447915600917318],[-91.35637355443815,14.447903026843724],[-91.35685890136088,14.447724515034173],[-91.35686580391267,14.446232100238174],[-91.35722532805649,14.445504757667186],[-91.35685840283139,14.444871771885486],[-91.35872045708335,14.44350978385124],[-91.35954293807394,14.442808256357692],[-91.35962667965639,14.442534297969559],[-91.35929854563987,14.44182814868312],[-91.35900793165399,14.441618242276174],[-91.35859885643659,14.441515971299715],[-91.35776806901478,14.441611865741585],[-91.35582128042887,14.44314724510075],[-91.35506857760114,14.444211910289951],[-91.35435634488161,14.444186601035778],[-91.35380300970583,14.443837018340064],[-91.35255230728,14.444593149653468],[-91.35235962944002,14.444466395136548],[-91.35215298012496,14.442930687448817],[-91.35154588425468,14.442404476034785],[-91.35193002285054,14.44179933255217],[-91.35268016572356,14.440925595554862],[-91.35434428948057,14.43944023952546],[-91.35470438492769,14.43926537509785],[-91.35569646579276,14.439227105813949],[-91.35602268427573,14.439087026652157],[-91.35610046698534,14.438756538260227],[-91.35601046388177,14.438383077187305],[-91.35452967498131,14.436852038000001],[-91.35448375613355,14.435370552844446],[-91.3535145665789,14.434899440022562],[-91.35319435916044,14.43493222746775],[-91.35202950391887,14.435844872764912],[-91.35139503700336,14.435495849281551],[-91.35098065526844,14.434620748938302],[-91.34951951335397,14.435622822056239],[-91.3489218654757,14.435469504607044],[-91.34816349113404,14.434945616914785],[-91.34791910527454,14.434993615612612],[-91.34778554509407,14.43683311458886],[-91.34883076430887,14.441455648021936],[-91.34905058947732,14.443166566825212],[-91.3488531519237,14.443763974442723],[-91.34827290350088,14.444627589654065],[-91.34680514718151,14.446200136502572],[-91.3454901723715,14.446785176868605],[-91.34456231752971,14.446365155464617],[-91.34445992334096,14.446180279955291],[-91.34471095781001,14.445235278147189],[-91.34609103854538,14.44227135480832],[-91.34582169310663,14.441538488505282],[-91.34444968860267,14.440197959650172],[-91.34406955553051,14.43963265287171],[-91.3443279773826,14.43878486445666],[-91.34516389078537,14.438386268495217],[-91.34545596766036,14.437925103635388],[-91.34545929407828,14.437004345718456],[-91.3450848621346,14.435589476474256],[-91.34407495701744,14.434356560742426],[-91.3436518379692,14.434353588825246],[-91.34331963544479,14.434597549646815],[-91.3428077728801,14.435698889030409],[-91.3420771067309,14.438323906262893],[-91.34173150468933,14.438810674828217],[-91.34137296311589,14.438931299460933],[-91.34054999495079,14.438208090359364],[-91.33964959019416,14.436672014426504],[-91.33871664662676,14.430928369031866],[-91.33809420864122,14.430838119639779],[-91.33621968564364,14.43200666203037],[-91.33525044851717,14.43186198768433],[-91.3361331014026,14.430241321004909],[-91.33575223510792,14.428843344634526],[-91.33685853713882,14.428090799597046],[-91.33699520902472,14.427794628550851],[-91.33687785549209,14.427284266103888],[-91.33625021088056,14.427038065278834],[-91.3345875601506,14.427934682797218],[-91.33422197806219,14.427990850368312],[-91.33343908785534,14.427732247920822],[-91.33379286912813,14.426379001564799],[-91.33405340805663,14.426184258461895],[-91.33566515032837,14.426131236799007],[-91.33611833482357,14.424736884179099],[-91.33670973367927,14.424789635177888],[-91.33731116688212,14.425130551874116],[-91.33810506829099,14.42460740368573],[-91.33820409998496,14.424071450767753],[-91.33793646143177,14.423426714843018],[-91.33761401104336,14.422982695254426],[-91.33717889070385,14.422725426542689],[-91.33664107852485,14.422638031515962],[-91.3362645529601,14.422764173009638],[-91.333541849821,14.42459216343382],[-91.33225600286505,14.42524965221881],[-91.33121221578858,14.427258940729013],[-91.33035516686444,14.427696882099815],[-91.32980481529295,14.427580007382206],[-91.32896044454007,14.427017043078429],[-91.32766076420202,14.427039466821578],[-91.3272173525639,14.426729021491695],[-91.32670592603556,14.426755898567095],[-91.32476342022554,14.425231591380605],[-91.32404026414032,14.42582411060117],[-91.32353251685377,14.425901847327289],[-91.32260836831716,14.425081834867798],[-91.32226031076387,14.424346131229246],[-91.32177209028812,14.42406134323471],[-91.32107554698744,14.424118525733018],[-91.32051388454373,14.424352912214454],[-91.31810399912162,14.426727489947185],[-91.31729897313573,14.427336349088744],[-91.31677979716976,14.42731456856309],[-91.31638855921332,14.427082431363349],[-91.31630797869238,14.426775686094665],[-91.3166407163532,14.423993154448514],[-91.31593499605394,14.423266189391642],[-91.31416566027023,14.42308408765994],[-91.31325748292181,14.423228987441453],[-91.310071539123,14.424975420143324],[-91.30943053980347,14.424814918752409],[-91.30904305674153,14.424470949646777],[-91.30910858362209,14.423852302208363],[-91.30992405540738,14.423088767362463],[-91.31052515990358,14.422928124787912],[-91.3122121002193,14.42289048725866],[-91.31273665287087,14.42250446548491],[-91.31282886241425,14.42088050434892],[-91.31347387513978,14.420121384858524],[-91.31309108574426,14.418768564142137],[-91.31347621484875,14.417190756434703],[-91.31322912799469,14.416906546265185],[-91.31272592169367,14.416768506248564],[-91.31171632715855,14.417300191433965],[-91.31110902565908,14.418208706937046],[-91.31082213679724,14.42036113861888],[-91.31048757892371,14.421300977458094],[-91.30978068137689,14.421425839603106],[-91.30703772481256,14.42138584101301],[-91.3063886876899,14.421677184709669],[-91.3048177725277,14.422852167182958],[-91.30434539270816,14.422928986901475],[-91.30357214821292,14.422552863315968],[-91.30306125930208,14.421744791569038],[-91.3045952338903,14.41924659043801],[-91.30495560989816,14.418344229981251],[-91.30422924120641,14.417366277164895],[-91.30461462964664,14.416451669110923],[-91.30469620704983,14.415627519904227],[-91.30346835834514,14.413673228748497],[-91.30347321833432,14.412724253738945],[-91.30308112390712,14.411767907137198],[-91.30262535931425,14.41156692094549],[-91.30193054412433,14.411630841436626],[-91.3005942406589,14.412522786061963],[-91.29963482704572,14.41232155798761],[-91.29985402864318,14.411923197186304],[-91.3015092796813,14.41024158020409],[-91.30154909016986,14.409882598723238],[-91.30124991126006,14.40898001775588],[-91.30103862427737,14.408793215105762],[-91.29957267743707,14.408592862954205],[-91.29817671128558,14.40864155594582],[-91.29731658503488,14.409258989889338],[-91.29680859881341,14.4093728229628],[-91.29521022417866,14.408676649408623],[-91.29304093926538,14.407530081804612],[-91.29289996116806,14.407244361152951],[-91.29324626916062,14.406213125260072],[-91.29191794739127,14.4046105499222],[-91.29238869371872,14.403905588223255],[-91.29433346857218,14.402788738033435],[-91.29512986817916,14.401555128245551],[-91.29562500154789,14.401452501981016],[-91.29720587501718,14.401546373624104],[-91.29770389198991,14.401139855067846],[-91.29765554849804,14.398878833247585],[-91.29801122684904,14.397370889721936],[-91.29780929328055,14.396945770831627],[-91.29729696066563,14.396490171575552],[-91.29699721797076,14.39635356914795],[-91.29672995253975,14.396443154765942],[-91.29556860301497,14.398957561264421],[-91.29490716685807,14.399515415394387],[-91.29445114732799,14.39927600249498],[-91.29372000389354,14.398177107052591],[-91.29271482038034,14.397525878817742],[-91.29256847015489,14.396956547487202],[-91.29266960667589,14.396307660600277],[-91.29395856428333,14.394543228592168],[-91.29389014346262,14.39401400220445],[-91.29357360916474,14.393571107011175],[-91.29296605849144,14.393445835195989],[-91.29092067401662,14.39370559032249],[-91.29006552232549,14.394512839441717],[-91.2899578120879,14.394882624276349],[-91.2906621891378,14.39591580849651],[-91.29053877521778,14.397967705222628],[-91.29026058926709,14.398653721649934],[-91.28983270726926,14.399134166239985],[-91.28868891609144,14.39994157787846],[-91.28744519811636,14.40009638354764],[-91.28671055050755,14.39999276838513],[-91.28582824041176,14.399418097308704],[-91.28286068931938,14.399458688980484],[-91.28090405131925,14.39901967175117],[-91.27960530177451,14.399247470301512],[-91.27657127281594,14.400173231578941],[-91.27501654647399,14.400376541348182],[-91.27361239371623,14.400367416250326],[-91.27209290918412,14.400208311330186],[-91.27042804991285,14.399511497905134],[-91.26770387790896,14.396853561963699],[-91.26556114761672,14.393880146933638],[-91.2645979925606,14.393204262966831],[-91.26412529978248,14.393404148328285],[-91.26377391458209,14.393879454051882],[-91.26413191280581,14.395697599228614],[-91.26385409407546,14.397076118765755],[-91.2628474031502,14.398206383655198],[-91.26233835837779,14.398459095289796],[-91.26195299237784,14.398456261357138],[-91.26170002839034,14.39714614644883],[-91.26171127800544,14.395243724418453],[-91.2623632910093,14.392990140411854],[-91.26199741427557,14.392641746103362],[-91.26095877397863,14.393334555011284],[-91.2595340367411,14.395016438804497],[-91.25665847049454,14.400686931186309],[-91.25595637867886,14.400946111500694],[-91.25557691866433,14.400779496590616],[-91.2552744363168,14.400476749833851],[-91.25515028274974,14.399673710830434],[-91.25619511490966,14.395876424367113],[-91.25675645533894,14.392395283398713],[-91.25676814347283,14.39103853839119],[-91.25642721907506,14.39031411349126],[-91.25701298041801,14.389657527713895],[-91.26040226507456,14.387968651628425],[-91.26106582885124,14.387440288304814],[-91.26149214864792,14.38686611843603],[-91.26158212498756,14.386396802113573],[-91.26146209844717,14.385956445442737],[-91.2599763502689,14.38474798048584],[-91.2601089787733,14.384233788511388],[-91.26056599003674,14.383736668808233],[-91.26181362195692,14.383363983165369],[-91.26307384908814,14.383385667561065],[-91.26447509006803,14.384507632453797],[-91.26578998544278,14.384955622405792],[-91.26612168767404,14.384700469729234],[-91.26628362407176,14.384291555032839],[-91.26566205511956,14.383510855498812],[-91.26574986853576,14.383020055177997],[-91.26678098257291,14.382618640336911],[-91.26784352175675,14.382575583939907],[-91.26847135091415,14.38224351235932],[-91.26860728367787,14.381824237203887],[-91.26851813821004,14.381360383856379],[-91.26751475915749,14.380419858103222],[-91.2671643854541,14.379489761066617],[-91.26674819491089,14.379129709221205],[-91.26474096228381,14.38069439644662],[-91.26435779307013,14.380485970116744],[-91.26380644243747,14.379544227268738],[-91.2631873095418,14.379351014052473],[-91.26268772330027,14.379435467207552],[-91.2620888076265,14.380000465336385],[-91.26028489285615,14.37999850534489],[-91.2593033161332,14.380663488998772],[-91.25884898764957,14.380515537381436],[-91.25794542732756,14.379562153078886],[-91.25750580566502,14.379311499984475],[-91.25625912251417,14.379638981520452],[-91.25544736604164,14.380074730341624],[-91.25533589147979,14.380774354224458],[-91.25597599249195,14.382222896363869],[-91.25561003937504,14.38285850766141],[-91.2556159041925,14.383670842111078],[-91.2553055989821,14.384005219362697],[-91.2553143069184,14.384824353114045],[-91.25435461058024,14.385801284717866],[-91.25255138049219,14.386823948561675],[-91.25156211477818,14.388321462171932],[-91.24983607426479,14.391556718231534],[-91.24933761599983,14.391715711349478],[-91.24866255987602,14.391409069212001],[-91.24826631613641,14.390945196976707],[-91.24789498035489,14.389591268463274],[-91.24797443321624,14.388097202205321],[-91.24767626184946,14.387467983437194],[-91.24724157024751,14.387030939318397],[-91.24582897737486,14.386557269737137],[-91.24159747538597,14.385598325812275],[-91.23785056281761,14.3840362492939],[-91.23705457179774,14.384007723056666],[-91.23608938183531,14.3841993616499],[-91.23526776486625,14.384482446594763],[-91.2347194735641,14.384863596486575],[-91.234273443405,14.385578781590933],[-91.23388098532683,14.386776764327717],[-91.23375773188526,14.390071293150669],[-91.23331083057442,14.390453195270643],[-91.23260991425339,14.390417453927435],[-91.23092167409179,14.388744113828691],[-91.23000504203692,14.388580220827475],[-91.22912437135852,14.389074100486322],[-91.22857994570022,14.3907996488207],[-91.22821210156195,14.391222802994255],[-91.22373512935982,14.390896608659643],[-91.22287010439159,14.391241455228865],[-91.22092600097292,14.392542971725563],[-91.21998278906489,14.392953872252747],[-91.21696600063811,14.39286674267437],[-91.21617045183072,14.393217735379896],[-91.21554673872762,14.39301984433584],[-91.21514484478725,14.392546843079561],[-91.21514193257723,14.392329913155365],[-91.21795512487161,14.38951777185468],[-91.21791304825518,14.389050875989545],[-91.21758137410112,14.388419116162778],[-91.21675648956385,14.388306702309492],[-91.21556531557017,14.388419727199246],[-91.21139176396738,14.389445620072838],[-91.21043457977505,14.389064438069182],[-91.20907743808633,14.388043058227709],[-91.20843538794409,14.387894719593117],[-91.20697630813086,14.388466598763399],[-91.20583761921023,14.389481491736321],[-91.20543809758874,14.389658085923672],[-91.20507203578387,14.389345763050727],[-91.20479272203171,14.3886929218336],[-91.20502307519405,14.387712940670799],[-91.20549192174704,14.38698217839991],[-91.20542675553266,14.386797538876795],[-91.20509066489468,14.386433476600347],[-91.20344281202902,14.386843480594758],[-91.20280129725455,14.386774212051378],[-91.20257592994956,14.386333037204874],[-91.20239705002199,14.384426965449324],[-91.20176985925278,14.383872023159025],[-91.20091747077608,14.383507419528309],[-91.19881636840978,14.383425905594114],[-91.19830275872867,14.383667143354213],[-91.19712835427018,14.384726909805638],[-91.19620856430501,14.384602406092057],[-91.19602958484434,14.384231622912466],[-91.19672267893431,14.381843032235071],[-91.19670076561447,14.381107417647177],[-91.19639120267067,14.38018433627258],[-91.19579484322615,14.38012330323613],[-91.19443418838583,14.381719382804496],[-91.19369479678448,14.382078637191237],[-91.19315427863903,14.381558228283428],[-91.19315102349829,14.37980036244223],[-91.19256815129238,14.378494475597076],[-91.19217088641335,14.378031645604482],[-91.19174834063153,14.377758414428868],[-91.1911211649405,14.377639519360441],[-91.19026849942851,14.377674799129437],[-91.18922530861828,14.378055440654858],[-91.18846992138667,14.37766781483156],[-91.18866539499146,14.376996000702206],[-91.18987498267451,14.37559537039211],[-91.19085971690808,14.375060636175965],[-91.19289858712784,14.375159812396234],[-91.19376370558496,14.374871560100368],[-91.19439253174723,14.374423341119304],[-91.19472578474874,14.373764997529243],[-91.19477728023278,14.372980235335845],[-91.19384283550596,14.371800458418715],[-91.19367783354315,14.371061492904445],[-91.19423601621064,14.370533653672345],[-91.19626842753486,14.369193483365143],[-91.1968299402975,14.368465701531905],[-91.19681811628458,14.36697663923506],[-91.19652915171046,14.365726096888626],[-91.1937123674763,14.360333940555174],[-91.19364971697534,14.357887619079207],[-91.19348080121624,14.357059376109213],[-91.19262872561497,14.35666990294647],[-91.19208102110848,14.356835182349096],[-91.18884651591365,14.358742296733993],[-91.18847486766774,14.359277200576004],[-91.1881777042619,14.36164394429096],[-91.18789258703985,14.362369300676127],[-91.18681067353225,14.3630343314626],[-91.1856891777966,14.362858545201846],[-91.185902538152,14.362194777121184],[-91.1871160793005,14.36101334774174],[-91.18784510042504,14.357615089452825],[-91.18957995146035,14.355438958898054],[-91.18951503354762,14.354433013827189],[-91.18900475694981,14.353907185114275],[-91.18599319832404,14.352595145663786],[-91.18535220960689,14.35290542942961],[-91.18370479873508,14.354223613979093],[-91.18309074829102,14.353922921605003],[-91.18300383509313,14.353420661961632],[-91.1831970734943,14.352808708343144],[-91.18589088445214,14.350838783339494],[-91.18612637744536,14.350230538634293],[-91.18617353432028,14.34941072519271],[-91.18580356922038,14.348155038405306],[-91.18471074800928,14.347233862383234],[-91.18414783439249,14.347275869952188],[-91.18265738198619,14.348102698077753],[-91.18207240061663,14.348079007813459],[-91.18163610398437,14.347866664595696],[-91.18222620154701,14.346825074148498],[-91.18221181299609,14.345017420141282],[-91.18259962027736,14.343267074905562],[-91.18221052006109,14.342519610389129],[-91.18125507281353,14.341667258403529],[-91.1809684035035,14.341222211779192],[-91.18067012863824,14.339199994508938],[-91.17932481810843,14.339995158184468],[-91.17842805832328,14.339410989514546],[-91.1779872849732,14.339970201271846],[-91.17771329452998,14.34125483927196],[-91.1777022918558,14.343117650859996],[-91.17866272268868,14.345359601489765],[-91.17866390198279,14.347436022679018],[-91.17934344250178,14.349452131358643],[-91.17915662485841,14.350200825714522],[-91.17846384199929,14.350467763643147],[-91.17801625059083,14.351078886964657],[-91.1789560438171,14.353296956523351],[-91.17896436653646,14.353629155910685],[-91.17850465882316,14.354089934655835],[-91.17785198325589,14.353766338370948],[-91.177269269855,14.353174407268199],[-91.17649686635208,14.352253399412684],[-91.17625483964473,14.35173299981199],[-91.17631658211855,14.351334686887308],[-91.17685499076774,14.350384222765063],[-91.17702681107032,14.348768926922816],[-91.176931532823,14.345506716309282],[-91.17599801683714,14.344021874281568],[-91.17666504704368,14.34242394285109],[-91.17672994483107,14.341276654288315],[-91.17652239112466,14.340578026261987],[-91.17555550352586,14.339997826994626],[-91.17442653150482,14.340045625940306],[-91.1726495787031,14.340911986740345],[-91.1712655419698,14.342120275403321],[-91.17056377917763,14.342139716647074],[-91.17025832960354,14.341798447659626],[-91.17020811431102,14.341489649812758],[-91.17143990551229,14.34012316420572],[-91.17334206613953,14.338675975597216],[-91.17452125637541,14.338006096676231],[-91.17555071730357,14.337653638352256],[-91.17816991580126,14.337659081227395],[-91.17884148305322,14.337574990337258],[-91.17919773842698,14.337365338776467],[-91.18026403363834,14.336180541914667],[-91.18023843034614,14.335620007105112],[-91.17992862348079,14.33502791974753],[-91.17927277131713,14.334458030732115],[-91.17798677994755,14.33393752872211],[-91.17752323072718,14.334018697327208],[-91.17563707318124,14.335142952748587],[-91.17520796802975,14.33469002758104],[-91.1755728247928,14.334061324247417],[-91.17536710244923,14.333423714492882],[-91.1751372618561,14.333332699788789],[-91.17414512242398,14.333800676286808],[-91.17374544641373,14.33479400572553],[-91.1734000606588,14.335235323419326],[-91.17299048648181,14.3355902881618],[-91.17262774568074,14.335527619935222],[-91.1722328087504,14.334862567615449],[-91.17234161469221,14.334304199162792],[-91.17415177658306,14.330759544113794],[-91.17409091020635,14.329905013845595],[-91.17360169612968,14.329579282011935],[-91.17266143245342,14.3307254796016],[-91.17205949918574,14.33072649278412],[-91.17157617353568,14.33096113853386],[-91.17136480757016,14.33459491653661],[-91.1702011058108,14.335642223124141],[-91.16874458332617,14.338502703444336],[-91.16811748944278,14.33846058117493],[-91.16780771557411,14.338010824584407],[-91.16872032457636,14.335639835899086],[-91.16966971379452,14.334088163793218],[-91.16958173703499,14.333506814799302],[-91.1690750177607,14.333267926095221],[-91.16858391161642,14.33338953388034],[-91.16622392763671,14.335427374281522],[-91.16401586377113,14.33801313932946],[-91.16399126543082,14.338330396149871],[-91.16433349123098,14.338920491538186],[-91.1642637154689,14.339449783393517],[-91.16230952070836,14.339597328762645],[-91.16179166975515,14.339515366536471],[-91.16161921288015,14.339207880220158],[-91.16219154856547,14.3381492635499],[-91.1639823861576,14.335649536408113],[-91.16399009207932,14.33456055983417],[-91.16419727951366,14.334159987697905],[-91.16609880524142,14.332432683932215],[-91.16747780713744,14.331767771649668],[-91.16796797916085,14.329691763410244],[-91.16891923578993,14.329548852805933],[-91.1710524174698,14.329608229134262],[-91.17181979833896,14.329207445390946],[-91.17215563092789,14.328514130065019],[-91.17220232013487,14.32797109871504],[-91.171815809758,14.327340003129462],[-91.17045229076912,14.325956900591937],[-91.17020106527482,14.325360736994043],[-91.17048950496839,14.324939318621862],[-91.17111022714026,14.324476400869735],[-91.17240501880252,14.324115825845556],[-91.17269128799468,14.323604010499553],[-91.1723683958813,14.323272779351443],[-91.17067117734308,14.323109458134203],[-91.17094018517395,14.322225837402545],[-91.17063534400422,14.321812274537617],[-91.16947082927389,14.322539871384576],[-91.16891190487326,14.323526317128826],[-91.16878560067853,14.324742039889651],[-91.16917435022727,14.325666880793845],[-91.16922893775804,14.326221989024045],[-91.16906054730265,14.327126717113773],[-91.16802222062121,14.327934355823825],[-91.16550715886852,14.329315768645353],[-91.16215482267687,14.332702673353705],[-91.1618624889504,14.332745597288524],[-91.16123082012,14.332414218961143],[-91.16087864128706,14.331981072549523],[-91.16076096092239,14.329787404734368],[-91.16040627225973,14.32895206398061],[-91.15871605644806,14.327359633082947],[-91.15802704461511,14.327242447054974],[-91.15800269756836,14.327599244253594],[-91.1590767402973,14.3292343491175],[-91.15909139946349,14.33056186420843],[-91.15883004150625,14.330855819008297],[-91.15834823423371,14.330974088600675],[-91.15742084169028,14.330393001439514],[-91.15662603358356,14.331453268053233],[-91.15603901521348,14.332890206656405],[-91.15621423666335,14.333212403391572],[-91.15663549593239,14.333485674944756],[-91.15822175758234,14.333551088498407],[-91.15868684249116,14.333920721642038],[-91.15956146800421,14.335148716299356],[-91.15965277314531,14.33581594939195],[-91.15946588729886,14.336283326407365],[-91.1590602875604,14.336432689319482],[-91.15762336556934,14.334394849444177],[-91.1570583753407,14.334340754878829],[-91.15664298085296,14.334625601993617],[-91.15752482711264,14.335748596989317],[-91.15750685528205,14.339224549799582],[-91.15818981836733,14.340512065554625],[-91.15719221885865,14.342136735043216],[-91.1570989164671,14.346603977343435],[-91.15640941766006,14.346681084980926],[-91.15605843501497,14.346242291212324],[-91.15594993612757,14.345553459950098],[-91.15602262732114,14.34098777604243],[-91.15568807923702,14.340240702142953],[-91.15563432745935,14.339658488404423],[-91.15573534883075,14.338711455061677],[-91.1560776472934,14.338227215052681],[-91.15606811966177,14.337762833910055],[-91.15593547412809,14.337334775882622],[-91.15553738519692,14.33720289519012],[-91.15522521376519,14.337403813960385],[-91.15399332428518,14.340330320639591],[-91.1534479324794,14.341064898516594],[-91.15308252859717,14.342175936478556],[-91.15304398750935,14.342920107865705],[-91.15401645151464,14.34429800497252],[-91.1541760671928,14.344899117840642],[-91.15430728957284,14.347127906246952],[-91.15417817264509,14.348744630030295],[-91.15388569226343,14.349934184648458],[-91.15242140363797,14.35306785439494],[-91.15197027901094,14.35332416739774],[-91.15166451854093,14.353234796197771],[-91.15142559177441,14.353049921707854],[-91.15119082353853,14.352429016438185],[-91.15114767054403,14.35168646889435],[-91.15183251120682,14.349000870669228],[-91.15195095107602,14.347981677002371],[-91.15147727919603,14.344843073108937],[-91.15116166150827,14.344191036251246],[-91.15060354193618,14.343791289929262],[-91.15019203362101,14.343881845065422],[-91.14927381882774,14.344649652314795],[-91.14884599392666,14.34425769718727],[-91.1522607793126,14.338173791478374],[-91.15223742427288,14.336781820606662],[-91.1516487416897,14.33594238756967],[-91.15323325375529,14.33572765717721],[-91.15378039901138,14.335343298740352],[-91.154126374475,14.334834236534945],[-91.1539229024498,14.334212448178294],[-91.15254697163634,14.33286982355203],[-91.1526327026862,14.332588066125293],[-91.15320935732778,14.33199494342969],[-91.15406463851505,14.33140511606456],[-91.15398367285741,14.330821560897629],[-91.15366719922105,14.330558138300255],[-91.1525754593458,14.330593700838682],[-91.15074140329871,14.331926017791915],[-91.14983171725048,14.333214690747612],[-91.14869007166665,14.335447105594117],[-91.14809509081398,14.336011829344748],[-91.14780892559409,14.3360084657412],[-91.14725194755863,14.335684412771101],[-91.14699794827143,14.33543276629301],[-91.14695446290149,14.335084480283554],[-91.14815027355344,14.333101031492484],[-91.14927050494836,14.3317123352962],[-91.1512621223092,14.32988757945856],[-91.15228070409793,14.329447020655754],[-91.15463850728706,14.329451807647025],[-91.15501447819513,14.32881531966519],[-91.15489078173526,14.328214486868749],[-91.15365829552108,14.327610680853569],[-91.15343385795114,14.327357011868587],[-91.15443488186297,14.326157146321574],[-91.15441970611715,14.32553343336878],[-91.15419731476504,14.32517132981657],[-91.15349161661172,14.32525395886857],[-91.15262832086606,14.325693474414527],[-91.14908931753791,14.32894090353871],[-91.14872792382302,14.328857876573032],[-91.14846150962887,14.328566595973781],[-91.14936688061084,14.32737843608918],[-91.1493181674987,14.326748814487543],[-91.14890878007948,14.32651403449238],[-91.14810992518306,14.326864788388656],[-91.1475955046192,14.326651780798972],[-91.14826242797875,14.325788246583425],[-91.1499231163212,14.324681662794275],[-91.1511870529731,14.324130047962177],[-91.15456655992807,14.323159942918766],[-91.15501898840175,14.322877644288262],[-91.15493727055956,14.32217320521897],[-91.15441918309955,14.321700353030872],[-91.15262739726016,14.32184231920959],[-91.15103363541678,14.322561960280698],[-91.15034755575094,14.322513688449982],[-91.14997732357034,14.322308588132035],[-91.15039954087216,14.321683764545753],[-91.1511986525776,14.321086727815958],[-91.15478621968357,14.31995781626237],[-91.15460154627057,14.319659269823166],[-91.15415176367844,14.319406110483907],[-91.15217286469279,14.319408797515715],[-91.15178300191816,14.319266810831405],[-91.15219418349052,14.318431772553263],[-91.15452627498917,14.315826736469084],[-91.15424445443995,14.315011161631414],[-91.15389151451741,14.314817499658007],[-91.15221784897116,14.316955438113443],[-91.15175371070457,14.316333881099421],[-91.15206536243498,14.31534329891395],[-91.15242582609662,14.314758658156041],[-91.15414496597202,14.312866214441678],[-91.1541085077967,14.312365473222599],[-91.15388798737283,14.31220108290114],[-91.15259049676561,14.312898191424974],[-91.15136160773852,14.314201345084056],[-91.15095919897577,14.314956242283898],[-91.15090628371193,14.316537410323111],[-91.14996854954953,14.319137454751594],[-91.14931869875475,14.319405778971934],[-91.14847869228608,14.318773379036799],[-91.14808618361424,14.318813247417792],[-91.14787815702607,14.321998502860422],[-91.14734509838401,14.322504967781228],[-91.14680355051557,14.322351621895653],[-91.14669946708167,14.318870212666402],[-91.14620325856602,14.318699145026347],[-91.14549938667699,14.318985111918733],[-91.14495702668557,14.32069462561414],[-91.14463743781475,14.322716544009486],[-91.1450404678508,14.323441568567459],[-91.14583713439933,14.32420242826707],[-91.14595888720025,14.324754670892535],[-91.14587453078802,14.325291747565933],[-91.14552203291312,14.325607568666815],[-91.14505207905047,14.325694272858923],[-91.14367043913127,14.324495034279916],[-91.14349513521235,14.32510143947151],[-91.14341887394488,14.327752236810273],[-91.14309279590381,14.327954160918152],[-91.14276958365494,14.327878202134366],[-91.14239133864122,14.32681671897695],[-91.1419602609338,14.32647330742789],[-91.14102506874285,14.328956959772698],[-91.1407625254735,14.33143119038327],[-91.1401334581509,14.332475745497733],[-91.13998779584045,14.332506235200785],[-91.13960468583528,14.331965498537585],[-91.13948120091692,14.331063036112027],[-91.14048932142323,14.326622206454203],[-91.140224112065,14.326467620331707],[-91.13987041074411,14.326506647741946],[-91.13827230183925,14.327955941294885],[-91.13793420932673,14.327928436128758],[-91.13758180839486,14.327669231492152],[-91.13787803901965,14.327012945313328],[-91.13939842531997,14.325504300716748],[-91.13945583791897,14.325145508399068],[-91.13924840855846,14.324306780529113],[-91.13905278000509,14.324144830928796],[-91.13842747896427,14.324102649182747],[-91.13799101456107,14.324273199207996],[-91.13553774759205,14.327278127993749],[-91.13494607546126,14.32730172231041],[-91.13462812768314,14.327080064217329],[-91.13502652658669,14.325698194527293],[-91.13487314505414,14.324910725277615],[-91.13459481326461,14.324452143811488],[-91.13413587613803,14.324607823794102],[-91.1326711042886,14.325903357721751],[-91.13229131032112,14.325595354149455],[-91.13192371241207,14.324863812893744],[-91.13128447389434,14.324755980658615],[-91.13078488496363,14.325623037119238],[-91.13074020350484,14.329688430668025],[-91.13012986071159,14.330705989648921],[-91.12805517774127,14.332747921677647],[-91.12777329885044,14.333415601290456],[-91.12764795634138,14.33441777276125],[-91.12596706469887,14.334218313485893],[-91.12680345889638,14.332046635834654],[-91.12670926429158,14.331504516861985],[-91.12601404014669,14.331545016074264],[-91.12590652222283,14.331339793043052],[-91.12503903488395,14.330991181438698],[-91.12434378689878,14.331022671619527],[-91.1242200274366,14.331254191980532],[-91.12404404230105,14.331262069837317],[-91.12402615616456,14.331104808964746],[-91.12370792577622,14.330970053245085],[-91.123722957644,14.330020869757723],[-91.12336664395372,14.329692624166954],[-91.12265152878862,14.329733165571671],[-91.12253368408587,14.330213872927683],[-91.1223425528784,14.330244829262105],[-91.12225631078495,14.330489491735552],[-91.12205308889827,14.330494526372583],[-91.12201241217423,14.330296541453023],[-91.1223925993086,14.329481992862538],[-91.12294777884651,14.329088855977538],[-91.12364339880958,14.329194020450924],[-91.12406177900779,14.329621677900825],[-91.12433938559838,14.329431595956587],[-91.12475670609356,14.329475783810066],[-91.12489721922984,14.329998449501566],[-91.12531439410458,14.329989671099302],[-91.12559301737997,14.330166636719616],[-91.12587044847935,14.32991352440578],[-91.12600829157924,14.329472487135977],[-91.12647224065107,14.329606855366205],[-91.12647186431252,14.329471264411692],[-91.12698093975892,14.329179404305718],[-91.12711913122969,14.328864688504142],[-91.12814799241686,14.328788876318029],[-91.12815287156397,14.328321706873105],[-91.12757948364228,14.327705644152484],[-91.12755830781482,14.32675655647852],[-91.12808642801035,14.326649758676403],[-91.12841586431702,14.326347512851575],[-91.1283863412919,14.32566963125835],[-91.12788865231836,14.325535355666917],[-91.12755235495653,14.32510351550096],[-91.12710838191948,14.324995049410486],[-91.12710800532521,14.32485945842006],[-91.12627325617309,14.324726069093543],[-91.12627288008763,14.324590478078404],[-91.12641194210767,14.3245901113413],[-91.1264575663655,14.324318806992366],[-91.12807960832534,14.324198263539026],[-91.12839861464619,14.323906903344323],[-91.128396140666,14.323188696169469],[-91.1279027111023,14.323094662973784],[-91.12792157595516,14.322943925913727],[-91.1284135218591,14.322822128122983],[-91.12838678368176,14.322144238946052],[-91.1281195195181,14.32187376183144],[-91.12848994699776,14.321737190053593],[-91.1284895696633,14.321601599062081],[-91.12890675001202,14.321600494938314],[-91.12946217185694,14.321305329477147],[-91.1295997825833,14.32078510729672],[-91.12979407433345,14.32064900031673],[-91.1297363221048,14.319880887155499],[-91.1293190188257,14.319836707334186],[-91.12918084136349,14.320153542911797],[-91.12876366370956,14.320154647407875],[-91.12848541924498,14.32011009805314],[-91.1283450398438,14.319635897336862],[-91.12737168985954,14.319660980071257],[-91.12732581659608,14.319841978865476],[-91.12757819268074,14.319911756614577],[-91.12765112650307,14.320134814093763],[-91.12806861865603,14.320246792344268],[-91.12806899570053,14.320382383362178],[-91.12758266459315,14.320519260641035],[-91.12756349009796,14.320974021257106],[-91.12699316741339,14.321063185352942],[-91.12678570656314,14.321470508927494],[-91.12723802840428,14.321604907038195],[-91.12723840498741,14.321740498062328],[-91.12756327828805,14.321875232017844],[-91.12754519327511,14.322037884274636],[-91.1272395347606,14.32214727112533],[-91.1272399113595,14.322282862143105],[-91.12654473407464,14.322329982436411],[-91.12640492125524,14.322059167114874],[-91.12543137252756,14.322016446795118],[-91.12543099702171,14.32188085572711],[-91.12515268859431,14.32181379229754],[-91.12501456639136,14.322153135924017],[-91.12507130293436,14.322559762811748],[-91.12487688126885,14.322650580789741],[-91.12479884853323,14.323160845254943],[-91.1244960889956,14.323239236142015],[-91.12447381798758,14.32338680403065],[-91.12373190754869,14.323478530251547],[-91.12363924535038,14.323659121626704],[-91.12262016391112,14.323752631337307],[-91.12251708259332,14.324193575858564],[-91.12237802071395,14.32419394030531],[-91.12237764698203,14.324058349182971],[-91.12205942759695,14.323923590732791],[-91.12207018970321,14.323516786206074],[-91.12228076721537,14.323423544679931],[-91.1223119537026,14.322642219337663],[-91.12394292759451,14.32256272948059],[-91.12390179064266,14.322050659610344],[-91.12348456738732,14.322036659873426],[-91.12338362258319,14.321848631867075],[-91.12284408582342,14.321752060670196],[-91.12284371187818,14.321616469532119],[-91.12292633914285,14.321318056139226],[-91.12371477271613,14.321478591922943],[-91.12376002528735,14.321071696794991],[-91.12389908520743,14.321071331616949],[-91.12391154079685,14.320787138110372],[-91.12370994237223,14.32071298590049],[-91.12367492815973,14.32047526197461],[-91.12391593014213,14.319967218048939],[-91.1234779753793,14.319648719971484],[-91.12347666545668,14.319174150954927],[-91.12417104961685,14.318843146059384],[-91.12417864983107,14.318350015676733],[-91.123752386594,14.318305584630812],[-91.1234747942219,14.318496195184],[-91.12312474657296,14.319103305719088],[-91.12291008185967,14.319165573653693],[-91.12278324084714,14.319853930380583],[-91.12257817477337,14.319925441873579],[-91.12250594428298,14.320152853922885],[-91.12208869169824,14.320126934393324],[-91.1219452455304,14.318534102028133],[-91.12144143854006,14.318637114443897],[-91.12143678613852,14.319043903160244],[-91.12120113941073,14.319180111594243],[-91.12111527590923,14.320129481347793],[-91.12097621649518,14.320129844872897],[-91.12094912298983,14.320401100045606],[-91.12120096269804,14.320942810320089],[-91.1214794556191,14.321077674066107],[-91.12146665536166,14.321484484016333],[-91.12115909948575,14.321620880593862],[-91.12084386627888,14.322570849802336],[-91.12070480535444,14.322571213229121],[-91.12063065226211,14.322100012366445],[-91.12042519345276,14.322029575064468],[-91.12058047228079,14.321605443918381],[-91.12006756759669,14.321216955776185],[-91.12003141204553,14.31969640485404],[-91.11958429347123,14.319649107712491],[-91.11945983879713,14.320146780258888],[-91.11902957009613,14.32020272130548],[-91.11900832178348,14.319708871398612],[-91.11918840284297,14.319613063842244],[-91.11924528479418,14.31918521745159],[-91.11892707409052,14.319050454397583],[-91.11860784261529,14.318542814877759],[-91.11819072289818,14.318564292347613],[-91.11805299979264,14.319052729816608],[-91.11757182882394,14.319116480605082],[-91.11749528181635,14.318511810916698],[-91.11707762445995,14.318336520119756],[-91.11673472119439,14.318855945033711],[-91.11617589016913,14.319125401651348],[-91.115846919099,14.319600827671435],[-91.11555175382878,14.319724737971008],[-91.11485621429277,14.3196372917893],[-91.11471650925324,14.319400366738119],[-91.11401425725482,14.319341007259395],[-91.11401967804022,14.318837288867002],[-91.11471509452436,14.318880511520996],[-91.1147939224854,14.318654408609389],[-91.11340697347674,14.318522401076377],[-91.1134613557011,14.318070197831258],[-91.11429546013613,14.317977736164675],[-91.11429398531297,14.31743537055216],[-91.11401586943899,14.317436089403182],[-91.11401476386285,14.317029315156242],[-91.1137362801233,14.316894442234712],[-91.11345632402458,14.316217203218434],[-91.11470783871592,14.316213969041849],[-91.11480175102164,14.31666578889402],[-91.11501519452715,14.316728530638997],[-91.115084931823,14.317203982662763],[-91.11554513710784,14.317296540319333],[-91.11563117193802,14.318245463706143],[-91.11610420318225,14.318334544176876],[-91.11614848319073,14.317566161193072],[-91.11637997743323,14.317475254187437],[-91.11643835956791,14.317023040077643],[-91.11672601794857,14.316886701332512],[-91.1167538693872,14.316170002475976],[-91.11730243786289,14.315800466132156],[-91.1172090889195,14.31555653650967],[-91.11679184506109,14.31553060730118],[-91.11665204824673,14.315259785443882],[-91.1162348786324,14.31526086757763],[-91.11616608989308,14.315532230625323],[-91.11637504485526,14.315667281074253],[-91.1163761545711,14.316074055186816],[-91.11568160831479,14.316347040398723],[-91.11568123881506,14.316211449014759],[-91.11505511250995,14.316077478088406],[-91.1150510524417,14.31458597256938],[-91.11478590028327,14.314234171411549],[-91.11456324952523,14.314180457348472],[-91.11456140571235,14.313502500146747],[-91.114839516716,14.313501780850414],[-91.11483877888415,14.313230597973135],[-91.1153950001779,14.313229158432852],[-91.11539426169408,14.312957975577675],[-91.115672371984,14.312957255333629],[-91.11566609266062,14.310652200934651],[-91.11510987773748,14.31065364085589],[-91.1146938227876,14.311061494355629],[-91.1146949291054,14.311468268754535],[-91.11441718921004,14.311604579252052],[-91.1144182950737,14.312011353653592],[-91.11414018588214,14.312012072383746],[-91.11414092281025,14.312283255324504],[-91.11386281326948,14.312283973743558],[-91.1138642865046,14.312826339634762],[-91.11330806604212,14.312827775553405],[-91.1133088020155,14.31309895851802],[-91.11275258082392,14.313100393163353],[-91.11275331614527,14.313371576150116],[-91.11233614971064,14.313372651301284],[-91.11233504748522,14.312965876787048],[-91.1110802505143,14.31174877383982],[-91.11038497787845,14.311750560259254],[-91.11024537416883,14.311547529936478],[-91.10899388427445,14.31155073958769],[-91.10830025426047,14.312162682179606],[-91.10830134915925,14.312569457028253],[-91.10802323896222,14.312570168628598],[-91.10802396858011,14.312841351867343],[-91.10705058160227,14.31284383995547],[-91.10649290483792,14.312302893292708],[-91.10640822112964,14.311842041568717],[-91.10615715005599,14.311544484168618],[-91.10562505700607,14.311325767282964],[-91.10555716394974,14.311530388502334],[-91.10523959428807,14.311628124862652],[-91.10551951990216,14.312305375019415],[-91.10538046489602,14.312305729226411],[-91.10528575031945,14.312890183932065],[-91.10501148915876,14.312984631803078],[-91.10503573151804,14.31339134793257],[-91.10524467820252,14.313526408535479],[-91.10524722043934,14.314475550257656],[-91.10510816409085,14.314475904357897],[-91.10497055986156,14.31501862506896],[-91.1044708129044,14.315345371947075],[-91.10441578392818,14.31556240710991],[-91.10397113668591,14.31569913022855],[-91.10358289054567,14.316106894511359],[-91.10316589934074,14.316175749615764],[-91.10312744523196,14.31665042138587],[-91.10285501002362,14.316922297959893],[-91.10255619387706,14.316977345906631],[-91.10247205836579,14.316719880284483],[-91.10227123195249,14.316727804602884],[-91.10224086016633,14.316923855309549],[-91.10247296233723,14.317058859562692],[-91.102510258231,14.318007913336524],[-91.10311626267453,14.31841315365581],[-91.10306173868635,14.318820069840985],[-91.10256786463188,14.318908981403839],[-91.10247838666275,14.3190927350282],[-91.10150497175202,14.319095201458529],[-91.10140790304484,14.319947668006083],[-91.10081292126368,14.320317286239456],[-91.10084569982314,14.321025356989818],[-91.10065576936528,14.32099564675649],[-91.10067494301973,14.320724413030026],[-91.10039687378263,14.3207444485116],[-91.10037435244432,14.32031839498702],[-91.10067386120552,14.320317637885381],[-91.10067314001496,14.320046454447912],[-91.10115190880542,14.319970031916379],[-91.10116615435902,14.31868928111278],[-91.10173526980081,14.318552247801495],[-91.10164186420843,14.318281299086163],[-91.10150280542487,14.318281651168375],[-91.10146376639369,14.317874972085916],[-91.10166976064949,14.317767459484717],[-91.1017776722505,14.31706062144494],[-91.10191673027542,14.31706026923123],[-91.1020547042847,14.316653141769883],[-91.10196800466242,14.31543302758317],[-91.10177297728143,14.31529792886626],[-91.1017255190542,14.31489127104375],[-91.10194535356165,14.314755121660067],[-91.10204567217737,14.313263348173361],[-91.1021847278585,14.313262995894238],[-91.10223037969523,14.312991694872034],[-91.10204458848341,14.312856572876568],[-91.10204133760593,14.311636246902255],[-91.1019570243467,14.311310984988419],[-91.10176214517719,14.311230175759533],[-91.10176142315801,14.310958992169398],[-91.10120520603793,14.310960399585612],[-91.1012044847011,14.310689215961492],[-91.10078732232185,14.310690270648934],[-91.10078876400975,14.311232637932527],[-91.10037106033086,14.311030304185463],[-91.10023254611657,14.311234043099237],[-91.09967668792723,14.311371038809133],[-91.09967704769511,14.311506630652419],[-91.0983338840879,14.311916793755378],[-91.09833424306451,14.312052385625817],[-91.09863575380551,14.312119422835877],[-91.09868360711623,14.312344407484442],[-91.09890930058175,14.31239521584824],[-91.09886953371722,14.312864594097773],[-91.09812811299687,14.312979543308984],[-91.09810032452422,14.313408902052508],[-91.0983081388857,14.313528081978976],[-91.09829236422996,14.313724890084064],[-91.09815330816511,14.313725240097037],[-91.09806713057233,14.314002203909798],[-91.09756522870268,14.314056432316937],[-91.09746005909133,14.314495254583608],[-91.0972569635476,14.314568858051361],[-91.09720731758388,14.315309446430122],[-91.09697551053647,14.315310028858386],[-91.09704235200269,14.314292915160037],[-91.09722112006223,14.314263334734283],[-91.0972419419036,14.3138178389582],[-91.09775852408963,14.313409761946446],[-91.0978718476511,14.312460327490085],[-91.09759301997028,14.312189843112243],[-91.09773207510464,14.312189493463796],[-91.09778278620101,14.311646994785324],[-91.09811268250104,14.311510572124192],[-91.09814696747728,14.311329607196482],[-91.0985986557067,14.31123816325009],[-91.09864281964813,14.311044461562],[-91.09914651045956,14.31069441191549],[-91.09911795364563,14.310423298344247],[-91.09860732545738,14.310153399156707],[-91.09859973005865,14.3097466399092],[-91.0986975593477,14.309204022376628],[-91.09886409120911,14.309068010140981],[-91.09897063620969,14.307305035291241],[-91.09924838099369,14.307168742633491],[-91.09915371771325,14.306445731243127],[-91.09813399186257,14.306425788039522],[-91.0978564265226,14.306629875366259],[-91.09777254777683,14.306440203301905],[-91.09743855478534,14.306359739976998],[-91.09674341649429,14.30640677145206],[-91.09666317358048,14.305896380896844],[-91.09638432455445,14.305820014946],[-91.09632413973083,14.305603270229847],[-91.09590684328212,14.305550026222273],[-91.09548849942695,14.3050990095805],[-91.09506220856228,14.305136358405779],[-91.09493306953088,14.305394361048036],[-91.09423769535086,14.305350813856696],[-91.09335073900961,14.306505568747825],[-91.09330541666877,14.3077599165184],[-91.09278423634719,14.307862911216858],[-91.09271577656068,14.308269860714937],[-91.0924380262012,14.308406145933214],[-91.09243909225773,14.30881292209722],[-91.0917439149993,14.308848551661209],[-91.091374036603,14.309222352645413],[-91.09173390145013,14.30964015338646],[-91.09216347229928,14.309762759336177],[-91.09197298355939,14.31003441962634],[-91.0919370269696,14.311030799396748],[-91.09168033348111,14.311119891671806],[-91.0916422015204,14.311285770124835],[-91.09119421514171,14.311340115554488],[-91.09108424123689,14.311555960630212],[-91.09061147686515,14.311638438575207],[-91.09027991801639,14.31212813831299],[-91.09005612840565,14.312181659960446],[-91.08944634678129,14.312942440543718],[-91.08922949903847,14.31300256497909],[-91.08911453786429,14.313702530804001],[-91.08839774181735,14.314359760748578],[-91.08828373018358,14.315060518348494],[-91.08758859527089,14.315120235879272],[-91.08695165372596,14.316148555940986],[-91.08620077496276,14.316184307685353],[-91.08609173934694,14.316450466014686],[-91.08590905208315,14.316436350879151],[-91.08582295085688,14.316015748177565],[-91.08664247894984,14.315902762638078],[-91.08675515778356,14.315471076301256],[-91.0869401701908,14.31533502643628],[-91.08697604533222,14.314873868714042],[-91.08777673573017,14.314568659348879],[-91.08783618067073,14.314085462346805],[-91.08855784160801,14.313523031153089],[-91.088666987755,14.312727476290563],[-91.08890312664145,14.312618311020767],[-91.08890259664348,14.312414922875382]]]]},"properties":{"FID":0,"Id":0},"id":0}]}