{"type": "FeatureCollection", "features": [{"type": "Feature", "geometry": {"type": "LineString", "coordinates": [[-91.27474113019895, 14.82748299504425], [-91.27475874881719, 14.82748937573416], [-91.27474316986138, 14.827478291589955], [-91.27473675589653, 14.827495346333194], [-91.27474026595047, 14.827517691788103], [-91.27474547302512, 14.827536013676138], [-91.27475368473472, 14.827555766385558], [-91.27476699560032, 14.827577306047885], [-91.27478072465067, 14.827597465250847], [-91.274792066001, 14.827617255731809], [-91.27480441189408, 14.82763772430161], [-91.27481402294876, 14.827657216207626], [-91.2748234388506, 14.827677689273969], [-91.27483110197375, 14.827698374580393], [-91.27484085691998, 14.827721565397951], [-91.2748549151222, 14.827741981807037], [-91.27486636169323, 14.827761115782891], [-91.27487876244487, 14.827777774824483], [-91.27489263988338, 14.827790037979923], [-91.27491137905685, 14.82780675637673], [-91.27492810105099, 14.827822334433222], [-91.27494563783091, 14.827836805424283], [-91.27496375017688, 14.827853719873303], [-91.27498133731882, 14.827868027187776], [-91.27500344894997, 14.827885712355794], [-91.27502130768715, 14.827903730272965], [-91.27503330014667, 14.827918025896224], [-91.27505095833504, 14.82793549073034], [-91.27506710026643, 14.82795292139025], [-91.27508217290392, 14.82796441742397], [-91.27510141210047, 14.82798112682758], [-91.27511858195697, 14.82800060884108], [-91.27512949792794, 14.828016518747404], [-91.2751390046613, 14.82803218223944], [-91.27514829825532, 14.828048223446785], [-91.27516536918642, 14.828057571000159], [-91.27517763414045, 14.828074921620384], [-91.27518965178098, 14.828093436862673], [-91.27520550233203, 14.828104033574334], [-91.27523063568526, 14.828116528754833], [-91.2752509441757, 14.828129121961467], [-91.27526561841353, 14.828142020937548], [-91.27528892884095, 14.828153993611977], [-91.27530833081477, 14.828163220656165], [-91.27533068256491, 14.828172519646103], [-91.27535186339776, 14.828183430221202], [-91.27536967357156, 14.828195923603062], [-91.2753881798206, 14.828201807867174], [-91.27540508707506, 14.82820968412966], [-91.27542444408277, 14.828219839274198], [-91.27544116787556, 14.828237423718178], [-91.27545201459878, 14.82825437593874], [-91.27546515819046, 14.828267607664031], [-91.27548364915106, 14.828260721555125], [-91.27547690243705, 14.828242405063008], [-91.27547658767435, 14.828223460844072], [-91.27548233164424, 14.82820614259947], [-91.27550089634923, 14.828188082414101], [-91.2755168440271, 14.828177626896036], [-91.27553602206973, 14.82817949119061], [-91.27556283895382, 14.828178396715657], [-91.27558451261513, 14.82817448916137], [-91.27560907489885, 14.828175701447492], [-91.2756276935632, 14.828171685974553], [-91.27564641744817, 14.82816388705379], [-91.27566465210197, 14.8281520933445], [-91.27568164299339, 14.828144163122658], [-91.2756555608554, 14.828141305976544], [-91.27564065369319, 14.828154927108244], [-91.27562414933499, 14.828173331733922], [-91.27559813644478, 14.828195357030154], [-91.27560568715268, 14.828214047640245], [-91.27561913201731, 14.82820030510004], [-91.2756040971513, 14.828183670340138], [-91.27562243162987, 14.82817204840137], [-91.27563055160863, 14.828152353248527], [-91.27563362639069, 14.828133868583222], [-91.27562815581473, 14.828151613106513], [-91.27564629783836, 14.828167433979957], [-91.27563092033068, 14.828189247036164], [-91.27565196986251, 14.828201817759748], [-91.27566481038264, 14.828218242078265], [-91.27567937220522, 14.828239841095865], [-91.27571301674232, 14.828270828136283], [-91.27573782813823, 14.828294676358269], [-91.2757618211511, 14.828311628578831], [-91.27574488601766, 14.82831958667964], [-91.27572214486105, 14.828326013234971], [-91.27570688696323, 14.82831318530532], [-91.27571832094372, 14.82832908531907], [-91.2757204613302, 14.828350417238028], [-91.27572657492146, 14.828367865884331], [-91.27573136471068, 14.828386558293062], [-91.27573536129785, 14.828405259695046], [-91.27574498044646, 14.828427193260438], [-91.27575166690588, 14.828446879419971], [-91.27575795586495, 14.828467002650086], [-91.2757690822773, 14.828486124035464], [-91.27578086519475, 14.828500800071936], [-91.27578716494565, 14.82852036931962], [-91.27580118087974, 14.828532546140138], [-91.27580397507336, 14.828551206173302], [-91.27581314995689, 14.828571455308463], [-91.27581248805586, 14.828591902294477], [-91.27582146508848, 14.828612381656114], [-91.27582408661226, 14.828631547108273], [-91.27582573327095, 14.828658907182842], [-91.2758461029153, 14.82866069233711], [-91.2758713837573, 14.828666421917887], [-91.27586543833928, 14.828686814045284], [-91.2758665247203, 14.828705468682472], [-91.27585062290791, 14.828721232898602], [-91.27583823114941, 14.828737267810709], [-91.27582855894082, 14.82875528302992], [-91.27581712765829, 14.828776778625468], [-91.27580301100011, 14.828794295620298], [-91.27580213506047, 14.828815165287722], [-91.27580524581538, 14.828835775950324], [-91.27580415493776, 14.828855931556063], [-91.27580424936656, 14.828876811116004], [-91.27580729986698, 14.828894957636237], [-91.2758157525949, 14.828913594286973], [-91.27583675176464, 14.828920324813168], [-91.27585918175578, 14.828922969719315], [-91.27587987965268, 14.828923473339671], [-91.27589858465194, 14.828927984339032], [-91.27591801720268, 14.828929551857357], [-91.27593441094427, 14.82893862691617], [-91.27595919536054, 14.82894501120336], [-91.27597720878111, 14.828951497113962], [-91.27599546681728, 14.828960355436095], [-91.27601068514497, 14.828973473846816], [-91.27601828441624, 14.82899080558127], [-91.27599902633398, 14.828985113772035], [-91.275981788129, 14.828992036753164], [-91.27596711029389, 14.829004105654974], [-91.27595917557545, 14.829023920417626], [-91.27595119768961, 14.829041053401966], [-91.27594672985765, 14.82906041400696], [-91.275946172278, 14.829084061680135], [-91.2759339361022, 14.829097966098288], [-91.2759311643917, 14.82911780784059], [-91.27592920836622, 14.829141941147725], [-91.27593871060299, 14.8291684720474], [-91.27595831582357, 14.829182675939819], [-91.2759556898032, 14.829201004123092], [-91.2759473881614, 14.829227256232912], [-91.27593744795485, 14.829246144693855], [-91.2759212718492, 14.829264496259555], [-91.2759083449941, 14.82927760567702], [-91.27590937831513, 14.82929973439525], [-91.27592260914105, 14.829314912253437], [-91.27589283438675, 14.829320437688125], [-91.27591275077282, 14.82931718304161], [-91.27589247735591, 14.829325603393954], [-91.27589088915317, 14.82934417439418], [-91.27590715788898, 14.829355200981809], [-91.27592386729259, 14.829370844688754], [-91.27590556608897, 14.829367343628064], [-91.27592270716718, 14.82937855997261], [-91.2759223708207, 14.829358431346577], [-91.27590744836999, 14.829379320799092], [-91.2758929917681, 14.829411353751027], [-91.27588043273573, 14.829425483899001], [-91.27587043497255, 14.829446715093866], [-91.2758656280962, 14.829468834818897], [-91.27586263964906, 14.829487984083244], [-91.27586487986031, 14.829507538941812], [-91.27588239235848, 14.829523008180331], [-91.27590311993299, 14.829521527896247], [-91.27592279620006, 14.829521621425727], [-91.27590170260146, 14.829527598320055], [-91.27589635073593, 14.829570832328102], [-91.27589469778206, 14.829591644438892], [-91.27588696091448, 14.829613849599525], [-91.2758854968182, 14.829633912575048], [-91.27587843803946, 14.829652571708891], [-91.27587403316005, 14.829670311735526], [-91.27586378898263, 14.829688621932405], [-91.2758399884247, 14.829698172732549], [-91.27582095157561, 14.829721106344039], [-91.27580643921578, 14.829737017149682], [-91.27578696979276, 14.829756990193005], [-91.27577063990304, 14.829767497871785], [-91.2757644732518, 14.829786367446957], [-91.27575729036664, 14.82980419560721], [-91.27576151178431, 14.829822174853518], [-91.27576599310606, 14.82984106691174], [-91.27577617433093, 14.829857530800439], [-91.27578752917111, 14.829871855201986], [-91.27577220922007, 14.82988999992358], [-91.27576436623247, 14.829908947739796], [-91.27577071364749, 14.829927537625792], [-91.2757765844218, 14.829945513274879], [-91.27575306085504, 14.830000627327138], [-91.2757490453821, 14.82998289809234], [-91.27573255541307, 14.829973190810165], [-91.27573481810731, 14.8299916026304], [-91.27573319213309, 14.830010197912372], [-91.2757517487442, 14.830014022729017], [-91.27574565313932, 14.830034261072342], [-91.2757552300198, 14.83005091112068], [-91.27576013132494, 14.830069474926404], [-91.27576787178981, 14.830085998170318], [-91.27577257884138, 14.83010698924619], [-91.27577657183127, 14.830126428092228], [-91.27577496294413, 14.83014599284337], [-91.27578234907611, 14.830175322433206], [-91.27578152889441, 14.830195043666379], [-91.27577006793427, 14.830212745022209], [-91.27579213729729, 14.830207274446195], [-91.2758157507962, 14.8302031123838], [-91.27578766856601, 14.83019905104544], [-91.27576584381859, 14.830423518230816], [-91.27575161384584, 14.830445108255219], [-91.2757228283458, 14.830450345007478], [-91.27571737215897, 14.830470187649098], [-91.27570352259943, 14.8304831729601], [-91.27571957819595, 14.830497979398274], [-91.27572135705492, 14.830517279748733], [-91.27569889468822, 14.830541197218508], [-91.27569294567286, 14.830564765751376], [-91.27569273882881, 14.830583730654723], [-91.27568682308839, 14.830601390641732], [-91.27569688110611, 14.830620655019288], [-91.2756910373115, 14.830642039098848], [-91.27567439985364, 14.8306513003173], [-91.27567292406616, 14.830672744651508], [-91.27567503567434, 14.83069154677753], [-91.27568086507983, 14.830712225788659], [-91.27566908126306, 14.830726712068156], [-91.27566509366909, 14.830745051043323], [-91.27565933261207, 14.830785804721188], [-91.27564543358983, 14.830800712782718], [-91.27566385710128, 14.83079574672638], [-91.27566086235885, 14.83081556778427], [-91.27565887215917, 14.830838746910672], [-91.27566109798124, 14.830857459104493], [-91.27566090372767, 14.830876459081367], [-91.27565070631499, 14.830892514677885], [-91.27563752944837, 14.830906259016672], [-91.27563595833277, 14.83092727527361], [-91.27564139473452, 14.830945909226386], [-91.27564499562004, 14.830967089159913], [-91.27564498392883, 14.830991261137854], [-91.27564241816305, 14.831010005707242], [-91.27564152333758, 14.831031137976709], [-91.27563653659683, 14.831048637884408], [-91.27564801284547, 14.831067490372448], [-91.27564826825295, 14.831086168392005], [-91.27563800968636, 14.831102186216981], [-91.27562554508279, 14.831123198876583], [-91.2756143629125, 14.831142819385661], [-91.27560300807232, 14.831162772643893], [-91.27562058442237, 14.831156763373997], [-91.27563913114096, 14.831159454145563], [-91.27562569526958, 14.831145591096174], [-91.27560464663708, 14.83113733981645], [-91.27561178185823, 14.831116514215807], [-91.27563168205643, 14.831104484884122], [-91.27563958439924, 14.83108561440963], [-91.275642074622, 14.831057751613969], [-91.27564816662954, 14.8310191212355], [-91.27562823495504, 14.831011361884919], [-91.27564577443292, 14.830995023001947], [-91.27566549296807, 14.830989558721228], [-91.27564644892442, 14.830999269600682], [-91.27559942157603, 14.831018116692803], [-91.27559440605694, 14.83098823042252], [-91.27559363893528, 14.830961134748634], [-91.27560027593194, 14.830990102811029], [-91.27560213572997, 14.831011256664226], [-91.27558603426803, 14.831031100205166], [-91.27559753210039, 14.831066175563592], [-91.27560550638896, 14.83108577808622], [-91.27560873585446, 14.831108884367552], [-91.2756151920874, 14.831130322406523], [-91.27561593942403, 14.83115071273528], [-91.27561009922664, 14.831176395574232], [-91.27560801909476, 14.831195479188068], [-91.2755985078648, 14.831212779446275], [-91.27557220988956, 14.831220733949749], [-91.27555565337065, 14.831229624647506], [-91.27553759858125, 14.83124120072091], [-91.27551515420095, 14.831249640858289], [-91.2755052949334, 14.83126981984634], [-91.27548095478221, 14.831274406388786], [-91.2754559482334, 14.831280841937371], [-91.27544587492713, 14.831297313919947], [-91.27543674860704, 14.83131511869783], [-91.27544971323363, 14.831336633179149], [-91.27544182078339, 14.831359089250611], [-91.27543282936153, 14.83138168741499], [-91.27541675128202, 14.831401943744766], [-91.27540792803342, 14.831421727930433], [-91.27540482986899, 14.8314411928568], [-91.2753970570285, 14.83145763336313], [-91.27538674180465, 14.831474423705743], [-91.27539477095189, 14.831491820191388], [-91.27539691043904, 14.83151281126726], [-91.27539686907022, 14.831533498372323], [-91.27540430196694, 14.83155296329869], [-91.27540929320429, 14.831574669335566], [-91.275402093232, 14.83159554080163], [-91.27539194168475, 14.83161450660424], [-91.2753805589656, 14.83163870376319], [-91.27538925720842, 14.831658568887917], [-91.27536440264504, 14.831651931891201], [-91.27536168489382, 14.8316869317066], [-91.2753422559403, 14.83171094720251], [-91.275333117929, 14.831729848253929], [-91.27531181388906, 14.831732398731276], [-91.27529495070138, 14.831751690088481], [-91.27527552804315, 14.831763347100832], [-91.27526040504364, 14.831775025696913], [-91.27524298967222, 14.831785909292307], [-91.27524850701298, 14.831805734846853], [-91.27524314525493, 14.831824475818962], [-91.27524886584246, 14.831841991015096], [-91.27523250897309, 14.831852246883727], [-91.2752239519238, 14.831870814286674], [-91.27520887928631, 14.831886841104904], [-91.27521619976778, 14.831904118880004], [-91.27523398026392, 14.831914262333385], [-91.2752497040106, 14.831925293417612], [-91.27524178907726, 14.831942132323604], [-91.27522345909534, 14.831946010200284], [-91.27520602034156, 14.831953300104772], [-91.27518209477779, 14.8319489078159], [-91.27516133212976, 14.8319615378947], [-91.27513951907349, 14.831971208304651], [-91.27512437538957, 14.831982361696703], [-91.2751247072394, 14.832002830266447], [-91.27511180196802, 14.83202286806096], [-91.27509064541692, 14.832025475195564], [-91.2750950179207, 14.83200719467635], [-91.2750805900971, 14.832019179041936], [-91.27506198941921, 14.832023077603026], [-91.27504612178103, 14.832041888722244], [-91.27502978469676, 14.832050905325048], [-91.27503214361849, 14.832068907054463], [-91.2750256136411, 14.832087854870679], [-91.27500313778455, 14.832093925294487], [-91.27498323668698, 14.832096428107718], [-91.2749601978548, 14.832096282417524], [-91.27493814378028, 14.832094515249707], [-91.27491842164778, 14.832091719257505], [-91.27490492372323, 14.832113203161839], [-91.27488152426292, 14.83212530803661], [-91.2748775726418, 14.832143107418517], [-91.2748678599637, 14.832160092914023], [-91.27484748132616, 14.832173946070782], [-91.27483818323554, 14.832189712085608], [-91.27482411604007, 14.832205225390908], [-91.27481753390202, 14.832225329735252], [-91.27479555267257, 14.83222614721899], [-91.27477220087633, 14.832240945563228], [-91.27475015309705, 14.832253983934265], [-91.27473799336366, 14.832267916231388], [-91.27471872179154, 14.832280618255993], [-91.27470396301743, 14.832298015640959], [-91.27467949606188, 14.832314236712705], [-91.27466158786194, 14.83232132876634], [-91.27464603138918, 14.832331640392965], [-91.27462950274929, 14.832340400688963], [-91.27461393638401, 14.832354116249519], [-91.27459804356482, 14.832366006186305], [-91.27457832143233, 14.832371713283976], [-91.27455982597513, 14.83239334827448], [-91.27454350328003, 14.832402310917985], [-91.2745435356556, 14.832421719187039], [-91.27453207469546, 14.832440490736133], [-91.27452097975936, 14.832457033765138], [-91.27451970901734, 14.832475769341329], [-91.27452417594992, 14.832495093973478], [-91.27453948241117, 14.832506485685826], [-91.27453737619891, 14.83252454137454], [-91.27453451995211, 14.832547681830079], [-91.27452034034138, 14.83256382016424], [-91.27451178059414, 14.832582130361061], [-91.2744958652919, 14.832592289102934], [-91.2744798016015, 14.832601669931194], [-91.27446175400672, 14.83261491514628], [-91.27444494208038, 14.832626005585723], [-91.27443824932573, 14.832644474063272], [-91.27443391639207, 14.832666861786265], [-91.2744276229364, 14.832686649569268], [-91.2744171997939, 14.83271000856007], [-91.27440435567644, 14.832728951879687], [-91.27439749205058, 14.832745887013118], [-91.27438935678333, 14.83276443912763], [-91.27437041526241, 14.832765582165962], [-91.2743742688574, 14.832785955407587], [-91.27437742997438, 14.832803848318974], [-91.27438405977648, 14.832822338380254], [-91.2743828357992, 14.832841749347324], [-91.2743792672893, 14.832866739708322], [-91.27437424907231, 14.832888795581482], [-91.2743638888823, 14.83291655765305], [-91.27437148185834, 14.832899067637925], [-91.2743570747192, 14.832911729192972], [-91.27434000918402, 14.832925971756254], [-91.27433626980297, 14.832944343106988], [-91.27431395042845, 14.83294839185487], [-91.27429233162576, 14.832952127638634], [-91.27428197503309, 14.832968248885606], [-91.27427463206857, 14.832986267702154], [-91.27426171420672, 14.833000417635219], [-91.27424916506686, 14.83301396412321], [-91.27423656736363, 14.833029029566092], [-91.27421256715621, 14.83303574840113], [-91.27419423987226, 14.833046093302642], [-91.27417370025603, 14.833051440671511], [-91.27415307790221, 14.833051634025765], [-91.27413438819144, 14.833049951394173], [-91.27411569218543, 14.833050053017587], [-91.2741256872506, 14.833065840616086], [-91.27414162413663, 14.833079482432197], [-91.27411907363631, 14.833081997835961], [-91.27409898817774, 14.833090946090351], [-91.2740818956629, 14.833101155194186], [-91.27406771875019, 14.83311455599204], [-91.27405495826969, 14.833128058413195], [-91.27402453060756, 14.833137279162145], [-91.27400680676868, 14.833142979065258], [-91.27398124533818, 14.833153280799309], [-91.2739580563192, 14.833155975168154], [-91.27393938009828, 14.833158275633934], [-91.27392227679161, 14.833167018842914], [-91.2739003378303, 14.833169518058867], [-91.27388186125887, 14.833166355143248], [-91.27386804857156, 14.833178790968475], [-91.27384822211769, 14.83318533713367], [-91.27382734075911, 14.833195189206663], [-91.2738088444026, 14.83320200426914], [-91.2737915108695, 14.833218381822917], [-91.27377287511803, 14.833226637599296], [-91.273747119434, 14.833237954667936], [-91.27372653934827, 14.83324205377778], [-91.27370565888901, 14.833256041832897], [-91.27368908798098, 14.833264848893691], [-91.27367165732107, 14.83327912563118], [-91.27366321988166, 14.833297387264679], [-91.27364631442583, 14.833287372414361], [-91.27362009289294, 14.833293641588341], [-91.27359908113266, 14.833300762420322], [-91.27358041840154, 14.833310119866212], [-91.27355512856627, 14.833324322859255], [-91.27353849110847, 14.833332648782743], [-91.27351527241183, 14.833333852974988], [-91.27350186981539, 14.833346671012123], [-91.27348184641005, 14.833352077736265], [-91.2734589101006, 14.833366758269335], [-91.27343852067116, 14.833382362406155], [-91.27342622334152, 14.833396454782587], [-91.27340676291175, 14.833410085806861], [-91.27338971985967, 14.833418448602572], [-91.27337148160854, 14.833427018242332], [-91.27335305989578, 14.833437694993677], [-91.2733351993599, 14.83345079182061], [-91.27331756815119, 14.833463429094024], [-91.27329673085939, 14.83346900758869], [-91.27327642956351, 14.83348296776478], [-91.27325748984123, 14.833496150926692], [-91.27324063115014, 14.833507939240064], [-91.27322549466084, 14.83352222227279], [-91.27321005060332, 14.833532837870223], [-91.27318885628068, 14.833543052370032], [-91.27317005955058, 14.833539266224193], [-91.2731503446127, 14.833536233710277], [-91.27312914219613, 14.833529957341682], [-91.2731114363437, 14.833537847094021], [-91.27309226279766, 14.833541571186629], [-91.27307231313671, 14.83354197768017], [-91.27305275378154, 14.83355424533221], [-91.27303308021243, 14.833557901076347], [-91.2730139273508, 14.833556964882064], [-91.27298905570035, 14.833563786239779], [-91.27297079676481, 14.833571464651413], [-91.27295493991852, 14.833581584722424], [-91.2729368392637, 14.833571586959238], [-91.27292352659941, 14.833558678989903], [-91.27290700425482, 14.833548799037885], [-91.27289015455693, 14.83353888940826], [-91.27287072110687, 14.833537124039083], [-91.27286535215427, 14.833556483744758], [-91.27285663322698, 14.833577801274544], [-91.27285580675004, 14.833598130449388], [-91.27286314701661, 14.833615957710322], [-91.27287101968176, 14.833632629342446], [-91.27285151878255, 14.83363131543291], [-91.27283130112363, 14.833636803096056], [-91.27282782164662, 14.833655205923037], [-91.27281732206171, 14.833672207606355], [-91.27280574688768, 14.833687088688237], [-91.27279845428518, 14.8337040813783], [-91.27279226874816, 14.833721707191103], [-91.27277469959267, 14.833731895610526], [-91.27275759538668, 14.833739923858445], [-91.27276240316235, 14.833759697252276], [-91.2727469932791, 14.833769862289387], [-91.27275848031957, 14.833788944104526], [-91.27275769880873, 14.833817612692712], [-91.27276577022405, 14.833837482313982], [-91.27274912916891, 14.8338483533189], [-91.27274124930915, 14.833869363280542], [-91.27273615105247, 14.83389073926628], [-91.27272770461985, 14.83390776882851], [-91.2727188588882, 14.833924959369426], [-91.272708514886, 14.833943630194426], [-91.27270083197777, 14.833962038417383], [-91.27268713620236, 14.83397803106135], [-91.27268189765141, 14.83399816778126], [-91.27267527594319, 14.834015837660843], [-91.27266831608989, 14.834035343956032], [-91.27267393595332, 14.83405426928914], [-91.27266650395597, 14.83407145083686], [-91.272660179024, 14.834090745791343], [-91.27265409241238, 14.834108303255618], [-91.27264219438172, 14.834124455079575], [-91.27263641443892, 14.834144431720176], [-91.27264152978273, 14.834162562951974], [-91.27262823870223, 14.834176766844337], [-91.27262583301575, 14.834195085135093], [-91.27261239984233, 14.834217787620844], [-91.27259260306613, 14.834229774684388], [-91.27258197038157, 14.834245096434074], [-91.27256262596438, 14.834247002097527], [-91.27255855563283, 14.834264662084536], [-91.27255998285688, 14.834291040998778], [-91.27254093971254, 14.834306066871534], [-91.2725304698053, 14.834323253815171], [-91.27251499966746, 14.834336143798055], [-91.27250180841168, 14.83435139989723], [-91.27249297167327, 14.834367693814045], [-91.27248108893104, 14.83438327996447], [-91.27247726321508, 14.834403949982345], [-91.27247376485235, 14.834429402594878], [-91.27245982086401, 14.834443134343246], [-91.27243956543356, 14.834442127102534], [-91.27240436417003, 14.834454794053556], [-91.27239135907394, 14.834467824330659], [-91.27238100158195, 14.834483114604097], [-91.27238186043445, 14.834501506639242], [-91.27239488711433, 14.834521859196514], [-91.27238655579487, 14.834499488560596], [-91.27238410963889, 14.834477768134548], [-91.2723962810635, 14.834492569176803], [-91.27240161764053, 14.834474034149423], [-91.27240211496559, 14.834493650161903], [-91.27238351878435, 14.834501179286065], [-91.272361051921, 14.834503661414885], [-91.27236465370578, 14.834521626272078], [-91.27238255201314, 14.834503512127412], [-91.27239573337636, 14.83448231780477], [-91.27240681392328, 14.83446757162119], [-91.27239295537055, 14.83448752937602], [-91.27238350799246, 14.834516133213015], [-91.27237028795838, 14.834502662268108], [-91.27236240540066, 14.834520112713108], [-91.27236107080671, 14.834542879050673], [-91.27235110541915, 14.834525982588048], [-91.27232697301133, 14.834528956646068], [-91.27230879231689, 14.83453381838109], [-91.27229351103665, 14.834547729993801], [-91.2722726107923, 14.834553162798272], [-91.27225680790531, 14.834565101298438], [-91.27224192682343, 14.834579500343693], [-91.27222258420488, 14.834581204559015], [-91.27222530375474, 14.834599467091778], [-91.27220925984943, 14.834587096917062], [-91.27221683304037, 14.834604808165409], [-91.27222302307399, 14.834621922263977], [-91.27222589011268, 14.834603098554226], [-91.27223118532089, 14.834626412578928], [-91.27222093664687, 14.834608559237665], [-91.27220922207789, 14.834587635610944], [-91.27219065917154, 14.834598157678897], [-91.27217324829672, 14.834606372086455], [-91.27215369883407, 14.834608653666464], [-91.27213624928845, 14.834620824191745], [-91.27211717286917, 14.834629124034905], [-91.27209935909809, 14.834639756719469], [-91.27208018555211, 14.834640036408587], [-91.2720655167102, 14.834651541435562], [-91.27204847815472, 14.834660453716992], [-91.27203447211315, 14.834647922563647], [-91.27203132628466, 14.834628748118291], [-91.27201844079838, 14.834641842247265], [-91.27203639216572, 14.834653172805702], [-91.27203868004102, 14.834634477699012], [-91.27204697718622, 14.834653026216245], [-91.27206428373967, 14.83466417960824], [-91.27206758694956, 14.834684363992267], [-91.27205464390664, 14.834700137201594], [-91.27203140632429, 14.834697102889038], [-91.27201233260303, 14.834695773691067], [-91.27198661828777, 14.8346980426806], [-91.27196408307594, 14.834706917190545], [-91.271942248436, 14.834712647670585], [-91.27192181943639, 14.834718503156466], [-91.27190545627172, 14.834728520704743], [-91.27188565140165, 14.834718361063551], [-91.27187138455673, 14.834704820870854], [-91.27186678092716, 14.834685160791594], [-91.27185719865076, 14.834669233798138], [-91.27184110888004, 14.834650131298588], [-91.27184028959766, 14.834626008783346], [-91.27184127525459, 14.834605272215583], [-91.27183425784466, 14.834588445900124], [-91.27182731687714, 14.834568800210036], [-91.27181161831152, 14.834551054787426], [-91.27179472724481, 14.83453483371568], [-91.27177287281978, 14.834527353154897], [-91.27176451901732, 14.834510194989548], [-91.2717588029264, 14.834492040375437], [-91.27175399425141, 14.834472510697879], [-91.27176356663523, 14.834450031243989], [-91.2717685992414, 14.834431453948469], [-91.27176497497356, 14.834412727365532], [-91.27175901426705, 14.834394526885944], [-91.27175493044564, 14.834373323570048], [-91.27174094328984, 14.834354955816593], [-91.27173995763292, 14.834330798227825], [-91.27173990637152, 14.834312641815018], [-91.27174543000757, 14.834292604020504], [-91.27175123962797, 14.834273965571128], [-91.27175162004119, 14.83425245108981], [-91.27174788515674, 14.834232514918654], [-91.27174704878723, 14.834213923234017], [-91.27174367363159, 14.834192004057797], [-91.27173772281759, 14.834166083797754], [-91.27172921433174, 14.83413542500989], [-91.27172511612116, 14.834112932066205], [-91.27172129220384, 14.834094843102605], [-91.27171618225594, 14.8340719922287], [-91.27171743231361, 14.834043516095448], [-91.27171815896583, 14.834023730111085], [-91.27172077059703, 14.834004536780014], [-91.27171251661929, 14.833984809251604], [-91.27169373967433, 14.833973570424007], [-91.27167792959273, 14.833958155144785], [-91.27166149807965, 14.833947955933468], [-91.27163672535454, 14.83394084499406], [-91.27159644292146, 14.833930739312223], [-91.27157762011103, 14.83393067725899], [-91.27155990886268, 14.833918411405591], [-91.2715458659489, 14.833905959392553], [-91.27152461137166, 14.833896859152787], [-91.27150336488836, 14.833891367892363], [-91.27148398180026, 14.833891077411351], [-91.27146224338776, 14.833890507241165], [-91.27144240344415, 14.833886303809948], [-91.2714218017747, 14.833886858691642], [-91.27140721836838, 14.833874929184674], [-91.2713886203885, 14.83387374297888], [-91.27136986322859, 14.83387513602878], [-91.27135148108596, 14.833885426970937], [-91.27132838020054, 14.833892806807626], [-91.27130804293182, 14.833902210118936], [-91.2712858881332, 14.833899611977586], [-91.2712573580406, 14.833907189665126], [-91.27123335423585, 14.833909839967191], [-91.27121491903324, 14.833904024051492], [-91.27119736066965, 14.83389098927779], [-91.27117908914363, 14.8338776676203], [-91.27119906578423, 14.833878065120643], [-91.27121848394586, 14.833880564336653], [-91.27119979693305, 14.833881269405083], [-91.27121877892347, 14.83388763120928], [-91.27120055506151, 14.83387671883554], [-91.2711825938016, 14.833871582807376], [-91.27116277274371, 14.833869830927995], [-91.27114104242514, 14.833876416663372], [-91.27112354611472, 14.833865804663219], [-91.27110376912361, 14.833855779021007], [-91.27108310090432, 14.833843678642893], [-91.27105876435047, 14.833837180141813], [-91.27104020594072, 14.833827909030845], [-91.2710147470329, 14.83382016317006], [-91.27099091679736, 14.833812749159108], [-91.2709751741649, 14.833803067957263], [-91.27095025934693, 14.833799108242317], [-91.27093067391144, 14.833799503944022], [-91.27090548839755, 14.833792721257112], [-91.27088297566877, 14.833790785016788], [-91.27086361326508, 14.833795423719891], [-91.27083198231009, 14.833791455011692], [-91.27081292028004, 14.833793078287954], [-91.27079294543802, 14.833788822696079], [-91.27076907473298, 14.833783755915647], [-91.27074980406019, 14.83377635089795], [-91.27076137743558, 14.833760567795991], [-91.27078063012192, 14.833741077688614], [-91.27075867587217, 14.833724832335179], [-91.27073624318302, 14.83372496273688], [-91.27072600170357, 14.833709068119049], [-91.27071137692849, 14.833691300213388], [-91.27071143538438, 14.833709700342467], [-91.27070385499889, 14.833727844164741], [-91.27069999420934, 14.83370581617055], [-91.27068449529321, 14.83371641468085]]}, "properties": {"FID": 0, "Name": "Brechas cortafuegos", "Length": 1.6896204508}, "id": 0}, {"type": "Feature", "geometry": {"type": "LineString", "coordinates": [[-91.26794739605543, 14.82953926702362], [-91.2679500976189, 14.829534098619831], [-91.26796115838073, 14.829517837977903], [-91.26797859533588, 14.829524510947465], [-91.26797940292704, 14.829546420231168], [-91.26798568918815, 14.82957503306136], [-91.26799353397439, 14.829600457794925], [-91.26800659123114, 14.829616529579198], [-91.26801127040375, 14.82963475973645], [-91.26802286176564, 14.829656601570946], [-91.2680246712016, 14.82967557816545], [-91.26804963368363, 14.829690402590074], [-91.26806863995574, 14.82968984680906], [-91.26808523064886, 14.829669245139598], [-91.26809331195676, 14.829651273987167], [-91.26811972504521, 14.829647135307084], [-91.26813628336276, 14.829635938747629], [-91.2681547896118, 14.829629113792635], [-91.26816956727168, 14.82960292283667], [-91.26818911673433, 14.829601574752928], [-91.26820739815287, 14.829611275739808], [-91.2682034420352, 14.829591369246316], [-91.26821543809194, 14.82957683620208], [-91.26823527623696, 14.829571639019946], [-91.26825613691113, 14.829564939070735], [-91.26827797514841, 14.829562571155805], [-91.26829284723709, 14.829549568757614], [-91.26831375557532, 14.829553409762127], [-91.26833529613697, 14.829551511293289], [-91.26835412074604, 14.829546412137233], [-91.26837143989002, 14.829536702157156], [-91.26839441666897, 14.829540049433774], [-91.26843099929113, 14.829541965889064], [-91.26844298815337, 14.82951985425791], [-91.26846737506929, 14.829510739628972], [-91.26851382865021, 14.829494837816583], [-91.26853969315226, 14.829513053584606], [-91.26856503604756, 14.829518194109426], [-91.26858016084572, 14.829507213387217], [-91.26859985509918, 14.829505810444857], [-91.26861684059469, 14.829514897194827], [-91.268625288826, 14.82949814192574], [-91.2686075640878, 14.8294914608623], [-91.26858751280344, 14.829486645892018], [-91.26856860995338, 14.829477971031565], [-91.2685529158843, 14.82946458642158], [-91.26854845524696, 14.829446019018633], [-91.26852975384503, 14.829430119904146], [-91.26851423514381, 14.829413515721228], [-91.26853389342443, 14.829421373997263], [-91.26859240421607, 14.829438671557511], [-91.26861225585088, 14.829443041363334], [-91.26875654757657, 14.829491265709407], [-91.26878873880923, 14.829488840237843], [-91.268818235673, 14.829479969325178], [-91.26883715381155, 14.82949480364232], [-91.268855658262, 14.829501705939037], [-91.2688742283629, 14.82949466514674], [-91.26890220537246, 14.829489020102244], [-91.26891843273944, 14.82947522809934], [-91.26894194911165, 14.829473469924721], [-91.26896384670414, 14.829474272120024], [-91.26898582973223, 14.829470501262676], [-91.26900413992905, 14.829460722934073], [-91.26902645840431, 14.829460507096769], [-91.26904824538019, 14.829454726254653], [-91.26907220062151, 14.82945441688787], [-91.26909442376859, 14.82945324597057], [-91.26911275375056, 14.829450082155631], [-91.26913106934336, 14.82944404500671], [-91.26914969160492, 14.829439729160242], [-91.26917589964802, 14.829439548396465], [-91.26920691366809, 14.829439162587335], [-91.26922607192563, 14.829442169920242], [-91.2692509867436, 14.829442436119564], [-91.26927267659272, 14.829440395557867], [-91.26929474955301, 14.829441202249711], [-91.26931397256175, 14.82944742735691], [-91.26933390333693, 14.829454824280788], [-91.26935326663988, 14.829459384742847], [-91.26938422670065, 14.829463368739539], [-91.26941860058793, 14.829465002807694], [-91.26944410176384, 14.8294639110307], [-91.26948076982166, 14.829461008918486], [-91.26950406406127, 14.82945414529263], [-91.2695184577106, 14.829442635769055], [-91.26954287610283, 14.829431909555012], [-91.26957132255848, 14.82941463897447], [-91.2696008428046, 14.82940467358685], [-91.26961879956792, 14.82939934960035], [-91.26963993903195, 14.829392869085666], [-91.26966462002616, 14.829397464621366], [-91.2696885177109, 14.829394338577913], [-91.26970920571523, 14.829390459801914], [-91.26974208762721, 14.82938033973096], [-91.26977199997776, 14.829378017681393], [-91.26980050399004, 14.829373039933898], [-91.26983591299694, 14.829371342013872], [-91.26985815233184, 14.829366479379587], [-91.26987826297142, 14.82937337807897], [-91.26989612980253, 14.82936629861581], [-91.2699150443438, 14.829356004975693], [-91.26993162604367, 14.829343412668436], [-91.26995336175821, 14.829334372683206], [-91.26996781296418, 14.829322887441378], [-91.26998216884198, 14.82931116297982], [-91.27000636330297, 14.829294953599288], [-91.27003329619964, 14.829283171581153], [-91.27005435022807, 14.829278951962124], [-91.27007685036631, 14.829278385389216], [-91.27009667682012, 14.82927147499862], [-91.27012261326797, 14.829262736286296], [-91.2701407436004, 14.82925702109469], [-91.27016378423122, 14.829260347686954], [-91.27018251261285, 14.829257610150648], [-91.270201169948, 14.829252688161091], [-91.27020972879592, 14.829232993907567], [-91.27022317006322, 14.829210932638489], [-91.27024230583771, 14.82920493595907], [-91.27025162641138, 14.829189133971397], [-91.27026858402792, 14.829173707900338], [-91.27028215569692, 14.829154707024145], [-91.27029235580756, 14.82913751468459], [-91.27029441525502, 14.829112134017805], [-91.2702974774466, 14.829074232090193], [-91.27030039934391, 14.82905329137634], [-91.27029706735573, 14.829025744242756], [-91.27028878100242, 14.829006971794342], [-91.2702808921494, 14.828990248900936], [-91.27027277576798, 14.828971569982002], [-91.2702633625641, 14.82895344234754], [-91.27025038984357, 14.828938643103925], [-91.2702580682552, 14.828913817318892], [-91.27024379691363, 14.828896016138287], [-91.27023289982844, 14.828879620598059], [-91.2702250748273, 14.828862545170352], [-91.27022808036156, 14.828841820293803], [-91.27022709020798, 14.828817599752483], [-91.27021358418955, 14.828795078030453], [-91.2702181599401, 14.82877645397025], [-91.27022752188259, 14.828754453855026], [-91.27022468811884, 14.828724404807474], [-91.27022871977954, 14.828702094426149], [-91.27022630240191, 14.82868344428556], [-91.27020741663893, 14.828672420395947], [-91.27018642106646, 14.828666880572143], [-91.27017776509177, 14.82868318977745], [-91.27016275270881, 14.828704895814326], [-91.27015818235418, 14.828730135287572], [-91.27013706357457, 14.828737283099201], [-91.27014914416765, 14.828705415622494], [-91.2701442518557, 14.82868194871304], [-91.27014651634863, 14.828642776942672], [-91.27012464213851, 14.828584615987268], [-91.27011909601941, 14.828567235689434], [-91.27011503468106, 14.82854830585967], [-91.27011134386339, 14.828527706888224], [-91.27010947057556, 14.828507595349322], [-91.27010868906473, 14.82847846810688], [-91.27010499285109, 14.828440334154152], [-91.27009436376386, 14.828395091060656], [-91.27009066305362, 14.828365960220935], [-91.27010144412628, 14.828351201446822], [-91.27008382910537, 14.82834333237895], [-91.27008693626306, 14.828363805445292], [-91.27007793764665, 14.828380378151962], [-91.27009621276994, 14.828389511666671], [-91.27009209387501, 14.828414486739234], [-91.27007821283922, 14.828443855899252], [-91.27007480530796, 14.82846917811014], [-91.27007073227844, 14.82848972042433], [-91.27006649017636, 14.828511369803948], [-91.27007283219541, 14.828528511781428], [-91.27008109696504, 14.828552861825187], [-91.27008714760376, 14.828578940365844], [-91.27009334033534, 14.828601526839066], [-91.27008241537112, 14.828581953094726], [-91.27007520370762, 14.828564631252789], [-91.27007405977002, 14.828546552181706], [-91.27006781937433, 14.828529214151956], [-91.27006686879093, 14.828509535186924], [-91.27008073633687, 14.82848674276903], [-91.2700826348057, 14.828457942879822], [-91.27008550184439, 14.828437611007018], [-91.27009444830009, 14.82841172222328], [-91.27009812382931, 14.82839312064607], [-91.2701044541572, 14.828374683644768], [-91.27010637780705, 14.828351250909577], [-91.27010601807825, 14.828332562098126], [-91.27011562463633, 14.828349213045783], [-91.27012486966697, 14.828365324400238], [-91.2701363009495, 14.828381278373342], [-91.2701182389655, 14.82836319570498], [-91.27012939325687, 14.8283452470356], [-91.27013996298888, 14.8283250932285], [-91.27014673038724, 14.828305740717383], [-91.27015955112233, 14.828291275122297], [-91.27017659057714, 14.828279445440103], [-91.27016811086958, 14.82826334667618], [-91.27016383009664, 14.828243424894197], [-91.27015837031252, 14.828220996701702], [-91.27016472582142, 14.828203270164863], [-91.27018335168032, 14.828187552713416], [-91.27018721067122, 14.828160514596107], [-91.27019588283366, 14.828135967600872], [-91.27020768823417, 14.828119601738251], [-91.27022315477473, 14.82810379975058], [-91.27024006292851, 14.82809319674368], [-91.27025762668808, 14.828086823248327], [-91.270277500806, 14.8280765538899], [-91.27029468595094, 14.82806963360673], [-91.27031018936373, 14.828058419960144], [-91.27032651565611, 14.82804496160577], [-91.27034285723704, 14.828034750703239], [-91.27035719512844, 14.828022234838329], [-91.27037572565916, 14.828012159733419], [-91.27039158160619, 14.828002574759068], [-91.2704164982228, 14.827994869367785], [-91.27044316132282, 14.827991188442638], [-91.27046239242543, 14.82799224424673], [-91.27048932532205, 14.827995524973574], [-91.27050862027659, 14.827988535442614], [-91.2705307687799, 14.827983288797782], [-91.2705514711734, 14.827974322556997], [-91.27057172480522, 14.827963662892785], [-91.27058774173088, 14.827983608057139], [-91.27060577223858, 14.827977871281803], [-91.27062359410354, 14.827964062191768], [-91.27064148701498, 14.827952701955667], [-91.27066155178915, 14.827953952912651], [-91.27068288730538, 14.827941354310099], [-91.27069910208184, 14.827953477171263], [-91.27071295613797, 14.827979020615373], [-91.27072304383336, 14.82799677682982], [-91.27070392784395, 14.828008252179131], [-91.27071857869942, 14.827997071807488], [-91.27073573596539, 14.827988808836494], [-91.27075695007318, 14.827977400936334], [-91.27077506601643, 14.827963164668347], [-91.27079444730589, 14.82795934974422], [-91.27080949476232, 14.827948305170196], [-91.27082813590971, 14.827954370198086], [-91.27085099307885, 14.827975404441418], [-91.27087147244049, 14.827985135105962], [-91.27088410521725, 14.827999946940054], [-91.27090119773203, 14.82801621477654], [-91.27091563814616, 14.828027955425853], [-91.2709289867833, 14.828041110708739], [-91.27093910325698, 14.828056492713017], [-91.27094095675972, 14.828076708573292], [-91.27095424424294, 14.828090238873472], [-91.27097574073781, 14.828105214384209], [-91.2709920850167, 14.82811847578705], [-91.27101810779942, 14.82811060042394], [-91.27103650523048, 14.828113891043301], [-91.27105967626301, 14.828113228242955], [-91.2710745375598, 14.828101074804806], [-91.27110112691543, 14.828101468707871], [-91.27112790333001, 14.828105774661822], [-91.27114828826285, 14.828105648756718], [-91.27116928023804, 14.828098754553935], [-91.27119095389935, 14.828086459922247], [-91.27120863277213, 14.828074873956325], [-91.27122363076592, 14.828058599824544], [-91.27123721412607, 14.828042958815558], [-91.27124913194183, 14.828027375363149], [-91.2712542050175, 14.828003959715033], [-91.27126529365836, 14.827987738643287], [-91.27127670425648, 14.827967771895203], [-91.27128348964129, 14.827937593345325], [-91.27129280032244, 14.82791194468058], [-91.27129716113507, 14.827891060623983], [-91.27130220003647, 14.827869901374925], [-91.27130566062772, 14.827847626966445], [-91.27132444296865, 14.827836029309367], [-91.27134356705193, 14.827837835148046], [-91.27136175224302, 14.827830752986927], [-91.27137863161852, 14.827814674907358], [-91.27139895719608, 14.827803427086565], [-91.27142117584657, 14.827792318660613], [-91.27144264895907, 14.82778977717652], [-91.2714625869288, 14.827787806761933], [-91.27148089172971, 14.82779272695285], [-91.27150117144186, 14.827786082761577], [-91.27152250426013, 14.827775440184439], [-91.2715361235932, 14.827760133723245], [-91.27155016380897, 14.827746776092908], [-91.27156249441356, 14.827732981392046], [-91.27158357002571, 14.827718436656596], [-91.27157182398048, 14.82773270530015], [-91.27155768034265, 14.827746062930487], [-91.27153793212983, 14.827754979708573], [-91.27152633807003, 14.827769402136255], [-91.27151861289366, 14.827786330974448], [-91.27152496930188, 14.82776862242406], [-91.27153473863723, 14.827752913965867], [-91.27155168995847, 14.827743362266403], [-91.27156554491393, 14.827729872435725], [-91.27158350257656, 14.827723934212258], [-91.2716003729588, 14.82771500124636], [-91.27161758238549, 14.827703651802153], [-91.27163518301722, 14.827712556889026], [-91.27164403504412, 14.827694273671852], [-91.271662105122, 14.827685472006976], [-91.27168505582063, 14.827677337639045], [-91.27170280034392, 14.827667812919287], [-91.27172402164626, 14.827654645945188], [-91.27174300183805, 14.827651083730586], [-91.27174819272489, 14.82763368814426], [-91.27176290293556, 14.827621428586099], [-91.27175685769276, 14.827594947149123], [-91.27177694674867, 14.82759051169279], [-91.27178968744408, 14.827576531731609], [-91.27179710595163, 14.827553465020458], [-91.27180734833041, 14.827535751074095], [-91.27181823372445, 14.82751345867922], [-91.271836727383, 14.827493514414186], [-91.27184725035028, 14.827476892244817], [-91.2718514852578, 14.827459101856107], [-91.27186408386035, 14.82744197966366], [-91.27188338421075, 14.827443789998938], [-91.27190578632292, 14.827451568235347], [-91.27192423231742, 14.827454783311623], [-91.27191392338881, 14.8274386890443], [-91.27189221735193, 14.827429905365875], [-91.27190809128535, 14.827441919409125], [-91.27193023529207, 14.82743009512285], [-91.27195140263507, 14.827424647929206], [-91.27197523736726, 14.827424492346495], [-91.27199437404107, 14.827422783634631], [-91.27201360874102, 14.827426526612953], [-91.27203395680164, 14.827425163240719], [-91.27205513943312, 14.827425820645146], [-91.27207739855305, 14.827420208875594], [-91.27209674117165, 14.827416054007756], [-91.27211256564237, 14.827425885396337], [-91.27213092710059, 14.827415535998227], [-91.2721491419693, 14.827399499287537], [-91.2721702940238, 14.827389672395498], [-91.27218931828236, 14.827376875042773], [-91.27221728719803, 14.827366667737579], [-91.27224017134677, 14.827364419432456], [-91.27226131710609, 14.827362639674107], [-91.27227667572794, 14.827349700228524], [-91.27229767939434, 14.827348516720747], [-91.27231488162647, 14.827358695247653], [-91.27233566136164, 14.827359778031393], [-91.2723574789145, 14.827354967557767], [-91.2723738016096, 14.827346300791191], [-91.27238591367893, 14.82733169130455], [-91.27240801271955, 14.827328434859453], [-91.27242684182528, 14.827315774203669], [-91.27244685084145, 14.82730898791948], [-91.27246969631938, 14.827310388163937], [-91.27249145091969, 14.82731496211585], [-91.27250984565279, 14.827311459256464], [-91.2725293978134, 14.827314758869079], [-91.2725450729967, 14.827302957965173], [-91.2725702180411, 14.827299450609189], [-91.27258683931115, 14.827289505906037], [-91.2725988470591, 14.827273565422729], [-91.27260866225993, 14.82725592881809], [-91.27261401502471, 14.82723770225823], [-91.27263263908497, 14.82723599084835], [-91.27266048389419, 14.82723691804938], [-91.27267868976969, 14.827217019649765], [-91.27269834265434, 14.827205930109642], [-91.27272077174621, 14.827198528689223], [-91.27274303086614, 14.827198456743417], [-91.27275793443107, 14.827187493108397], [-91.27278246703719, 14.82718273209747], [-91.27280551666121, 14.82717378294376], [-91.27282392488416, 14.827164276210453], [-91.27284354899058, 14.82715513460181], [-91.27286234841858, 14.827148447243076], [-91.27287315017571, 14.827133639905583], [-91.27287554776825, 14.827112227047678], [-91.27288181334495, 14.827092099320964], [-91.2729019536622, 14.82708739406803], [-91.27292348702929, 14.827073203665464], [-91.27294454015839, 14.827065599897594], [-91.27296319209762, 14.827062406404991], [-91.27298571022231, 14.827059272267661], [-91.27300662035918, 14.827058092357106], [-91.27303179238328, 14.827070274573543], [-91.27305032021604, 14.827067405736216], [-91.27307143719702, 14.827066662896243], [-91.27309225830106, 14.827068368910147], [-91.27311290493657, 14.827071640643737], [-91.27313353178704, 14.827071128929504], [-91.27315262529339, 14.827078899971298], [-91.27316872765459, 14.827088224142301], [-91.27318802980369, 14.827076047321782], [-91.2732094678426, 14.827063304827732], [-91.27322646592864, 14.827050119867181], [-91.27324996791168, 14.827043025115586], [-91.27326512598472, 14.8270292430052], [-91.27328423028297, 14.82702362224245], [-91.27330567281848, 14.827025733850576], [-91.27333302839651, 14.827030395936049], [-91.27335625698561, 14.827035793666994], [-91.2733754530147, 14.827035210007011], [-91.27339764288689, 14.827041084378607], [-91.27342968123475, 14.82705501217913], [-91.2734567868012, 14.827054751375726], [-91.27348496435957, 14.827051512917024], [-91.27350933868502, 14.82704576624917], [-91.27353095838697, 14.827041037613867], [-91.27355046018556, 14.827042649198972], [-91.27356659402307, 14.827051995852969], [-91.27357321483197, 14.827072496798337], [-91.27357241533468, 14.827093349378629], [-91.27357216981977, 14.827112735164633], [-91.27356253897995, 14.827130951832032], [-91.27355403678933, 14.827148289861725], [-91.27353823570098, 14.827170610135624], [-91.27351600535934, 14.827191924967394], [-91.27350176999067, 14.827215864920277], [-91.27349280195119, 14.827235373014105], [-91.27348975774606, 14.827256926166285], [-91.27347764567679, 14.8272804812093], [-91.27347598912559, 14.827304556060483], [-91.27347117865196, 14.827322972377317], [-91.27346234101418, 14.827342505652155], [-91.2734556761385, 14.827363056060221], [-91.27344766497771, 14.82738332498053], [-91.27343561855889, 14.827404198245176], [-91.27342226902243, 14.827418176407775], [-91.27341695582783, 14.827439507427357], [-91.27341267415557, 14.82745823490967], [-91.27340175188931, 14.827473600726137], [-91.27342086158347, 14.827493805794575], [-91.27343924282678, 14.827511601579204], [-91.27343507177113, 14.82753215468523], [-91.27344558844311, 14.827551318338692], [-91.2734599146433, 14.827564255086372], [-91.27344752288485, 14.827581280152003], [-91.27343824727723, 14.827597620833558], [-91.27345280370389, 14.827618179335559], [-91.27346711371626, 14.827633044229685], [-91.27348052080936, 14.827650667344471], [-91.27348767761418, 14.827670910184395], [-91.27349809985736, 14.827692430061632], [-91.27351331998369, 14.82771281499447], [-91.2735229436289, 14.827729051354709], [-91.27353494058502, 14.827750958839715], [-91.27354439785563, 14.827772329429536], [-91.27355516274054, 14.827788047780246], [-91.27356531968371, 14.827809152170687], [-91.27357231191263, 14.827826965941767], [-91.27358108929582, 14.827844466748786], [-91.27359195580408, 14.82786448206025], [-91.27361328502502, 14.82784202329077], [-91.27363156374565, 14.827826158350604], [-91.27364998006249, 14.827805927201837], [-91.27366787207461, 14.827788344556495], [-91.27369293707932, 14.82777020702946], [-91.27371890230546, 14.82774810439156], [-91.27373893110672, 14.827734190980152], [-91.27375693823205, 14.827722606812927], [-91.27377807499812, 14.827712357239534], [-91.2737985876347, 14.827699345848202], [-91.27382116061801, 14.827685742702897], [-91.27384616356954, 14.827680791935052], [-91.2738731252445, 14.827679859338105], [-91.27389273406237, 14.827685863212082], [-91.27391032480159, 14.827692734931816], [-91.27393420719784, 14.827696878108497], [-91.27395525762898, 14.827697833188495], [-91.27397653918592, 14.827699669604101], [-91.27399330075019, 14.827708931721872], [-91.27397321169434, 14.827685885695132], [-91.27397926682966, 14.827706190588287], [-91.2739938808129, 14.82771894657219], [-91.27401080155721, 14.827730796039475], [-91.27403003355914, 14.827735736914804], [-91.27406123463822, 14.827777267606848], [-91.27408907405152, 14.827812145114478], [-91.27411084214162, 14.827821262441375], [-91.27413970768134, 14.827791547941615], [-91.27415598181307, 14.827771079371871], [-91.27417879671407, 14.82775967506899], [-91.27419696571735, 14.827753948186228], [-91.27422084001972, 14.827745677121356], [-91.27424548863837, 14.827733104599133], [-91.27426834041154, 14.82773351469001], [-91.27428645095893, 14.827723567288842], [-91.27430015932487, 14.827707419961484], [-91.27432719294558, 14.827705013375692], [-91.27435576170899, 14.82770469681435], [-91.27437782567608, 14.827696706337974], [-91.27439761615705, 14.82768855128569], [-91.27442707974592, 14.827683777684229], [-91.27444693317938, 14.827676417632631], [-91.27447026608985, 14.827668706845373], [-91.27448693682265, 14.82765694101505], [-91.27450789732154, 14.827651086428546], [-91.27453013665644, 14.827643917932505], [-91.27455136515334, 14.827628122240071], [-91.27456843518507, 14.827611843611749], [-91.27457779173164, 14.82759344438199], [-91.27459110439594, 14.827569712172533], [-91.27460453577066, 14.827540698244661], [-91.27462029638951, 14.827520672141361], [-91.27463135265475, 14.827505374673365], [-91.2746454881987, 14.82748969319482], [-91.27466664744776, 14.827485923236793], [-91.27468286132495, 14.827498041601416], [-91.27470967011516, 14.827506792904217], [-91.27474064636368, 14.827503797262466], [-91.2747656646037, 14.82749451895694], [-91.2747807327446, 14.82745535168317], [-91.27479654822207, 14.827425487895994], [-91.2748089255914, 14.827402555183824], [-91.27482119774004, 14.827385730667004], [-91.27483345370086, 14.827369736224398], [-91.27484271402, 14.82735370041297], [-91.27484503517019, 14.827332164347979], [-91.27485271627978, 14.827313328947014], [-91.27486829523559, 14.827291258684681], [-91.27488421593381, 14.827271686738982], [-91.27489907093536, 14.827251066183806], [-91.27491670394272, 14.827234271344594], [-91.27493848192535, 14.82721709519285], [-91.2749462511685, 14.827196790299695], [-91.27495403120355, 14.827172058044084], [-91.2749546247561, 14.827145161120313], [-91.27495573362017, 14.82711874173657], [-91.2749545438171, 14.827095380947128], [-91.27495875534225, 14.827074198315643], [-91.27497000406242, 14.827057289262541], [-91.27498517292736, 14.827027131397074], [-91.27499974823974, 14.826998914268529], [-91.27501030538127, 14.826975879932945], [-91.27501773917726, 14.826949405690584], [-91.27500916144362, 14.82692941466081], [-91.27499999105669, 14.826911909357193], [-91.2750222960421, 14.826917051680653], [-91.27504884043162, 14.826923347834281], [-91.27506699774369, 14.826932950795083], [-91.27508715964467, 14.82694682283767], [-91.27511112387924, 14.826959757786653], [-91.27513357815207, 14.826962271391778], [-91.2751710160295, 14.826961606792793], [-91.27519580674107, 14.826954012018064], [-91.27522054079526, 14.826942614010477], [-91.27524093382198, 14.826926633057724], [-91.27525915228802, 14.826910967766992], [-91.27527420693906, 14.826894602803748], [-91.27528489628088, 14.826879635386888], [-91.27531019241144, 14.826842948443357], [-91.27532287644954, 14.826821646202063], [-91.27533249559815, 14.826804176871292], [-91.2753405301413, 14.826785068975823], [-91.27535032735568, 14.826765539298265], [-91.27536074959886, 14.826746872070544], [-91.27535718288766, 14.826725609399432], [-91.27536879583323, 14.826708160753071], [-91.27538746126231, 14.826694018014564], [-91.27541673239625, 14.826691231914879], [-91.27544305465324, 14.82669156826131], [-91.27546408529923, 14.826689074441276], [-91.27548232894628, 14.826674322861777], [-91.27547865701439, 14.826655347166593], [-91.27547208476886, 14.826638293322617], [-91.27548360958087, 14.826653199585564], [-91.2755023019896, 14.826651889273307], [-91.27548335777072, 14.8266458143529], [-91.27549846278379, 14.826656475815753], [-91.27548158970359, 14.826648737149526], [-91.2754747539567, 14.826666230761987], [-91.27546791101526, 14.826684715427348], [-91.27544966287161, 14.826680267380482], [-91.27546809357762, 14.826663643412473], [-91.27546951630512, 14.826682670368996], [-91.27546742987795, 14.826702243214015], [-91.27547179788513, 14.82668455714662], [-91.27546369769146, 14.826667496108087], [-91.27547197864885, 14.826650044763824]]}, "properties": {"FID": 1, "Name": "Brechas cortafuegos", "Length": 1.46605209649}, "id": 1}, {"type": "Feature", "geometry": {"type": "LineString", "coordinates": [[-91.26794534829912, 14.829540178936156], [-91.2679236899263, 14.829580738360448], [-91.26789607984017, 14.829619389423328], [-91.26789222444654, 14.829650249659323], [-91.26787845312805, 14.829679215023816], [-91.26786870717507, 14.829725518418002], [-91.26785492956134, 14.829752555635991], [-91.26784318081809, 14.82979308178534], [-91.26781164698986, 14.829843314317543], [-91.2677899958116, 14.829885801888281], [-91.26776052592749, 14.829959162285547], [-91.26776470058041, 14.830018915040966], [-91.26777283854562, 14.830078654306476], [-91.26780080925988, 14.83014218421448], [-91.26782280757647, 14.830198021321678], [-91.26783282602406, 14.830228834792933], [-91.26784281659269, 14.830251937476987]]}, "properties": {"FID": 2, "Name": "Brechas cortafuegos", "Length": 0.0848349596552}, "id": 2}, {"type": "Feature", "geometry": {"type": "LineString", "coordinates": [[-91.27068438737456, 14.833724053522303], [-91.27068476508981, 14.833718630610349], [-91.2707020824351, 14.833695001822946], [-91.27068400875999, 14.833699717867717], [-91.27066470301361, 14.833703783702731], [-91.27064967983881, 14.83372042565719], [-91.27063085972634, 14.833722266569396], [-91.27060977332235, 14.833715418232032], [-91.27056463634887, 14.833703823272856], [-91.27054021525868, 14.833696098995802], [-91.27051687515365, 14.833695632247668], [-91.27049717190692, 14.833695675415129], [-91.27047804962228, 14.833693213071399], [-91.2704649977614, 14.833679200734593], [-91.27044796640047, 14.833670401767677], [-91.2704309800057, 14.833660090141109], [-91.27041777975671, 14.833645614653449], [-91.27039796589338, 14.833630702095263], [-91.27037715737987, 14.833627064337577], [-91.27035952437251, 14.83361799467474], [-91.2703405136038, 14.833621518218536], [-91.27031860701805, 14.833621231334803], [-91.27030036606902, 14.833626704608776], [-91.270283233984, 14.833615749966953], [-91.27026261972406, 14.833603977841335], [-91.27024502988417, 14.833578974889804], [-91.2702414442872, 14.833560462345531], [-91.2702252456985, 14.833571541093818], [-91.27020515394469, 14.833578425404085], [-91.27017972381515, 14.83357273179621], [-91.27016959834828, 14.833555981023778], [-91.2701941201625, 14.833547783703295], [-91.27021249241255, 14.833538339922484], [-91.27018614317592, 14.833531860307176], [-91.27016618632041, 14.833527933867117], [-91.27015723806602, 14.833510987042473], [-91.27014005202176, 14.833518378570375], [-91.27012117794999, 14.833520495574476], [-91.27013599518, 14.833509336786506], [-91.27013320728167, 14.833489371837118], [-91.27011016035556, 14.833488771989266], [-91.270093875432, 14.83347441791011], [-91.27008558188408, 14.833456906311199], [-91.27006520864245, 14.833443503714761], [-91.27004799292052, 14.833432362913243], [-91.27003250389691, 14.833415284787634], [-91.27001848166753, 14.833401364181668], [-91.27000076592259, 14.833391288177438], [-91.26999380516992, 14.833366686323586], [-91.2699764455565, 14.833350642418281], [-91.26995704628064, 14.833329166607825], [-91.2699393943875, 14.833313781905588], [-91.26992093939981, 14.833306449732902], [-91.26989919559139, 14.833303527835596], [-91.26987758668122, 14.833295912376514], [-91.26985443903112, 14.83328419510957], [-91.26984239890754, 14.83326985811749], [-91.26982619672157, 14.833260780360774], [-91.26980706814163, 14.833257783819704], [-91.26979012671296, 14.833245857010752], [-91.26977154492084, 14.833240559104581], [-91.26975380579347, 14.833227292305764], [-91.26973051964774, 14.833223349677894], [-91.26971082809223, 14.833223222873471], [-91.26969159698956, 14.833228506390526], [-91.26967055914895, 14.833232805149862], [-91.2696562302508, 14.833249446205002], [-91.26964018094958, 14.83326453323167], [-91.26961803604348, 14.833264902853045], [-91.26959783187442, 14.833260279438377], [-91.26959192422788, 14.833277497858262], [-91.2695789802857, 14.833292389732037], [-91.26956861469978, 14.833273815134532], [-91.26954524671572, 14.833267777985611], [-91.26952312789001, 14.833260351384183], [-91.26949859438457, 14.833256578728196], [-91.269478855165, 14.833247298623974], [-91.26946012498473, 14.833248540587704], [-91.26943921035127, 14.833243804757842], [-91.26942102605949, 14.83322953881219], [-91.26940193794906, 14.833231877948833], [-91.26938271314168, 14.833233953584113], [-91.26936911539235, 14.833246337248738], [-91.26934058260179, 14.833234260252937], [-91.2693181436174, 14.833239110296745], [-91.26930515111178, 14.833253369047782], [-91.2692968908388, 14.833235546283504], [-91.26927765703823, 14.833224639305683], [-91.2692587577854, 14.833233243119707], [-91.26924211673025, 14.83322394323045], [-91.26922228218257, 14.833204186024432], [-91.26921163241087, 14.833188732973724], [-91.26919826219, 14.833171621573115], [-91.26918142598197, 14.833159837756341], [-91.26915823426503, 14.833148735625684], [-91.26913442291527, 14.833142354935774], [-91.26911544272349, 14.833143081587991], [-91.26909698503778, 14.833146115001227], [-91.26907698591413, 14.833147563809064], [-91.26905763610097, 14.833156212589188], [-91.26903770082919, 14.833159290069204], [-91.26905582936303, 14.833146207631444], [-91.26907315300355, 14.833134406727538], [-91.26904913840696, 14.83314428038426], [-91.26902664186599, 14.833141017643925], [-91.26902805470093, 14.833159303559057], [-91.26900995764339, 14.83315453805153], [-91.26899078319803, 14.833151099044017], [-91.26897074360488, 14.83314912773011], [-91.26894895393104, 14.83315424397324], [-91.2689368859285, 14.833168780614756], [-91.26892672718668, 14.833184329892958], [-91.26891122017662, 14.833197100266034], [-91.2688899260292, 14.83319609932056], [-91.26888539164747, 14.833215423952709], [-91.26890249315551, 14.833223143733164], [-91.2688838313237, 14.833223894667071], [-91.26890269820092, 14.833216417703568], [-91.26887730134632, 14.833202080711487], [-91.26886009911425, 14.83319393285376], [-91.26884498870521, 14.833180421439351], [-91.2688305671769, 14.833165839831679], [-91.26881563033703, 14.833149828301998], [-91.2688128514319, 14.8331297149644], [-91.26881472831701, 14.833105706663105], [-91.26881386316921, 14.833087287648254], [-91.26881252138071, 14.83306714013645], [-91.26880377727247, 14.833050949641688], [-91.26879995515378, 14.833031474822747], [-91.26878987285431, 14.833015754673397], [-91.26877876083108, 14.832992061134746], [-91.26876611456447, 14.832964885421177], [-91.26876032472916, 14.83293583192318], [-91.26875249792943, 14.832910192251632], [-91.2687410648482, 14.832882914015329], [-91.26873403664644, 14.832862581243205], [-91.26872900314095, 14.832841101835413], [-91.26871877065469, 14.83281977711107], [-91.26871140880445, 14.832798118738253], [-91.26870637799692, 14.83276128160793], [-91.2686995854175, 14.832722562196523], [-91.26869115067603, 14.83269715275145], [-91.26868628534373, 14.832674905322676], [-91.26868286792, 14.832651067892527], [-91.26867424432089, 14.832624485731458], [-91.26866677365263, 14.832603740170498], [-91.26866434368446, 14.832585045963128], [-91.26866033630546, 14.832565254582903], [-91.26865347897484, 14.832547957022655], [-91.26864421236047, 14.832530103681393], [-91.26863520385155, 14.83250819169973], [-91.2686259678141, 14.832485885815004], [-91.26861971842521, 14.832462863170633], [-91.26861565528822, 14.832435279164827], [-91.26860881144745, 14.832406365061729], [-91.26860766930844, 14.832385463018738], [-91.26861664903907, 14.83236789296393], [-91.2686121776099, 14.83234599717008], [-91.26860357199723, 14.832327904609144], [-91.26859818505818, 14.832310205951273], [-91.26858947692278, 14.832292992027988], [-91.26858468713357, 14.832267130223954], [-91.26857020535067, 14.832251500906068], [-91.2685546641664, 14.832233271648192], [-91.26854464661812, 14.832207310019385], [-91.26853128808841, 14.832188537571028], [-91.26852405394192, 14.832169319958211], [-91.26851828119368, 14.832149897299985], [-91.2685086746356, 14.832129822633249], [-91.268503040383, 14.83210831174921], [-91.26850517897077, 14.83208803473508], [-91.26850955866917, 14.832064092084238], [-91.26851094092717, 14.83203912420629], [-91.26851342125735, 14.8320179100985], [-91.26851084919628, 14.83199479572329], [-91.26849809860835, 14.831980604421403], [-91.26848437225595, 14.831967511191749], [-91.26846784271675, 14.831957018801404], [-91.26845789711422, 14.831939329136787], [-91.26845178532159, 14.831918662716134], [-91.26844652518696, 14.831900961360304], [-91.26843478094037, 14.83187945677156], [-91.26841827388421, 14.831871081385373], [-91.26840962690272, 14.831852726222394], [-91.26840573103959, 14.831834458293656], [-91.26839776304627, 14.831809772802842], [-91.26839258924656, 14.831789335709345], [-91.26838203210508, 14.83177241406571], [-91.26836820143131, 14.831757138181445], [-91.26836376777362, 14.831735445634365], [-91.26836317062379, 14.831710257422515], [-91.26835797524035, 14.83168512586792], [-91.2683489793219, 14.831668705146683], [-91.26834405823166, 14.83164487940769], [-91.2683210158022, 14.831639097666255], [-91.26830241332567, 14.831618845833134], [-91.26829065558923, 14.831604375741392], [-91.26827031472322, 14.83159594999313], [-91.26825372672806, 14.831582232633991], [-91.26825043880666, 14.831544167929053], [-91.26823661442819, 14.831526705792896], [-91.26823291461727, 14.831503348600734], [-91.26822136822153, 14.831480849361753], [-91.26821587786043, 14.831462481608298], [-91.26820821293865, 14.831440377171702], [-91.2682036353894, 14.8314188204223], [-91.26820367765754, 14.831400503030864], [-91.26820080522293, 14.83137656757458], [-91.26819155839365, 14.831359594669607], [-91.26818171171658, 14.83134049037136], [-91.26817415921005, 14.831321610903672], [-91.2681594283149, 14.831295883098562], [-91.26813890038989, 14.831280055030561], [-91.26813164376034, 14.831255358747853], [-91.26813363396002, 14.831227559804063], [-91.2681299944037, 14.831199932630852], [-91.26812067922594, 14.831171735287398], [-91.26810952583389, 14.831155075346487], [-91.26808922903467, 14.83115921672453], [-91.26808034733011, 14.831139857918174], [-91.26807068231608, 14.831118751729036], [-91.2680581430688, 14.831105376112248], [-91.26805254658774, 14.831082536929557], [-91.26805179475451, 14.831063779769693], [-91.26805403226774, 14.83104511613925], [-91.2680566933617, 14.831024068406066], [-91.26805907926308, 14.831000248063049], [-91.26805755131488, 14.830979415267848], [-91.2680510123443, 14.830961908165591], [-91.26804313608181, 14.83094461869922], [-91.26803498102953, 14.830921176071456], [-91.26803305288303, 14.830895524708751], [-91.26802898974603, 14.830862711145244], [-91.2680344090607, 14.830835155917782], [-91.2680512030006, 14.830815351047647], [-91.26803882023535, 14.830799582334919], [-91.26802478001957, 14.83078133868787], [-91.26801604400521, 14.830759543618115], [-91.26800927840543, 14.830740349387668], [-91.26800026719854, 14.830719234205333], [-91.26799103295974, 14.830696373438911], [-91.26797957110028, 14.830681943816728], [-91.26797963944875, 14.830660735104914], [-91.2679749872558, 14.830641260285972], [-91.2679693287215, 14.83062248244164], [-91.26796963898761, 14.830599228671531], [-91.26796285270348, 14.830581696388208], [-91.267956487302, 14.83055857571776], [-91.26794793744733, 14.830540948106318], [-91.26794706330628, 14.830520305068092], [-91.26793738839973, 14.830503434685795], [-91.26793617341565, 14.83048409926181], [-91.26793024688334, 14.830466756735461], [-91.26791935789203, 14.830448095803035], [-91.26790692836204, 14.830421876068783], [-91.26790199558059, 14.830401310372224], [-91.26790032014361, 14.83038131934245], [-91.26789557891777, 14.830362906622895], [-91.2678906317472, 14.83033926164768], [-91.26788122663726, 14.830320086303004], [-91.26786446057633, 14.830302434409873], [-91.26785370918128, 14.830285822133021], [-91.26785161466023, 14.830266576641236], [-91.2678477565687, 14.83025842788419]]}, "properties": {"FID": 3, "Name": "Brechas cortafuegos", "Length": 0.636737716726}, "id": 3}, {"type": "Feature", "geometry": {"type": "LineString", "coordinates": [[-91.27066669950852, 14.82804529885152], [-91.2706787486253, 14.828344609416263], [-91.27070141064155, 14.828536974401914], [-91.27084496312449, 14.828728933793286], [-91.27093341324638, 14.828878312983818], [-91.27102178872451, 14.829006310792636], [-91.27111020197418, 14.82914499884265], [-91.27117655935069, 14.829262379255454], [-91.2712431055848, 14.829433213571974], [-91.27134254722074, 14.829582555890283], [-91.27144210217125, 14.82976397163003], [-91.2715307438487, 14.829966805623656], [-91.27156401696578, 14.830052223231576], [-91.27163079162767, 14.830287204391027], [-91.27166459624408, 14.83052229526777], [-91.27168706850335, 14.830661204551006], [-91.27168809193188, 14.830949861746774], [-91.2717106406335, 14.831110152411668], [-91.27188728007388, 14.831334073708604], [-91.27207475904288, 14.831515193571363]]}, "properties": {"FID": 4, "Name": "Brechas cortafuegos.", "Length": 0.425257073697}, "id": 4}, {"type": "Feature", "geometry": {"type": "LineString", "coordinates": [[-91.2706776136809, 14.828023879698321], [-91.27025934799047, 14.82784353055456], [-91.26995105949379, 14.827684195868983], [-91.26965376071246, 14.82752482341192], [-91.26921306413158, 14.827216253427423], [-91.26890417218976, 14.826885860494144], [-91.26858433010273, 14.826566195573491], [-91.26836415268349, 14.826460018914815], [-91.26814374953437, 14.826289696312472], [-91.26787923553826, 14.826076756637065], [-91.26774690389647, 14.825948904518384]]}, "properties": {"FID": 5, "Name": "Brechas cortafuegos.", "Length": 0.394310243331}, "id": 5}, {"type": "Feature", "geometry": {"type": "LineString", "coordinates": [[-91.27590893854665, 14.829290322990062], [-91.2759083449941, 14.82927760567702], [-91.2759212718492, 14.829264496259555], [-91.27592770200181, 14.829257201858411], [-91.27597070038746, 14.82928690017036], [-91.2760338004195, 14.829353700013314], [-91.27606959973218, 14.829451799860749], [-91.27608330000425, 14.82954240026163], [-91.27617770004076, 14.829589499555823], [-91.27621770008676, 14.829675300274914], [-91.27630650004488, 14.82970550040858], [-91.27633479991107, 14.829793699619586], [-91.2763711001461, 14.829878600117354], [-91.27648009977673, 14.829914400329358], [-91.27654250013626, 14.829985599655743], [-91.2765595998456, 14.830081099563131], [-91.27660260002995, 14.83016619971039], [-91.27668610028326, 14.83021909963179], [-91.27678649969715, 14.830226299604078], [-91.27684399965085, 14.83029980029562], [-91.27693889971044, 14.830281300341767], [-91.27696859982098, 14.830368100207693], [-91.27704270036031, 14.830430300018406], [-91.27711939994032, 14.830488499644616], [-91.27705160005127, 14.830556599907197], [-91.27707439966377, 14.830647999805421], [-91.27709194633621, 14.83067017169111], [-91.27702750001907, 14.830741200146292], [-91.27694480016237, 14.830782700261466], [-91.27688410042089, 14.83085779994758], [-91.27682610044417, 14.830931600113331], [-91.2769182000149, 14.83094430033924], [-91.27685030030108, 14.831011600205215], [-91.27676379990942, 14.831051200052912], [-91.27668150025102, 14.831096399978946], [-91.27661609975314, 14.831166100135476], [-91.27654279961047, 14.831222500218246], [-91.27651160033008, 14.831313099719807], [-91.27643299958322, 14.83136639983951], [-91.27633980014161, 14.831407700305192], [-91.27626599997586, 14.831468200397182], [-91.27636009963885, 14.831569099834155], [-91.27629379981897, 14.831500799922026], [-91.27624280016505, 14.831579999617361], [-91.27619240035898, 14.83165889983843], [-91.27613879986569, 14.831735499593663], [-91.27607500016109, 14.831809699957716], [-91.27604959970921, 14.831899199588463], [-91.27595070036449, 14.831934200303124], [-91.27584439959935, 14.831991399883236], [-91.27585559975608, 14.832084100201087], [-91.27579080000538, 14.832152199564405], [-91.2757424002915, 14.832234299573315], [-91.27564219962778, 14.832257799757713], [-91.27560259978014, 14.832340399789643], [-91.27552690024623, 14.832403200347471], [-91.27544380019117, 14.832454200001393], [-91.27536790010845, 14.83251639981205], [-91.27532420025159, 14.832607100037706], [-91.2753236858394, 14.832607285298025], [-91.27534890013158, 14.832687899626933], [-91.27529330044541, 14.83276069974653], [-91.27520720025205, 14.832797800378216], [-91.27526480003047, 14.832870200299567], [-91.27519269958339, 14.832929800170177], [-91.2751702003444, 14.833018100105278], [-91.27509080010032, 14.833075400409427], [-91.27502689967167, 14.833145499864997], [-91.27499790013297, 14.83323629991537], [-91.27492490036383, 14.83330120039011], [-91.27489990011026, 14.833392299914749], [-91.2748067995941, 14.833423199720926], [-91.27473479987106, 14.833489299891312], [-91.27458310042971, 14.83362500039351], [-91.27452289981193, 14.833698900383979], [-91.27447140013498, 14.833775799613534], [-91.27434129971118, 14.833841700134428], [-91.27426200019113, 14.833891099894402], [-91.27417360043125, 14.833945300235484], [-91.27410919997953, 14.834014600193711], [-91.27403079978154, 14.834070600078178], [-91.27405160020118, 14.834167699879515], [-91.27396650005392, 14.834209199994632], [-91.27391810034004, 14.834288700063496], [-91.2738839998467, 14.834373200362961], [-91.27385739969918, 14.834465899781492], [-91.27385439956083, 14.834564200177738], [-91.27385939979143, 14.83466280004825], [-91.27382289990686, 14.834754899618986], [-91.27375579969038, 14.834822300209055], [-91.27366839997666, 14.834859899964442], [-91.27366634322715, 14.834866990219496]]}, "properties": {"FID": 6, "Name": "Brechas cortafuegos", "Length": 0.918319932554}, "id": 6}, {"type": "Feature", "geometry": {"type": "LineString", "coordinates": [[-91.27413620032536, 14.827147699906448], [-91.27389179966679, 14.827039099574847], [-91.27382438558686, 14.827033692850705], [-91.27379829985159, 14.827031600128294], [-91.27370029982893, 14.82701739983321], [-91.27355220037373, 14.826968699745748], [-91.27352989988492, 14.826875899603124], [-91.27346159997285, 14.826808200438165], [-91.27341499980236, 14.82672759959911], [-91.27333780019927, 14.826668899949823], [-91.2732639002088, 14.826609499728704], [-91.27319001910405, 14.826552337920134], [-91.27316740025526, 14.826529299987271], [-91.27309150017254, 14.826473099553937], [-91.27305889974838, 14.826388299780263], [-91.2730044997578, 14.826310799803593], [-91.27294189974884, 14.826240499799269], [-91.2729089000257, 14.82615190038996], [-91.27289900028859, 14.826057000330366], [-91.27280400040428, 14.826038000353492], [-91.27277680040896, 14.825949700418391], [-91.27268029955616, 14.825911200441624], [-91.27268629983286, 14.825815699634859], [-91.27267580024795, 14.825721199773625], [-91.27263769957017, 14.82563670037348], [-91.27258240025753, 14.825562400184651], [-91.27251840000412, 14.825490799760644], [-91.27242919984764, 14.825462999917534], [-91.2723485999079, 14.825379800037808], [-91.27226130001895, 14.825343200328462], [-91.27220020007911, 14.825270800407168], [-91.2721935001299, 14.825362399954827], [-91.27213309986263, 14.825285599650726], [-91.27209550010718, 14.82519030029215], [-91.2720040003843, 14.825170400093953], [-91.27193120026465, 14.82510470012187], [-91.27186960030178, 14.82503340007139], [-91.27179079990543, 14.82496550035762], [-91.2717279004222, 14.824888600228746], [-91.27167689986902, 14.824809000335165], [-91.27164759995674, 14.824720999874273], [-91.2715675998648, 14.82467339965774], [-91.27152536140625, 14.82459750047434], [-91.27151022581626, 14.824572920204162], [-91.27147179958382, 14.824512199778269], [-91.27143569989761, 14.824426300133666], [-91.27133989961663, 14.8244157996495], [-91.27130920035927, 14.82432660039234], [-91.27128510032708, 14.824239299604017], [-91.27128110014263, 14.824146299811957], [-91.27127140005501, 14.824052999646256], [-91.27129230029936, 14.823959099632816], [-91.27130649969519, 14.823863300251162], [-91.27127590026254, 14.823777000408313], [-91.27136599974108, 14.823803400006966], [-91.27144530016045, 14.82374790014552], [-91.27150530022936, 14.823674600002846], [-91.2715774996019, 14.823612199643321], [-91.27165510030261, 14.82355740035382], [-91.27170929974437, 14.823471900008201], [-91.2717375996105, 14.823385699990126], [-91.2717516002561, 14.823293499695296], [-91.2717040000395, 14.823214399824735], [-91.27164759995674, 14.823136800023349], [-91.27158869975864, 14.823065199599341], [-91.27153169982807, 14.822991599982402], [-91.27145829986063, 14.822933900379269], [-91.27138659961184, 14.822872400241124], [-91.27132069999027, 14.822802299886291], [-91.27124949976456, 14.822732800278573], [-91.2711954999723, 14.82265580032498], [-91.27114409292551, 14.822596307473646], [-91.27108330055387, 14.822539398374602], [-91.27106469987598, 14.822522699762828], [-91.270957399964, 14.82248929984138], [-91.2708751003056, 14.822441300325806], [-91.27077810032904, 14.822341300210894], [-91.2706854998359, 14.822311799749798], [-91.27058899988242, 14.822310600054209], [-91.2705315997535, 14.822232299680934], [-91.27047890038091, 14.822150900243912], [-91.27039420043195, 14.822105899967369], [-91.27035509970807, 14.822023399760155], [-91.2702870722905, 14.821966293709522], [-91.27027952607921, 14.821962205391515], [-91.27013889009766, 14.821886015727102], [-91.27008359977827, 14.821831300074507], [-91.26999949967711, 14.821780800443662], [-91.2699592001569, 14.821689799844421], [-91.26991229961288, 14.821611100172163], [-91.26985950041558, 14.821536200135597], [-91.26978670029592, 14.82147960040328], [-91.26970560033317, 14.82143379973013], [-91.26963659984915, 14.82136640003938], [-91.26955490003854, 14.821321399762837], [-91.2694614002234, 14.821324300076412], [-91.26937029979945, 14.821302200136472], [-91.2692848003532, 14.821343499702778], [-91.26921810033502, 14.821409000025369], [-91.26920109955108, 14.821498499656059], [-91.26923635927051, 14.821553110088018], [-91.26925539971688, 14.821582599757221], [-91.26923629991529, 14.82167189973842], [-91.26925355520734, 14.821728895172441]]}, "properties": {"FID": 7, "Name": "Brechas cortafuegos", "Length": 1.04548210945}, "id": 7}, {"type": "Feature", "geometry": {"type": "LineString", "coordinates": [[-91.27127351076388, 14.824073301841452], [-91.27127246215434, 14.824063215045385], [-91.27110450297039, 14.824075372080813], [-91.27107114082048, 14.82408647511079], [-91.27101591075564, 14.824071984334637], [-91.27096671783971, 14.824081570208364], [-91.2709256925666, 14.824081313002239], [-91.27089578111537, 14.824084153960598], [-91.27084471940822, 14.824081731186993], [-91.270804715765, 14.824082304954459], [-91.27076494324751, 14.824082875124645], [-91.27071245701427, 14.824069003981379], [-91.27066286929596, 14.82406685729967], [-91.27060574885621, 14.824073549155003], [-91.27056480901871, 14.824062610700992], [-91.27052416505813, 14.824051751387287], [-91.27048606078301, 14.824052395301862], [-91.27044038781361, 14.824061745553138], [-91.27041267610406, 14.82406505236031], [-91.27036529802007, 14.824062966832514], [-91.27033017140025, 14.824074895440106], [-91.27029310764078, 14.824075444026562], [-91.27024840324117, 14.824083692608383], [-91.2702136408468, 14.824094774054629], [-91.27017714815685, 14.8240950222675], [-91.27014288398686, 14.824106943680533], [-91.2701087529166, 14.824118820127524], [-91.27007475404662, 14.82413064891034], [-91.27005022863511, 14.824144842910243], [-91.27001644740108, 14.824156586257516], [-91.26998279566942, 14.824168283739368], [-91.26996020380034, 14.824193049269866], [-91.26992674092634, 14.824204648725583], [-91.26990256085446, 14.82421865566647], [-91.26987843474194, 14.824232632030373], [-91.26984689281983, 14.824254775137831], [-91.26982449610358, 14.824279355407953], [-91.26979307558992, 14.824301401388595], [-91.26977074272554, 14.824325916907583], [-91.26975743096062, 14.82435296042081], [-91.26972613905002, 14.824374882295047]]}, "properties": {"FID": 8, "Name": "Brechas cortafuegos", "Length": 0.179922401311}, "id": 8}, {"type": "Feature", "geometry": {"type": "LineString", "coordinates": [[-91.26786975128795, 14.826126047579066], [-91.26787333238832, 14.826117551683694], [-91.26788766578312, 14.826083542921197], [-91.26788856780314, 14.826081400736086], [-91.26791425423943, 14.826048112330568], [-91.26792966322336, 14.826011116020254], [-91.26793463107833, 14.82597119061802], [-91.26795126493892, 14.825924264892933], [-91.26796664964115, 14.825887330635851], [-91.26798079327892, 14.825860371658848], [-91.26799616718932, 14.825823464381415], [-91.26800233473995, 14.825773722879035], [-91.2680176933618, 14.825736860567702], [-91.26802384562393, 14.825687200903644], [-91.26803673111021, 14.82567023069663], [-91.26804532503166, 14.82560080573262], [-91.26805145571007, 14.825551278268904], [-91.26805635521657, 14.8255077627731], [-91.2680610847512, 14.825465062063017], [-91.26806487089704, 14.825430886026595], [-91.26807055191438, 14.825379593193702], [-91.26807506201447, 14.825341905304754], [-91.26808152634135, 14.825290829208427], [-91.26808669024854, 14.825250019772625], [-91.26809313658896, 14.825199073178737], [-91.2680874933431, 14.825157441762599], [-91.2680710654273, 14.825114928111475], [-91.26807879959688, 14.825054024223903], [-91.26808523604478, 14.825003349225256], [-91.26809166260011, 14.824952745273038], [-91.26809679772902, 14.824912313552488], [-91.26810448963045, 14.824851753205905], [-91.26811907573472, 14.824822443401104], [-91.26813612957869, 14.824773347611938], [-91.26815003939276, 14.824747132374284], [-91.2681760738667, 14.824711209854513], [-91.26820338627721, 14.824665145680001], [-91.26824052917704, 14.824632034440867], [-91.26826760416657, 14.824586859695842], [-91.26830528396164, 14.824543042927132], [-91.26833000362672, 14.824517031835626], [-91.26836764205302, 14.824473262730919], [-91.2683923347384, 14.82444728131702], [-91.26842878336163, 14.824413093589442], [-91.26846635613737, 14.82436939732986], [-91.26850276159314, 14.824335251870423], [-91.26853801231937, 14.824310641023317], [-91.2685626402536, 14.824284725259929], [-91.26859899714594, 14.824250623867272], [-91.26863420560409, 14.824226043597093], [-91.26865992531526, 14.824190661569844], [-91.2686951067937, 14.824166104682035], [-91.26872079592795, 14.824130755929673], [-91.26874647067302, 14.824095426962458], [-91.26877213012966, 14.824060117780277], [-91.26880836831151, 14.824026135997428], [-91.26882340767406, 14.823989546180655], [-91.268849257787, 14.823952607426918], [-91.26886451118821, 14.823914343072545], [-91.26887974660298, 14.823876120086936], [-91.26888440688981, 14.823836578695193], [-91.26889022280551, 14.823787216706762], [-91.26890425672605, 14.82375899058502], [-91.26891943638287, 14.823720941168574], [-91.26892399774425, 14.823682065275136], [-91.26892965358059, 14.82363380585548], [-91.26893417537184, 14.823595239328881], [-91.26893982041634, 14.823547083331277], [-91.26894433141575, 14.823508597743626], [-91.26894996386972, 14.823460545168075], [-91.26895446497656, 14.823422144116705], [-91.26896008573931, 14.823374193164511], [-91.26896570020688, 14.82332629976895], [-91.26896988924898, 14.823290238753543], [-91.26897362503274, 14.823257530410729], [-91.26897816301175, 14.823217626592225], [-91.26898177109183, 14.82318586343689], [-91.26897585804937, 14.823144135793257], [-91.2689769804033, 14.823134238754164], [-91.26896720027605, 14.823136800023349], [-91.26897859918296, 14.823119970110554], [-91.26897946882741, 14.823112297994214], [-91.26898398702133, 14.823072450832967], [-91.26898760589324, 14.823040533893561], [-91.26899213577843, 14.823000588706236], [-91.26899485712693, 14.822976594794056], [-91.26900030521989, 14.822928550312383], [-91.2690039420782, 14.822896475092307], [-91.26901806503162, 14.822866311830865], [-91.26902171627916, 14.82283416376572], [-91.26903586801086, 14.822803919565274], [-91.26905095773549, 14.822765574271898], [-91.26907567110533, 14.822737171883034], [-91.2690802882247, 14.822696777934027], [-91.26909452269405, 14.822666350271902], [-91.26909915869919, 14.822625851102202], [-91.26911344442988, 14.822595198609577], [-91.26911813169636, 14.822554342409035], [-91.26913245519859, 14.822523543326895], [-91.26914679578795, 14.82249270467463], [-91.26915057024257, 14.822459906399615], [-91.26916493961022, 14.822428990405626], [-91.2691706242249, 14.822379673383296], [-91.26918501427696, 14.822348771778422], [-91.26918871678583, 14.822316669578697], [-91.26919242379131, 14.822284525110774], [-91.26920681474269, 14.82225386992019], [-91.26921053973456, 14.822221637318762], [-91.26922402866597, 14.822198966309315], [-91.26922964313349, 14.822150482958477], [-91.2692333924071, 14.822118107364815], [-91.26923808506956, 14.822077574020852], [-91.26924184513501, 14.822045098602473], [-91.26924561059644, 14.822012579117256], [-91.26923957974276, 14.821970343356725], [-91.26923259830573, 14.821936203293205], [-91.26923652744375, 14.821902183738814], [-91.26922974835418, 14.821866220749541], [-91.26923371616306, 14.821831833372471], [-91.26922693257683, 14.82179582901432], [-91.26922014539338, 14.821759805770455], [-91.26922510605374, 14.821716732741095], [-91.26921831437369, 14.821680662732433], [-91.26922228488053, 14.821646155745555]]}, "properties": {"FID": 9, "Name": "Brechas cortafuegos", "Length": 0.53951522529}, "id": 9}, {"type": "Feature", "geometry": {"type": "LineString", "coordinates": [[-91.26897975211381, 14.82310980327486], [-91.26897946882741, 14.823112297994214], [-91.26897859918296, 14.823119970110554], [-91.2689769804033, 14.823134238754164], [-91.26905769995284, 14.82311310018946], [-91.26914480019235, 14.823149600074032], [-91.269220200252, 14.82320619980635], [-91.26922869974464, 14.82329919959841], [-91.26932919988263, 14.823306500294791], [-91.26935599967959, 14.823400199759476], [-91.26938209980403, 14.823499000178742], [-91.2693916002421, 14.823592699643427], [-91.26942150000218, 14.823683399869083], [-91.2695973003751, 14.824232599654806], [-91.26966200030103, 14.824300699917444], [-91.26968289964606, 14.824390200447453], [-91.26970179979821, 14.824479500428652], [-91.26967449997818, 14.824574699962454], [-91.26969609989504, 14.824664699616221], [-91.26961349986311, 14.824602700354376], [-91.2695200998727, 14.82459179967185], [-91.26943279998369, 14.82462580034047], [-91.26935639987789, 14.824681999874429], [-91.26926190001666, 14.824680900003557], [-91.26926800011807, 14.824771799878704], [-91.26925520006739, 14.824861699707697], [-91.26920709982778, 14.824947600251619], [-91.2692188000076, 14.825040900417264], [-91.26922800007213, 14.82513180029241], [-91.26924709987372, 14.825225899955342], [-91.26925369999822, 14.825316299807412], [-91.26929360021944, 14.825400599558066], [-91.26928819979054, 14.825493000401707], [-91.26928049979517, 14.82558379955276], [-91.2692894003855, 14.82568040023034], [-91.26929660035779, 14.825781900414427], [-91.26926390010885, 14.825886899860564], [-91.26922259964323, 14.825973099878695], [-91.26920549993383, 14.826062300035176], [-91.26922979961552, 14.82615560020082], [-91.26921090036274, 14.826246199702382], [-91.2692013000999, 14.82633890002029], [-91.269220200252, 14.82643549979855], [-91.26921429980007, 14.826533599645984], [-91.26918540008609, 14.826644500443365], [-91.2692146001736, 14.826749599714333], [-91.26930170041311, 14.826799299847835], [-91.26934650014084, 14.826887199584633], [-91.26935780012235, 14.826982400017812], [-91.26938600016376, 14.827072299846805], [-91.26947780026023, 14.827090100128089], [-91.26954410008011, 14.827156200298475], [-91.26959990031509, 14.827229899740132], [-91.26956620002005, 14.827314400039597], [-91.26957099970184, 14.82740870025134], [-91.26961830044417, 14.827486999725295], [-91.26970720022706, 14.827530499932664], [-91.26980039966867, 14.827533800444598], [-91.2698934003601, 14.827534699766602], [-91.26998380021217, 14.827567800213842], [-91.27005379984297, 14.827635799752386], [-91.27011880014248, 14.827708900245625], [-91.27021930028047, 14.827712400406995], [-91.27031520038616, 14.827716899715199], [-91.27039299983704, 14.827778499678061], [-91.27048000025178, 14.827821800235938], [-91.2705679998133, 14.827859399991382], [-91.27064699985914, 14.827911100217136], [-91.27067699944394, 14.827944831089155], [-91.27068288730538, 14.827941354310099], [-91.27069910208184, 14.827953477171263], [-91.27070008414154, 14.82795528750654]]}, "properties": {"FID": 10, "Name": "Brechas cortafuegos", "Length": 0.735911964146}, "id": 10}, {"type": "Feature", "geometry": {"type": "LineString", "coordinates": [[-91.26788546154478, 14.826127781471996], [-91.26772909821926, 14.826357649985596], [-91.26760449175384, 14.826679151321798], [-91.26758952883364, 14.826893258317284], [-91.267559172218, 14.827199154617347], [-91.26760750987864, 14.827535368862243], [-91.26763969841329, 14.827749318476322], [-91.26778244780166, 14.828115797606017], [-91.26789333241135, 14.82836006426561], [-91.26795700980813, 14.828589198033114], [-91.26797348269002, 14.82880319980785], [-91.26798995467266, 14.829017202481964], [-91.26799103295974, 14.829322994460654], [-91.26792908046264, 14.82958312695979]]}, "properties": {"FID": 11, "Name": "Brechas cortafuegos", "Length": 0.397749469763}, "id": 11}, {"type": "Feature", "geometry": {"type": "LineString", "coordinates": [[-91.26792908046264, 14.82958312695979], [-91.26791352488925, 14.829629048142124]]}, "properties": {"FID": 12, "Name": "Brechas cortafuegos", "Length": 0.0053491823989}, "id": 12}, {"type": "Feature", "geometry": {"type": "MultiLineString", "coordinates": [[[-91.22891399988117, 14.805487100349467], [-91.22886650038862, 14.805409299999269], [-91.22879129997847, 14.805349999602868], [-91.22875149958202, 14.805260900170481], [-91.22867830016338, 14.805204400262937], [-91.22859260016833, 14.805249899663181], [-91.22853329977193, 14.805175499649636], [-91.22843619997059, 14.80518440023991], [-91.22834289980494, 14.805168100027856], [-91.22828019997121, 14.805099899940501], [-91.22818899972253, 14.8050530002958], [-91.22805149967695, 14.805029400286628], [-91.22800450020748, 14.804931300439193], [-91.22786550009272, 14.804907999904344], [-91.2277183997843, 14.804928099752033], [-91.22773300027768, 14.804834000089102], [-91.22771029959063, 14.804735000020287], [-91.22762330007521, 14.804700600052684], [-91.22753290022314, 14.804728399895794], [-91.22745759998821, 14.804671399965173], [-91.22740110008067, 14.804597900173007], [-91.22734250025616, 14.804515800164097], [-91.22736539969338, 14.804426400358125], [-91.22739089997003, 14.8043372002017], [-91.22729149970291, 14.804295000414015], [-91.22719919958337, 14.804244400059076], [-91.2271526003122, 14.80415850041453], [-91.22715659959738, 14.804043899806175], [-91.22706059966691, 14.804049999907647], [-91.22703129975463, 14.803962700018644], [-91.22705760042788, 14.803861900406446], [-91.22695560022072, 14.803796900106931], [-91.22704990043252, 14.803778800351381], [-91.22714180035376, 14.803760300397585], [-91.22721199963405, 14.803823400429621], [-91.227258400155, 14.803909499723659], [-91.22730519997498, 14.803988899967806], [-91.22738269995159, 14.804048200364207], [-91.22744379989143, 14.804124999768987], [-91.22753679968355, 14.804145900013339], [-91.22759839964641, 14.804214100100694], [-91.22768790017642, 14.80424270034041], [-91.22778509980247, 14.804248500068297], [-91.22785350043864, 14.804162700248469], [-91.22792819992645, 14.804100500437812], [-91.22801289987541, 14.80405159980154], [-91.22804369985681, 14.803964999585105], [-91.22812970022545, 14.803915500000357], [-91.22819170038662, 14.803841400360398], [-91.22826599967613, 14.803780699719539], [-91.2283523004183, 14.803746299751992], [-91.22844160039949, 14.803719099756677], [-91.2285347998411, 14.80369649979366], [-91.22862679958712, 14.803730000439202], [-91.22870109977589, 14.803665000139688], [-91.22876860019073, 14.803601200435082], [-91.22886310005197, 14.803573000393726], [-91.22895800011156, 14.803545300375333], [-91.2290499000328, 14.803523599734376], [-91.22913690044754, 14.803488699743752], [-91.22918489996312, 14.803401899877827], [-91.22927739973215, 14.803372799615033], [-91.22930830043765, 14.803286999795262], [-91.22937010005006, 14.803214199675608], [-91.22947010016497, 14.8032153004458], [-91.22953449971737, 14.80314699963435], [-91.2295947003351, 14.803077400201914], [-91.22968520001194, 14.803102699929696], [-91.22977299992397, 14.803136800423033], [-91.22986429999742, 14.803163000372194], [-91.22998310043971, 14.803132200390792], [-91.23006979958154, 14.803079199745298], [-91.2301689003744, 14.803069100358755], [-91.23026400008348, 14.803054900063614], [-91.23035360043826, 14.803084199975899], [-91.23044810029955, 14.803096400178788], [-91.23034719996326, 14.803131900017206], [-91.23043840021194, 14.803102899579187], [-91.23043959990758, 14.803011800054605], [-91.23053419959359, 14.80301540004075], [-91.23060449959792, 14.802942400271604], [-91.23066649975914, 14.803017599782436], [-91.23074230001708, 14.803070300054344], [-91.23082149971242, 14.80313290006336], [-91.23092030013169, 14.80314560028927], [-91.23095169996094, 14.803238699906103], [-91.23103840000215, 14.803205800007731], [-91.23099029976248, 14.803090499726807], [-91.23107620030635, 14.803161600127794], [-91.23118770005226, 14.803175000026272], [-91.23127740023182, 14.8032139002014], [-91.23135330031454, 14.803150800169362], [-91.23142959969624, 14.8030892002065], [-91.23150799989423, 14.803039599897659], [-91.23158139986168, 14.80297930035448], [-91.23169760036393, 14.80289809966763], [-91.23179379994389, 14.802941000027204], [-91.23189539995269, 14.802950399741178], [-91.23199509969407, 14.802960099828795], [-91.23208899970751, 14.802968100197688], [-91.2321842001407, 14.80299399977332], [-91.23228000042167, 14.803023199860831], [-91.2323745002829, 14.803024100082212], [-91.23242259962325, 14.803101600058824], [-91.23249379984895, 14.803162500349174], [-91.23258790041126, 14.803151099643571], [-91.23268650028172, 14.80316470009086], [-91.23276489958039, 14.803114499934281], [-91.23287340008733, 14.803125899740508], [-91.23296670025297, 14.803133599735872], [-91.23301200000378, 14.803212599781716], [-91.23311140027084, 14.803236699813908], [-91.2332015995741, 14.803270300284169], [-91.23320299981856, 14.803361899831884], [-91.2333137998919, 14.80334110031157], [-91.23340600018673, 14.803314299615295], [-91.23347680021413, 14.803247999795417], [-91.2335513000524, 14.803190999864796], [-91.2336196997893, 14.803125500441524], [-91.23370179979821, 14.803066600243483], [-91.23378249956266, 14.803021900340468], [-91.2338405004387, 14.802948600197794], [-91.23392089982963, 14.802894399856712], [-91.23399889982932, 14.802841400110594], [-91.23395300023071, 14.802759599575893], [-91.23403570008747, 14.802712799755966], [-91.2341130004146, 14.802660999705438], [-91.2341603002576, 14.802575799733404], [-91.234159499861, 14.802482000444002], [-91.23422030032657, 14.802409399973897], [-91.23412440022088, 14.802407899904722], [-91.23416879975025, 14.80232770016329], [-91.23419289978244, 14.80223570041727], [-91.23426950043705, 14.802174599578166], [-91.23433270029386, 14.802102800403986], [-91.23437740019682, 14.802021099694059], [-91.23430240033548, 14.801967400275373], [-91.23427370027099, 14.801875500354129], [-91.23428569992507, 14.801781700165407], [-91.23434999965275, 14.801705899907404], [-91.23431080000336, 14.801618299644872], [-91.23429940019713, 14.80152179969133], [-91.23427909980057, 14.80143110036505], [-91.23428000002195, 14.801340300314678], [-91.23429919964832, 14.801244099835401], [-91.23434029956513, 14.801161499803413], [-91.23436700043669, 14.80107279967001], [-91.23438329974942, 14.800982899841017], [-91.2344266003073, 14.80090260027481], [-91.23446599960619, 14.800812499897006], [-91.23444639978146, 14.800714599699063], [-91.23448770024714, 14.800629399727086], [-91.23454489982726, 14.800551299902622], [-91.23462820043108, 14.80050950031324], [-91.2347100000664, 14.800453700078265], [-91.23481250029664, 14.80041169994007], [-91.23491119999187, 14.800401300179885], [-91.23493759959052, 14.800304300203322], [-91.23501539994072, 14.800254600069763], [-91.23511089984811, 14.800234299673264], [-91.23518489966335, 14.800175799673468], [-91.23524269999058, 14.800102100231811], [-91.2353302004284, 14.80006100031494], [-91.23538990012378, 14.799991700356713], [-91.23545179956085, 14.799921799651372], [-91.23551689968514, 14.799847600186638], [-91.23561200029354, 14.799831399799302], [-91.23570450006258, 14.799820699665588], [-91.235791499578, 14.799854800158926], [-91.23588500029251, 14.79985880034343], [-91.23597769971104, 14.799829600255919], [-91.23604150031497, 14.799759300251537], [-91.23608460032403, 14.79967760044093], [-91.23614920042525, 14.799602200381287], [-91.23621820000989, 14.79953200020168], [-91.23627040025872, 14.799452099934513], [-91.23629210000036, 14.799362399755012], [-91.23636879958042, 14.79930839996274], [-91.23645660039176, 14.799255099843037], [-91.23652340023472, 14.79919020026756], [-91.23659990016523, 14.79913730034616], [-91.23663380010976, 14.799050499580915], [-91.23670489961137, 14.798988399595032], [-91.23675900012773, 14.798909400448508], [-91.23684839993365, 14.798851299747753], [-91.23690589988735, 14.79877019978494], [-91.23697689956424, 14.798710400264838], [-91.2370515001266, 14.7986437002466], [-91.23713500037991, 14.798587900011626], [-91.2372174996878, 14.798540799818113], [-91.23727389977063, 14.798616600076059], [-91.23729139967833, 14.798525999675178], [-91.23738519986705, 14.798512900150286], [-91.23747640011572, 14.798484100261078], [-91.23743499982533, 14.798391499767945], [-91.23752129966823, 14.79843669969398], [-91.23761690029966, 14.798485399781441], [-91.23766689990748, 14.798406100261388], [-91.23775130038217, 14.798444600238156], [-91.23781650033118, 14.798513400173306], [-91.23790769968053, 14.79849140005814], [-91.23792059955599, 14.798390600445885], [-91.23786289995286, 14.79831499983743], [-91.23779440039124, 14.79824850036806], [-91.23787920016491, 14.798304699902019], [-91.23789650042312, 14.798213300003852], [-91.23795029966658, 14.798291200178767], [-91.23801300039963, 14.79821930028055], [-91.23810240020555, 14.798190500391343], [-91.23819790011294, 14.798165599962545], [-91.2382691003387, 14.798101400059636], [-91.23832260010789, 14.798011500230587], [-91.23840989999684, 14.79797319990331], [-91.2384165999461, 14.797879700088117], [-91.23845119956314, 14.797791199604205], [-91.23840980017212, 14.797672200411796], [-91.23841569972473, 14.797579400269171], [-91.23850799984427, 14.79754169978969], [-91.23859860024515, 14.797507799845164], [-91.23865710024495, 14.797388699928604], [-91.23866480024031, 14.79729379986901], [-91.23869760031397, 14.797205800307495], [-91.23903060038185, 14.79674939976502], [-91.23924739994749, 14.796743500212415], [-91.23934420027456, 14.79676450028154], [-91.23943079959167, 14.79681349984321], [-91.23952039994646, 14.79685540015663], [-91.23959179982165, 14.796914400179446], [-91.23968490033786, 14.796891800216429], [-91.23977370029598, 14.796853900087456], [-91.23981869967321, 14.796774800216895], [-91.2398966996729, 14.79672219976976], [-91.2399479997004, 14.796643199723917]], [[-91.23968490033786, 14.796891800216429], [-91.23965680012117, 14.79700260028983], [-91.23965940006121, 14.797095699906663], [-91.23969079989047, 14.797206199606478], [-91.23971330002871, 14.79731360024249], [-91.23966469976602, 14.79739249956424], [-91.23969980030552, 14.797480099826771], [-91.23964559996443, 14.797556999955646], [-91.23968619985823, 14.797645200065972], [-91.23977599986245, 14.797688100425546], [-91.2398123999223, 14.797780899668851], [-91.23978579977478, 14.797875100055876], [-91.23988069983437, 14.79785450018511], [-91.2399676004244, 14.797898399691462], [-91.2398846001941, 14.797855600055925], [-91.23999269960336, 14.797890000023529], [-91.24008859970905, 14.79789229958999], [-91.24018289992085, 14.797899000438576], [-91.24027729995737, 14.797921600401594], [-91.24041260026127, 14.797971099986341], [-91.24050479965672, 14.798029799635572], [-91.2405873996887, 14.797983300189173], [-91.24067409972986, 14.797946499931072], [-91.24076539980331, 14.797898600240273], [-91.24077330034748, 14.79780689996852], [-91.24086420022263, 14.797841100286576], [-91.24075159970653, 14.797831800397319], [-91.24082499967398, 14.797764499632024], [-91.24093030039302, 14.797779399599676], [-91.24100530025436, 14.797719799729009], [-91.24101513524027, 14.797724256769072]], [[-91.23429919964832, 14.801244099835401], [-91.2340527701192, 14.801701391606002], [-91.23380204093138, 14.801702190203969], [-91.2336384542512, 14.801300929794138], [-91.23351776163537, 14.80049775067073], [-91.23360581965284, 14.800368327436388], [-91.23426651738583, 14.799476565091481], [-91.23439795060489, 14.799088715371965], [-91.23432276008725, 14.798658475208526], [-91.23424636987403, 14.79818027420032]], [[-91.23462820043108, 14.80050950031324], [-91.23503852061123, 14.800980783736236], [-91.23536405630614, 14.801295431339156], [-91.23582179863706, 14.801451812651067], [-91.23588731604679, 14.801864553806183]], [[-91.2382691003387, 14.798101400059636], [-91.23821964931733, 14.798450400865363], [-91.23867402188858, 14.798509748925824], [-91.23863186257034, 14.799390874089625], [-91.23869279973286, 14.799964651447567], [-91.23867989805882, 14.800509966162053], [-91.23912612097365, 14.800648185665295]], [[-91.2391221001048, 14.79673759976049], [-91.23944723380276, 14.796274458799303], [-91.23968445157612, 14.795480181165487], [-91.24032924389945, 14.79512942398378], [-91.24037466236075, 14.795089870001561]], [[-91.23030183366268, 14.805424436488579], [-91.23031165066209, 14.804946810147214], [-91.23032182109512, 14.804574697664236], [-91.23032537251788, 14.803930488101571], [-91.23032503797009, 14.80383052665752], [-91.23037070284562, 14.803830381866703], [-91.23039344220354, 14.803802542453411], [-91.23038749228891, 14.803730367362618], [-91.23038719461329, 14.803641513445143], [-91.23037559245961, 14.803586015382336], [-91.23035263006977, 14.803547214132664], [-91.23035820766512, 14.80350832205147], [-91.23039236391645, 14.803480446665333], [-91.23042097854528, 14.803502569987643], [-91.23047805941485, 14.803502389223922], [-91.2305063574824, 14.803430104415838], [-91.23050619020847, 14.803380124593104], [-91.2303975691924, 14.803330487412097], [-91.23036888081919, 14.80328615083522], [-91.23035158865486, 14.80323622497184], [-91.23034580691342, 14.803214029703781], [-91.23035705563359, 14.803164013008825], [-91.23039688211037, 14.80312501300898], [-91.23041393145775, 14.803102744895796]], [[-91.22700272739394, 14.803779942490394], [-91.226985140252, 14.80364116181022], [-91.22701345810458, 14.803574431215054], [-91.22705315597835, 14.803496558019788], [-91.22706434983985, 14.803429881383977], [-91.22708692282322, 14.803352062148008], [-91.22712080118401, 14.803240886157994], [-91.22713208767567, 14.80320197698967], [-91.22717184130738, 14.803140763735314], [-91.22721153828184, 14.80306289053999], [-91.22725129101423, 14.803001677285636], [-91.22729671487144, 14.802929338518197], [-91.22734213872866, 14.802857000650135], [-91.22736486010018, 14.802823608822564], [-91.22741610257106, 14.802784572849816], [-91.2274331528177, 14.802762304736632], [-91.22747296040876, 14.80274639033371], [-91.22749090008494, 14.802733210769134], [-91.22744589800976, 14.802720230853993], [-91.22741886438905, 14.802702819979231], [-91.22739183076834, 14.802685408205093], [-91.22737374450264, 14.802654846543987], [-91.22737810981187, 14.80261546613093], [-91.22739604948805, 14.802602287465618], [-91.22741401794252, 14.80259785650594]], [[-91.22737717991288, 14.802623854107651], [-91.22737767184202, 14.802619412356023], [-91.22739238115344, 14.80260498183452], [-91.22743659991909, 14.80256160033764], [-91.22743960005744, 14.802669500097409], [-91.22744130067542, 14.802665928889553], [-91.22751119688417, 14.802559325052869], [-91.22753426989061, 14.802507559176547], [-91.22756061013399, 14.802439628885793], [-91.22760689554178, 14.8023780972714], [-91.22766665908898, 14.802374678048977], [-91.2277197802436, 14.802371279510965], [-91.22774618523823, 14.802322734106951], [-91.22775262168608, 14.802261327498343], [-91.2277724598311, 14.802235418929513], [-91.22784884824569, 14.802238408275969], [-91.2279252150766, 14.802234935993567], [-91.22795834700008, 14.802212215521365], [-91.22803807819474, 14.802221656604218], [-91.22813115622785, 14.802250440305613], [-91.2281929063775, 14.802214805568894], [-91.22829626635956, 14.80220135620766], [-91.22833655328924, 14.802148741371354], [-91.22838400331904, 14.802119480129932], [-91.22845100011352, 14.802076999753808], [-91.22854469957821, 14.80205029978157], [-91.22861870029277, 14.801988400344442], [-91.2287019001725, 14.80194540016015], [-91.22879609966026, 14.801938600386165], [-91.228878900241, 14.801988400344442], [-91.22893109959051, 14.801909699772864], [-91.2290257001759, 14.801957399814228], [-91.2290725998206, 14.802041400090616], [-91.22915970006005, 14.802091200048892], [-91.22926199974148, 14.802075800058162], [-91.22932430027618, 14.802006500099935], [-91.22933799964892, 14.802095999730625], [-91.22943069996677, 14.802081999984352], [-91.22952009977274, 14.802112200118017], [-91.22961609970321, 14.802152499638225], [-91.22966812998015, 14.802119649202496], [-91.22979294328968, 14.802069775499774], [-91.22989627359414, 14.802047578433076], [-91.23001764609745, 14.802042820120107], [-91.23008064000948, 14.802106302363995], [-91.23012766735792, 14.802075584220859], [-91.23018516731156, 14.802044833702155], [-91.23021135107297, 14.802044750964512], [-91.23025337998945, 14.802085376039315], [-91.23031606633333, 14.802039324455336], [-91.230378718503, 14.80198308265318], [-91.23043618518176, 14.801942141916356], [-91.23055679775797, 14.801992708097032], [-91.23060918146854, 14.801997636381884], [-91.23067730871077, 14.802012705422044], [-91.23074538469172, 14.802012489584797], [-91.23081346067261, 14.802012273747494], [-91.23087628371349, 14.802006979438602], [-91.23093359660817, 14.801920185867914], [-91.23096472574144, 14.801833475934188], [-91.23098024804, 14.801777384318882], [-91.23104279768694, 14.801690574560439], [-91.23109499253985, 14.801639460692627], [-91.23117335406698, 14.801583169427772], [-91.23122034724122, 14.801542261965892], [-91.2312882181767, 14.801480909316581], [-91.23131933112222, 14.801389103824135], [-91.23135552613661, 14.80125142931007], [-91.23138663818276, 14.801159624716945], [-91.23143908934247, 14.801184931639341], [-91.23146523892962, 14.801174659582898], [-91.23149635097576, 14.80108285409051], [-91.23151180402652, 14.801006383837603], [-91.23155878011357, 14.800960380816946], [-91.23162671939752, 14.800919406805235], [-91.23175756625864, 14.800898612680896], [-91.23183086100539, 14.800893285097061], [-91.23192494897717, 14.800842038129588], [-91.23201386854515, 14.80081118778611], [-91.23211326161771, 14.800780303268425], [-91.23225461615755, 14.800769664288623], [-91.23239073304586, 14.800759042395953], [-91.23254259436521, 14.800758559460007], [-91.23256905062118, 14.800839992171973], [-91.23257984968029, 14.8009367592241], [-91.23254872054696, 14.801023470057146], [-91.23250704956064, 14.801089834628215], [-91.23248100339555, 14.801130675540321], [-91.23247590423955, 14.80117144990254], [-91.23247100922964, 14.801273361976143], [-91.23248700996749, 14.801359922622396], [-91.23251345003564, 14.801436260674961], [-91.2325190285303, 14.801538138574301], [-91.2325245386765, 14.80161963783604], [-91.23245132846603, 14.80165043871682], [-91.2324935120659, 14.80173691662543], [-91.23259326486726, 14.801813021753617], [-91.23268760914578, 14.801838195576295], [-91.2328658772584, 14.801903861374171], [-91.23295495150978, 14.801918862065861]], [[-91.23070393224066, 14.802022032291006], [-91.23068103010542, 14.80218171861145], [-91.23069703623918, 14.80229567710387], [-91.23066619488895, 14.802417385054298], [-91.23065113034534, 14.80258464636438], [-91.23062039061847, 14.802736756795923], [-91.2306052244515, 14.80287361562489], [-91.23060558058302, 14.802980023409418], [-91.23058102009799, 14.802970832338076]], [[-91.23297347574527, 14.801918916924535], [-91.23310671120572, 14.80194576438555], [-91.23318379389696, 14.801945518870639], [-91.23325389155383, 14.801952113599214], [-91.23332748217751, 14.801955289105365], [-91.23337653479922, 14.801955132623334], [-91.23347111380082, 14.801948014489312], [-91.23354112062617, 14.801927338176142], [-91.23360414241722, 14.801913502106459], [-91.23368119093419, 14.801903030400581], [-91.23376163978782, 14.801861867531215], [-91.23379990594088, 14.801779932997533], [-91.23382068837401, 14.801708280412868]]]}, "properties": {"FID": 13, "Name": "Brechas cortafuegos", "Length": 5.7570876998}, "id": 13}, {"type": "Feature", "geometry": {"type": "LineString", "coordinates": [[-91.22891399988117, 14.805487100349467], [-91.22702266986028, 14.805129476843945], [-91.22575921681437, 14.803669825901807], [-91.22584156863343, 14.803215054031568], [-91.22573765376967, 14.802689127801045], [-91.22659103304971, 14.802069416670292], [-91.22707726590306, 14.801924391097828], [-91.22737200341521, 14.801851714185318], [-91.2275778159634, 14.801650174316137], [-91.22791689544835, 14.801606055375203], [-91.22827057812464, 14.801518841821121], [-91.22906735137713, 14.801444411230648], [-91.22955837581833, 14.80173048827146], [-91.23018817014787, 14.801881553690805], [-91.23118877923872, 14.801189614409225], [-91.23169769479273, 14.800480097878278], [-91.232217613552, 14.799827466164686], [-91.2330599410634, 14.798853817849476], [-91.23384012092481, 14.79840650675493], [-91.23520578821649, 14.798096037402274], [-91.23577948103821, 14.79764937741686], [-91.23633910036915, 14.797403652056971], [-91.23664103605495, 14.797127767932182], [-91.23682434576693, 14.796971623141928], [-91.2371039845612, 14.796798536923006], [-91.23745649272291, 14.796366929790054], [-91.23779434823052, 14.795964067687635], [-91.23822088588514, 14.795618318830407], [-91.23832368738823, 14.795488846133367], [-91.23863403982904, 14.795250300061355], [-91.23896648501523, 14.794963460395422], [-91.23917860540826, 14.794780439365809], [-91.23963376128904, 14.794738483294395], [-91.23999640121292, 14.794568658017226], [-91.24110691465233, 14.796190825446274], [-91.24104056896704, 14.796357041744159], [-91.2410020501045, 14.798106179056958], [-91.24073461600966, 14.798572135795496], [-91.24009182827524, 14.799343144370653], [-91.23926965636952, 14.80014001385058], [-91.23912612097365, 14.800648185665295], [-91.2381651566966, 14.80088151656878], [-91.2375024768578, 14.801245551341196], [-91.23714952622959, 14.801548015828303], [-91.23682553826796, 14.801692544975026], [-91.23631968760344, 14.801786642839318], [-91.23588731604679, 14.801864553806183], [-91.23543534196745, 14.801961658104062], [-91.23510393729686, 14.802823675372395], [-91.23496095318541, 14.804223978254015], [-91.23426477719767, 14.80473959285797], [-91.2331497266785, 14.80509070707052], [-91.23257605813853, 14.805551709443876], [-91.23214852943107, 14.8056104648511], [-91.23158029189693, 14.805533988302955], [-91.23117749634434, 14.805567803711199], [-91.23055053308059, 14.805497562162827], [-91.23039267238391, 14.805400796909282], [-91.23001963090121, 14.805518376072257], [-91.22950711536106, 14.80515648258563], [-91.22891399988117, 14.805487100349467]]}, "properties": {"FID": 14, "Name": "Brechas cortafuegos", "Length": 4.61864426732}, "id": 14}, {"type": "Feature", "geometry": {"type": "LineString", "coordinates": [[-91.3298572985754, 14.726144965018193], [-91.32922345100144, 14.725532596851906], [-91.32761664579152, 14.725502189874192], [-91.3271790959385, 14.725223550226701], [-91.32622204820893, 14.725100423146046], [-91.32600715250805, 14.724757714896668], [-91.32515573285076, 14.725556165384774], [-91.32565210106355, 14.72665713162138], [-91.32717717049002, 14.727175939717881], [-91.32828217378324, 14.727126795365336], [-91.32920273062149, 14.727421781989676], [-91.33067969980829, 14.727497836755788]]}, "properties": {"FID": 15, "Name": "Brechas cortafuegos", "Length": 1.29087544756}, "id": 15}, {"type": "Feature", "geometry": {"type": "LineString", "coordinates": [[-91.23909922404994, 14.592593466615256], [-91.23772137723972, 14.591350430877753], [-91.23573828579322, 14.592314829665725], [-91.23399192468753, 14.594697605010538], [-91.23333246801894, 14.59456409076023], [-91.23379982320324, 14.59554788342814], [-91.23303919100584, 14.595694898300962], [-91.23302263268829, 14.596300568316622], [-91.23249407414215, 14.596455892025858], [-91.23172098993172, 14.59564479886842], [-91.23121048887293, 14.595646397862993], [-91.23093340595187, 14.596063063659528], [-91.23025383234847, 14.595459571801825], [-91.23013552383532, 14.596174030107477], [-91.2294868347496, 14.596492426084637], [-91.2279533027027, 14.5958825544364], [-91.22794623043416, 14.593731271780825], [-91.22650702198143, 14.593573050455973], [-91.22507585346784, 14.593035152450398], [-91.22437851016008, 14.592666713697952], [-91.22795041408028, 14.58935633442735], [-91.22863951150424, 14.590041157373548]]}, "properties": {"FID": 16, "Name": "Brechas cortafuegos", "Length": 3.1179162494}, "id": 16}, {"type": "Feature", "geometry": {"type": "LineString", "coordinates": [[-91.30263002685422, 14.724433163060098], [-91.30242611097623, 14.727082254642369], [-91.29992413049416, 14.728618479259467], [-91.29754547944026, 14.730877361301225], [-91.29496544949586, 14.731401451116142], [-91.2930240146465, 14.733875721687241], [-91.29392716420722, 14.734496306959045], [-91.2933826328022, 14.73544725548652], [-91.2931268970886, 14.736641262884007], [-91.29327641477471, 14.736893838380013], [-91.29322543220792, 14.738204648825558], [-91.29287213983736, 14.738106432066218], [-91.29277994853578, 14.738296564934558], [-91.2932556512273, 14.73885534429877], [-91.29311774199016, 14.739244488142674], [-91.29328626325042, 14.739614503406642], [-91.29359112263217, 14.739161514892032], [-91.29400831902865, 14.738952189591942], [-91.2941471437756, 14.738816130260261], [-91.29450001256549, 14.738796841601015], [-91.29506705669928, 14.738930477259771], [-91.29509439519018, 14.738785761054089], [-91.29525225408821, 14.738776179677018], [-91.29514726813187, 14.73799919870413], [-91.2954424409159, 14.737437774433772], [-91.29537027122103, 14.738025548840028], [-91.29572514100244, 14.738557621936764], [-91.29583787371888, 14.738909749685263], [-91.2958536262438, 14.73813235322558], [-91.29622855000753, 14.739071105147445], [-91.29631351885376, 14.739450444582417], [-91.29626799966843, 14.73970368917395], [-91.29582290900004, 14.739904075212962], [-91.29656629309989, 14.740000944787823], [-91.29677540975734, 14.73876190114089], [-91.29715346226243, 14.74055933204761], [-91.29633941932872, 14.741466021339875], [-91.29607128646069, 14.741801381228811], [-91.29620322240078, 14.742325181461979], [-91.29636170722699, 14.742487335522185], [-91.29638130165569, 14.74276747254089], [-91.2965464135861, 14.742197456147721], [-91.29625370224653, 14.743436786678387], [-91.29618081129536, 14.743825708389807], [-91.2958099497693, 14.744007761748833], [-91.29562507703565, 14.7442524474925], [-91.2952628786789, 14.744262731240099], [-91.29501279250633, 14.744453407298977], [-91.294334802609, 14.744464775628956], [-91.29414459149967, 14.748361176527112], [-91.2992155501575, 14.753333149505295], [-91.30071665984593, 14.754882636424554]]}, "properties": {"FID": 17, "Name": "Brechas cortafuegos", "Length": 5.93913333493}, "id": 17}, {"type": "Feature", "geometry": {"type": "LineString", "coordinates": [[-91.30596821765909, 14.694827569436825], [-91.30588239625553, 14.694718606678407], [-91.30576881817638, 14.694734577738643], [-91.30556843393606, 14.69453945093494], [-91.30549655112492, 14.694289611176657], [-91.3053064596254, 14.69447899580905], [-91.30514636141544, 14.694231130062633], [-91.30498013612436, 14.694415892179734], [-91.30479690015676, 14.694447345068966], [-91.30456362591059, 14.694422387982854], [-91.30463116139896, 14.694092193799747], [-91.30462877909486, 14.693932777275904], [-91.30418934696075, 14.69421464908686], [-91.3039369108597, 14.694685186072547], [-91.30343026879183, 14.694527072666347], [-91.30308406217966, 14.694830503025344], [-91.30256180428381, 14.694884636816596], [-91.30227168928701, 14.694938391093899]]}, "properties": {"FID": 18, "Name": "Brechas cortafuegos", "Length": 0.587058484469}, "id": 18}, {"type": "Feature", "geometry": {"type": "LineString", "coordinates": [[-91.306889806919, 14.676404492373479], [-91.30658659419595, 14.67659381405332], [-91.30626348397254, 14.676660143550862], [-91.30569242886247, 14.677137527075274], [-91.30534341366757, 14.677288368563381], [-91.30547043840994, 14.677982448231432], [-91.30526824293503, 14.678548555271675], [-91.30479199615365, 14.678239201977647], [-91.30421923592894, 14.678004656090081], [-91.30362559074837, 14.678106932389085], [-91.30324335819438, 14.678739296081687], [-91.30295934060103, 14.678100672208302], [-91.30226203596413, 14.678287027024737], [-91.30171678779948, 14.677893480100067], [-91.30138070305696, 14.677938038809486]]}, "properties": {"FID": 19, "Name": "Brechas cortafuegos", "Length": 0.880042445043}, "id": 19}, {"type": "Feature", "geometry": {"type": "LineString", "coordinates": [[-91.32682398423947, 14.732031040400216], [-91.32678714081385, 14.73211252167556], [-91.32660105309611, 14.73202279811369], [-91.32660996537754, 14.731923339390676], [-91.32652603794628, 14.731833250704028], [-91.32645986852805, 14.731526167298853], [-91.32650514669513, 14.731218686393333], [-91.3261329712596, 14.731039239269535], [-91.32608496904606, 14.730623624780492], [-91.32596423326271, 14.73062405555578], [-91.32590626296366, 14.730027701617189], [-91.32577453836421, 14.729576230258886], [-91.32577202026249, 14.728907367580973], [-91.32553851219257, 14.728555686795573], [-91.3248954150913, 14.727952378399607], [-91.32466190882002, 14.72760069671483], [-91.32438037155686, 14.726824360555838], [-91.32352137151406, 14.725607176729852], [-91.32306491251569, 14.725238208276721], [-91.32257957628639, 14.724598176065001], [-91.3223172008781, 14.723975429722373], [-91.32199069751266, 14.723587919047247], [-91.3222873406882, 14.723442245063609], [-91.32201591720076, 14.722882801999788], [-91.32195026489279, 14.722711296788987]]}, "properties": {"FID": 20, "Name": "Brechas cortafuegos", "Length": 1.27152890164}, "id": 20}, {"type": "Feature", "geometry": {"type": "LineString", "coordinates": [[-91.32181838471064, 14.722214630001247], [-91.32162488118331, 14.722622063357562], [-91.32147720351009, 14.722866634887339], [-91.32140365155726, 14.723065750184276], [-91.32091390864991, 14.723727320259684], [-91.32076666894659, 14.724089395409294], [-91.32065569710272, 14.724216332018159], [-91.32073077160777, 14.72442395939828], [-91.32060095536974, 14.724478651668505], [-91.32069446867473, 14.724650057953852], [-91.3206485744721, 14.724794842508004], [-91.32089932614298, 14.724793953078517], [-91.32102968287353, 14.724883879887216], [-91.32107723542606, 14.725181992554951], [-91.32130117470939, 14.7254614011228], [-91.32135737154545, 14.725587745977748], [-91.32167489428093, 14.726056638103387], [-91.32183426493935, 14.726453780517602], [-91.32201105996239, 14.726543540951695], [-91.32228147171253, 14.72683182313017], [-91.3223477355595, 14.727166024692337], [-91.3224048488047, 14.72753641317496], [-91.32274935659751, 14.727770198236101], [-91.32304749714422, 14.72802222604497], [-91.32314097987228, 14.728184592345087], [-91.32309508656897, 14.728329375999976], [-91.32316203030342, 14.728844351185899], [-91.32323744834952, 14.729142364028917], [-91.3232380589892, 14.729305060380284], [-91.32333242485151, 14.729702432121599], [-91.3233811348315, 14.730307860219625], [-91.32337286646458, 14.730579053480596], [-91.32336432560311, 14.730777937651737], [-91.32321834135331, 14.731474445489312], [-91.32316461855225, 14.732007926924325], [-91.32324840928663, 14.732061861965406], [-91.323268748354, 14.732531807197176], [-91.32338070675416, 14.732666991488543], [-91.32338172478671, 14.73293815237389], [-91.32357747392126, 14.73312727080696], [-91.32373614130984, 14.733334598712815]]}, "properties": {"FID": 21, "Name": "Brechas cortafuegos", "Length": 1.42620826175}, "id": 21}, {"type": "Feature", "geometry": {"type": "LineString", "coordinates": [[-91.32117604663722, 14.719324483238381], [-91.32138127102877, 14.719567804710493], [-91.32151338503468, 14.720127743300736], [-91.32145030478767, 14.72064317983893], [-91.32099788464461, 14.721349812244114], [-91.32096252869769, 14.72182899531191], [-91.32117673821585, 14.721990934434132], [-91.32088293689799, 14.72289585835722], [-91.32075447413962, 14.723312099673706]]}, "properties": {"FID": 22, "Name": "Brechas cortafuegos", "Length": 0.483366811559}, "id": 22}, {"type": "Feature", "geometry": {"type": "LineString", "coordinates": [[-91.32047974204642, 14.721866861266676], [-91.31994565806565, 14.723088994061868], [-91.31966995200662, 14.723867308729382], [-91.31945040501216, 14.724762929165877], [-91.3197317192434, 14.725485039802777], [-91.31964928378738, 14.725792652009318], [-91.31938130740139, 14.726155152538297]]}, "properties": {"FID": 23, "Name": "Brechas cortafuegos", "Length": 0.509899423965}, "id": 23}, {"type": "Feature", "geometry": {"type": "LineString", "coordinates": [[-91.32961337006094, 14.692621344499514], [-91.32944637045358, 14.692712345098698], [-91.32937937096119, 14.692621344499514], [-91.3292782592842, 14.692674823584298], [-91.32924337098473, 14.692691345029573], [-91.3292833701314, 14.692834344429514], [-91.32915637056999, 14.69287534452161], [-91.32894537073224, 14.692956344659649], [-91.32848537110294, 14.693159345027823], [-91.32832137073461, 14.69316034507392], [-91.32831837059626, 14.692919344752], [-91.32796237126638, 14.693078344889727], [-91.32770037087539, 14.692998344797843], [-91.32754037069151, 14.693027345235862], [-91.32768037085242, 14.69317834500464], [-91.32731537110743, 14.693180345096891], [-91.32728737071557, 14.692955344613495], [-91.32695737078598, 14.693190344658717], [-91.32692437106283, 14.693253344866037], [-91.32738637078432, 14.693610344242018], [-91.32701337156982, 14.69377334456425], [-91.32661737129462, 14.694358344561977], [-91.32684637106314, 14.694681344168771], [-91.32652137136415, 14.694879344306344], [-91.32562437136761, 14.695243344005178], [-91.32557937199039, 14.695544344396012], [-91.32531637155324, 14.695446344373352], [-91.32522837199173, 14.695757344326012]]}, "properties": {"FID": 24, "Name": "Brechas cortafuegos", "Length": 0.905634272377}, "id": 24}, {"type": "Feature", "geometry": {"type": "LineString", "coordinates": [[-91.32521737148448, 14.695754344187662], [-91.32540437201413, 14.696393343977718], [-91.3254883713912, 14.696930343560553], [-91.32495937217726, 14.697360343604998], [-91.32516537178446, 14.697934343994802], [-91.32547837182938, 14.698730342931015], [-91.32524437183025, 14.699083343021925], [-91.3253123713688, 14.69928334325175], [-91.32486937162417, 14.69938134327441], [-91.3241713718113, 14.6990733434601]]}, "properties": {"FID": 25, "Name": "Brechas cortafuegos", "Length": 0.570621755325}, "id": 25}, {"type": "Feature", "geometry": {"type": "LineString", "coordinates": [[-91.31959137284355, 14.650781355774996], [-91.31841537347066, 14.651320356349402], [-91.31788337321905, 14.651372356049421], [-91.31758037363528, 14.65137835632612], [-91.31705637375262, 14.651370355957226], [-91.31649237382396, 14.651483355772314], [-91.31608037371024, 14.651449356003013], [-91.31562837355057, 14.651519355633809], [-91.31529737357488, 14.651687356186585], [-91.31491337385307, 14.65183835595542], [-91.31399537468678, 14.651813355701847], [-91.31338337434323, 14.651605356002449], [-91.31262637450754, 14.651309355842159], [-91.31240637515407, 14.650627355867812], [-91.31212437474005, 14.649811356908629], [-91.31156737513425, 14.648898357073563], [-91.31065537534528, 14.648237357168341]]}, "properties": {"FID": 26, "Name": "Brechas cortafuegos", "Length": 1.19824491918}, "id": 26}, {"type": "Feature", "geometry": {"type": "LineString", "coordinates": [[-91.26466221398994, 14.583625992845327], [-91.26428132772105, 14.58352841550402], [-91.26426616155408, 14.58324345811917], [-91.2630267249034, 14.583903049686057], [-91.26184232046666, 14.584644384231012], [-91.2609300715655, 14.584999109221542], [-91.25986863502942, 14.58544309822048], [-91.25918858658395, 14.585772431752389]]}, "properties": {"FID": 27, "Name": "Brechas cortafuegos", "Length": 0.689999582031}, "id": 27}, {"type": "Feature", "geometry": {"type": "LineString", "coordinates": [[-91.24181229789917, 14.566346525172037], [-91.24071230652771, 14.566979936574853], [-91.2395887295362, 14.568245812394366], [-91.23909861970549, 14.56920012888287], [-91.2367223671435, 14.571622424935015], [-91.23569987844661, 14.573006530127316], [-91.23421601056037, 14.574061783824334]]}, "properties": {"FID": 28, "Name": "Brechas cortafuegos", "Length": 1.1981025785}, "id": 28}, {"type": "Feature", "geometry": {"type": "LineString", "coordinates": [[-91.21518125780875, 14.558191579877587], [-91.21123888626556, 14.560348593013202], [-91.21036134220213, 14.56215845704719], [-91.20943352333842, 14.564446928582925], [-91.20742044130031, 14.566681887758989], [-91.20585299222176, 14.568884094525401], [-91.20484788652072, 14.569246923306935], [-91.20365506083238, 14.571018179445502], [-91.2027948889729, 14.571815918569825]]}, "properties": {"FID": 29, "Name": "Brechas cortafuegos", "Length": 2.08405501815}, "id": 29}]}