{"type":"FeatureCollection","features":[{"type":"Feature","geometry":{"type":"MultiPolygon","coordinates":[[[[-90.21346568674078,16.045132633389088],[-90.44451747350102,16.07382145371984],[-90.43831586508168,16.064906555809426],[-90.43526335904406,16.063004750822884],[-90.43160917263458,16.063271422796777],[-90.42542913409511,16.0689034956707],[-90.42133907057305,16.069142148078434],[-90.41929116010323,16.067674503712155],[-90.41921180483811,16.06314485845917],[-90.4277240710015,16.056475154004524],[-90.43283998333928,16.04610161292532],[-90.43658119285004,16.04439295256302],[-90.4435849483985,16.04429937688293],[-90.44480070473168,16.042581859063066],[-90.4444098220852,16.04082259433671],[-90.44279033349956,16.039959844552783],[-90.43559605768814,16.040629224399584],[-90.42910706350887,16.038197338812644],[-90.42584933167691,16.032630280847645],[-90.42554099494886,16.022680553101168],[-90.42760448766636,16.02290515866725],[-90.43499840237877,16.029898049392152],[-90.43993012148528,16.030246040483537],[-90.44118907492555,16.028751479253426],[-90.44265891231102,16.019687755866595],[-90.45030230649829,16.01613740542886],[-90.45823358907828,16.0152322497635],[-90.46391854913227,16.006807512871564],[-90.46893427743329,16.00406877217455],[-90.4725832287872,16.004134336631733],[-90.47438575112315,16.005286918948286],[-90.47574177295715,16.01400721040457],[-90.47755934565176,16.017314307474326],[-90.48110915560815,16.018044775264592],[-90.4868713109476,16.01621429287763],[-90.49012509705544,16.013032112919372],[-90.49207098579774,16.00426348077549],[-90.4955932727892,15.99857538981512],[-90.49877650096788,15.986531889026082],[-90.51004092003393,15.982190150535455],[-90.51298020855269,15.982134972438464],[-90.51361119949938,15.983120110470985],[-90.50604288477042,15.986108214528244],[-90.49998477404202,15.993233807513056],[-90.49970980528768,15.996851738867115],[-90.50184142559172,15.999008345698654],[-90.50370437794948,15.998786112834441],[-90.50620996683514,15.996682279483515],[-90.50946546692295,15.991567780266283],[-90.51659515470448,15.992493774164437],[-90.52221141528128,15.989494100651548],[-90.52351081430182,15.990285935227002],[-90.52339918095107,15.991862071919536],[-90.51962019073305,15.997753284442958],[-90.52035213824634,16.002387855515266],[-90.52374471778536,16.002804139796527],[-90.52608734401464,16.001220970386324],[-90.5286005501317,15.993690219366712],[-90.53004883908943,15.99262965884879],[-90.53122146011452,15.994386554532495],[-90.52978679772178,16.000415559820905],[-90.53198316607643,16.00298818814718],[-90.53691746574837,16.003111463610914],[-90.54031859328693,15.996828268246423],[-90.54269955966919,15.994624288012982],[-90.54484980696775,16.002081043906216],[-90.54761507675939,16.004977339121215],[-90.55077273232443,16.005811703942328],[-90.55241793305248,16.004543210479277],[-90.55263655859693,15.997425148193345],[-90.55733776295276,15.996023153227611],[-90.56002521545476,15.990290373089753],[-90.56451536689924,15.989285524819048],[-90.56612250367947,15.99119172488612],[-90.56389504020343,15.996885781744284],[-90.56616221230475,15.999288407065631],[-90.56871466858095,15.999006790105222],[-90.57344829278601,15.994917336414998],[-90.57845894927453,15.996063539078058],[-90.57842353168661,15.99963251086419],[-90.57649404021534,16.0030954234184],[-90.57672933860891,16.006429184526482],[-90.5783385559482,16.008134350371435],[-90.58227012279282,16.009532565430412],[-90.58566616620593,16.013478930031322],[-90.59294892024376,16.015003851256612],[-90.60563811748624,16.011682524040104],[-90.60961744128319,16.01297013829077],[-90.61020533923315,16.015663080512798],[-90.60822098484421,16.018416570578953],[-90.60506647484107,16.019180859428975],[-90.59806951767503,16.018725486994647],[-90.59522431224143,16.02003171817706],[-90.5946480991632,16.02285842133233],[-90.59582402782256,16.031756149753754],[-90.5967518965231,16.034808617606185],[-90.59872765164269,16.036652159911352],[-90.60240194135895,16.036581499992593],[-90.61474297512692,16.024062972712688],[-90.62092582300335,16.02737362437824],[-90.63429209713179,16.040689397788462],[-90.63714127780706,16.04054241535455],[-90.64403397050481,16.03738756781571],[-90.64744339161113,16.03725902125366],[-90.65096336613324,16.03860754212833],[-90.65196310351935,16.041482245768513],[-90.65349643449359,16.041921375220422],[-90.65599636052569,16.040239066695335],[-90.65854411045196,16.036358609503516],[-90.6672526351042,16.039784843646913],[-90.66943702426437,16.039519521550076],[-90.67327632376603,16.031234126195237],[-90.68073787206099,16.02531973205081],[-90.68307119856607,16.022102842694295],[-90.69422556331617,16.01844788184086],[-90.69700229646922,16.018588370862233],[-90.70017527284264,16.02022145420435],[-90.70162934158006,16.01952672396138],[-90.70186928891718,16.01662028265437],[-90.70032288680156,16.01335028166457],[-90.69516101184286,16.006989067116574],[-90.69469306245587,15.995163966709427],[-90.69513562899039,15.994646992520554],[-90.70189458939703,15.996857112923005],[-90.70686272913417,15.996000003307806],[-90.70773759749663,15.99509349375699],[-90.70679233992279,15.984359766485262],[-90.70168729819645,15.977963227907983],[-90.70177099063515,15.975643457891923],[-90.70338351405975,15.973205628388524],[-90.70698937116492,15.97208884207268],[-90.71130755915992,15.97300098848367],[-90.71360191156337,15.974191939213084],[-90.7165256536287,15.977582628698825],[-90.72199041187524,15.979629264187485],[-90.72596299688958,15.982686523469615],[-90.73334592369271,15.983663409186487],[-90.7368036965899,15.981501087514264],[-90.73711264951905,15.978527503793972],[-90.73557389907504,15.97241421229466],[-90.73953812732842,15.967023956232667],[-90.74498455219556,15.966593237273148],[-90.74688601142337,15.968067704611537],[-90.74911133336289,15.968246838392503],[-90.75854716968396,15.962213151319416],[-90.7585306653485,15.955616637979855],[-90.75171456026393,15.953078028498506],[-90.74712801545945,15.94380927771501],[-90.74118468476166,15.945568625053223],[-90.73762656877486,15.945553879077206],[-90.73466220976617,15.94370116371462],[-90.73403315525351,15.940473781006084],[-90.73481091117793,15.933523190073208],[-90.73715596942442,15.929127714770544],[-90.74808484436747,15.922860371895533],[-90.75257842327547,15.916176507732823],[-90.75187089021786,15.902402762294065],[-90.75840904680398,15.890330507382437],[-90.75818398052475,15.883730666259378],[-90.75415678835542,15.88260020354429],[-90.74522559663589,15.885900839484325],[-90.7411588224249,15.885395365554423],[-90.73666463596666,15.88074642373649],[-90.73673481706591,15.873472145701392],[-90.73835295430526,15.87140097206185],[-90.73873718798302,15.868806443075714],[-90.73160036038809,15.865699551046841],[-90.72983990729132,15.863026092260496],[-90.7298056242016,15.860981688886005],[-90.7357529976451,15.853458397588017],[-90.73659915390289,15.849612900235051],[-90.74036777975188,15.848119767095366],[-90.74172922268038,15.842303305781419],[-90.74717839970366,15.841370738567923],[-90.74897865026496,15.839357797525839],[-90.75124155540067,15.833960537705693],[-90.75351592226207,15.833740180140738],[-90.75607214411508,15.836043374451258],[-90.75961435664875,15.83632394561733],[-90.76817591408368,15.829809041439342],[-90.7723371569115,15.821765769488167],[-90.77359751515026,15.816711361661474],[-90.77880628025407,15.814598657035342],[-90.77945192773993,15.809040985028632],[-90.78170472817918,15.805476083871916],[-90.7817449502795,15.802855281947446],[-90.77702410860081,15.799197635050412],[-90.77730708548854,15.797422942959749],[-90.78320337187414,15.79322893361214],[-90.78341247527187,15.788749813937809],[-90.78878953917378,15.78690500953957],[-90.79073718667412,15.783959129631533],[-90.79430132802328,15.78214091342564],[-90.79570392498235,15.773391324989468],[-90.80521716092518,15.771932372197107],[-90.80820747337735,15.770140849030637],[-90.8094438100056,15.767143533735174],[-90.81102210333513,15.75476346411575],[-90.81885464676198,15.75056510583798],[-90.82010138710615,15.747657019868976],[-90.81529139472475,15.743754291137286],[-90.80741987340784,15.740953460920371],[-90.80380742376359,15.740889985323975],[-90.79824215813994,15.746476130200627],[-90.79522231256047,15.747844871441346],[-90.79241944915083,15.74720550683122],[-90.78758324488054,15.743680295788232],[-90.78452659978579,15.743171525927687],[-90.78348655951955,15.741817021751995],[-90.78294748444632,15.737601313860004],[-90.77855686645555,15.726849245880162],[-90.77885506251312,15.724727974324761],[-90.78664034972465,15.721652808740679],[-90.79203024653657,15.723795604081808],[-90.79625759285517,15.720973151879022],[-90.79671837337709,15.718623083777722],[-90.79334355945956,15.716833956781995],[-90.78670848445873,15.719610493929975],[-90.78332174407234,15.71893125560463],[-90.77877103059205,15.711354468845942],[-90.77117980564053,15.705035199333963],[-90.77097249071923,15.70303300796468],[-90.77829269634957,15.702619708276233],[-90.79034920877768,15.691170571753945],[-90.79403599937194,15.6844519540256],[-90.7938590602238,15.6796018076301],[-90.7929650885625,15.678504080662014],[-90.78682191633364,15.677242629087065],[-90.78237358819543,15.678319029448787],[-90.7742445390398,15.676270262863634],[-90.75487884095809,15.668008885895205],[-90.74572838191796,15.666115797780568],[-90.74175479294202,15.66367500841621],[-90.73334465228956,15.661166816611802],[-90.72183248584803,15.658353908233492],[-90.716570054975,15.658399606190187],[-90.6979113453881,15.652983476465254],[-90.69582244867183,15.653217864398286],[-90.6914571301348,15.64895058231912],[-90.68620379184723,15.648217590011962],[-90.68264755416071,15.649491114608557],[-90.66782485756373,15.650633633644587],[-90.65525555129952,15.648200261674928],[-90.6552884575045,15.64531306025343],[-90.65951037845302,15.642947185681939],[-90.6597956588137,15.641073370388932],[-90.65770975140542,15.639008230594213],[-90.65136551459561,15.637507304249272],[-90.64532440142649,15.633610896688756],[-90.64530002010913,15.623714851228575],[-90.64403021282155,15.619502599059489],[-90.63876028507491,15.616291922893794],[-90.6372575491399,15.611422173193636],[-90.63001181486803,15.610689111432661],[-90.63104606952395,15.606468931840437],[-90.62970606718496,15.603377241232948],[-90.63128313915841,15.600383641306935],[-90.63196897814576,15.593516085719012],[-90.63348221462967,15.591455668334437],[-90.64126344488614,15.587429890867059],[-90.64164073241618,15.582447083140986],[-90.63944071844575,15.57946931155249],[-90.63390453641057,15.57558839869724],[-90.62528525572093,15.57486315093401],[-90.62089885316281,15.571683206286005],[-90.61820373303999,15.563935594387928],[-90.61546950270457,15.560607448500363],[-90.61345491025334,15.555997469824513],[-90.61400224748199,15.552929571314422],[-90.61263201998712,15.550482318553993],[-90.61384012481929,15.5475898350378],[-90.61318298480371,15.54522822621727],[-90.61002113159205,15.54223983892213],[-90.60795980394458,15.538218806434362],[-90.60723314780266,15.526749031280767],[-90.60432608664242,15.517560404216574],[-90.60529237486013,15.511285481522789],[-90.6041421919739,15.505741937900408],[-90.60492801611933,15.504151439960646],[-90.6108954526307,15.502128059397814],[-90.6128800344533,15.497912537090851],[-90.618623271929,15.500138161915764],[-90.62037138244257,15.49952347752847],[-90.62237090246192,15.495968621906457],[-90.62612943878555,15.493787751863843],[-90.62910856751641,15.488666868915073],[-90.64000974740053,15.483851927366372],[-90.64192038313902,15.48002936832665],[-90.64184622021884,15.47645215121284],[-90.64353548657417,15.473915713789467],[-90.65077046590726,15.469105079852458],[-90.65129032896527,15.461624551577883],[-90.64910646838486,15.452183134556211],[-90.6494637707966,15.448943612682855],[-90.65165783176539,15.445697580342339],[-90.66278556844813,15.435273192794854],[-90.66700657435959,15.434651339893556],[-90.67776676363418,15.441133542113436],[-90.68702562739169,15.440531269427005],[-90.69559063552339,15.441608595121567],[-90.70001261533034,15.443520148177656],[-90.70207836410202,15.443130494036646],[-90.70683030320744,15.434788789038015],[-90.7098798842894,15.431365671721451],[-90.71074842434443,15.427331630694983],[-90.71524598012036,15.423390298632768],[-90.717769789467,15.419789962815074],[-90.71780351084344,15.416702702674696],[-90.7147481983312,15.412060206507823],[-90.71680517021113,15.404342013371522],[-90.71421532133998,15.39717346770424],[-90.71385690033077,15.389116487310439],[-90.70900262174138,15.383924683615447],[-90.70827342192385,15.380462543860174],[-90.70069058447132,15.375641143223206],[-90.69886529177963,15.372957069051045],[-90.69913119070657,15.370683091103158],[-90.6953355196834,15.366033927617083],[-90.68963009316182,15.365453070121207],[-90.68345590026351,15.361690422023136],[-90.67158160558992,15.360011572317426],[-90.66792752293222,15.35819582301245],[-90.66298598456818,15.359910280861504],[-90.65732422733387,15.354408722890678],[-90.65313765805679,15.352099305267622],[-90.6388747426168,15.34812716621971],[-90.63084931274378,15.348038640143999],[-90.62641948659262,15.346340515410972],[-90.6216484519988,15.346211757206142],[-90.61842822313538,15.34453429053553],[-90.61239592845332,15.343932251571813],[-90.60894547875098,15.342044413507184],[-90.60632960500685,15.343615392467678],[-90.60218910617886,15.342394220229428],[-90.59956695190837,15.3404891801095],[-90.59625081676997,15.344218415166225],[-90.59105060122337,15.342612960331078],[-90.58297900359096,15.343846849218393],[-90.57381979907075,15.341159163742674],[-90.57119235217955,15.342708114460105],[-90.56790969726224,15.342550382356036],[-90.56205046925237,15.339553786943299],[-90.55407780095386,15.341144536643018],[-90.54784818923075,15.339647664147371],[-90.54074865282506,15.341797448388846],[-90.52774910767612,15.340698411938279],[-90.51171567055293,15.3358666900763],[-90.50890318725926,15.33371354536918],[-90.504289147075,15.33482843774629],[-90.50081053857711,15.333758548611552],[-90.49334943050056,15.327098482672234],[-90.48532448225414,15.323554061199854],[-90.48500222198655,15.316691800612519],[-90.48096677919258,15.307794709324348],[-90.48088266242014,15.303351579591403],[-90.48235510506939,15.300758638795532],[-90.48194697839061,15.2975776622982],[-90.48406186894739,15.294858691430596],[-90.4903075730199,15.29019758787543],[-90.49126245241527,15.286843323001362],[-90.49105840829647,15.281163488736619],[-90.47982433010128,15.288345309995893],[-90.47383627057248,15.289456630645127],[-90.46875070053741,15.288211257875385],[-90.45022839420288,15.287231966918297],[-90.43631874283008,15.290180413363737],[-90.4322301862428,15.289194071593313],[-90.42911817242697,15.286162722638052],[-90.4262533172539,15.284808695441514],[-90.42102316269707,15.287487751240043],[-90.41146384067632,15.286705521900293],[-90.40631260562476,15.281158331955897],[-90.40519838718835,15.275190430680887],[-90.36992530480927,15.259381371035632],[-90.35102188805477,15.242056517843267],[-90.33361365702498,15.231089113221774],[-90.33028071258946,15.232667447430428],[-90.32942764788518,15.241608525783716],[-90.32758941795763,15.24673177447947],[-90.32500172617341,15.249451313330797],[-90.31006780637658,15.253174636650277],[-90.30773436698233,15.256088916093441],[-90.3055083841398,15.262562073376731],[-90.30145202611173,15.264178585587882],[-90.28649701904986,15.264604223287217],[-90.27038968811877,15.262637101961076],[-90.26734463087583,15.263022231853695],[-90.25468215963001,15.268015669717245],[-90.24574997516319,15.269640134446925],[-90.23821139576022,15.269546160217303],[-90.22119722144193,15.266060523708404],[-90.18860060984002,15.263919677578372],[-90.15706747044592,15.263915690243731],[-90.1175299294408,15.265565451426449],[-90.09996133354292,15.265134332587156],[-90.0770468728845,15.262100127577927],[-90.0626614593562,15.26173586401169],[-90.05477407621358,15.262823223108889],[-90.04055613420765,15.267408482032728],[-90.02130034615013,15.271373774838192],[-90.00008246674315,15.269816074653084],[-89.96328610142939,15.274226717069462],[-89.94916800852357,15.27403699261099],[-89.94745546423387,15.272454861863713],[-89.93460181169296,15.278890155574725],[-89.92042202721174,15.294025605646828],[-89.91743624118851,15.302138237022204],[-89.91197743974739,15.301395805848733],[-89.90236459677234,15.30201673220606],[-89.89764356681238,15.30041960898122],[-89.89584902538176,15.302209616545799],[-89.8909635838602,15.303993865559],[-89.88740750082547,15.302223120820353],[-89.8872934591079,15.30128472798644],[-89.88835713585091,15.298239689345955],[-89.89329448897386,15.294740599199125],[-89.89150160088727,15.292086975137504],[-89.89148438500315,15.290140883781413],[-89.8930748572059,15.286964295783667],[-89.89595903198081,15.28673684334175],[-89.89598076165369,15.277404022025726],[-89.88702435902593,15.274989520452355],[-89.87582968499991,15.27628726298171],[-89.87055302764378,15.274737246558267],[-89.86436640183139,15.275511826529172],[-89.86071919460802,15.272843342605361],[-89.85948876317448,15.267279873584544],[-89.8604740925034,15.263021726892221],[-89.85999525500047,15.256483480316101],[-89.86276092178412,15.250192699796974],[-89.86150040875822,15.238900879917022],[-89.86376072605793,15.237187587654645],[-89.8614587034388,15.233956769536668],[-89.86152373279147,15.229573965937254],[-89.86704707458321,15.217483000927972],[-89.86401272360085,15.215517407842047],[-89.86336549169442,15.210990331389413],[-89.86606950369412,15.207270740681409],[-89.86545775677304,15.198807376738065],[-89.86814025393113,15.196528732245655],[-89.86656391863673,15.192537248319725],[-89.86365856079983,15.190869217959625],[-89.86440229114068,15.187966503527655],[-89.86347735361868,15.18590959742053],[-89.86372181363524,15.18100669873487],[-89.86474202385418,15.17834371477149],[-89.86322890933198,15.17385763508315],[-89.86459094043084,15.169133949019972],[-89.86380123923318,15.16701122021821],[-89.85169009418641,15.161229466741954],[-89.82491298470121,15.171653600566623],[-89.8088161270638,15.163276334535869],[-89.80378438393743,15.169351413681522],[-89.785808704237,15.169155399387005],[-89.78014567095775,15.16343270068688],[-89.77513028979631,15.149847312091367],[-89.77199810973949,15.146607480943619],[-89.75800448632502,15.147277994269581],[-89.74772656423033,15.143127004050351],[-89.73839803839,15.145173787538203],[-89.73426879520501,15.148579788816619],[-89.72979887509749,15.150330823180036],[-89.72274790948715,15.149018654754212],[-89.7107644973044,15.138420007707738],[-89.70621562669311,15.13724769591007],[-89.69425064115283,15.137161864017683],[-89.69228442676506,15.13633406654488],[-89.68981402558222,15.130050457999786],[-89.68599335013651,15.123798943308088],[-89.68122683593215,15.119292832101413],[-89.6749811931677,15.11813793939882],[-89.67018973883727,15.11938091175308],[-89.6687104141223,15.122128388878288],[-89.67135095519707,15.131863251891877],[-89.6702743751115,15.138044990655866],[-89.67328213603996,15.143917983048107],[-89.6728153629299,15.149212711558913],[-89.65761863018328,15.160501691434447],[-89.6530843023545,15.167188227559377],[-89.64341450182471,15.166487990599464],[-89.63636312060356,15.163071934185837],[-89.62682675191259,15.161528949895235],[-89.62442122768392,15.164231627523128],[-89.61309470344258,15.18657474230056],[-89.58149351553604,15.23239219435986],[-89.57603581073602,15.241871978312647],[-89.57365342933205,15.25060419954346],[-89.56730135103611,15.266274820714482],[-89.56712859507479,15.275211105727374],[-89.56850789236279,15.288020070391592],[-89.56802973880279,15.29285907177845],[-89.56320199710697,15.300080891952192],[-89.56335327308096,15.303311464115327],[-89.56536965464088,15.305132060816476],[-89.56668115321294,15.309363284608786],[-89.56434073676552,15.311435071988486],[-89.55776466051209,15.312562570409677],[-89.53958125486409,15.310367829416096],[-89.53639110755338,15.312948516984102],[-89.53476337677859,15.316589209880357],[-89.53526678492848,15.319728147461511],[-89.54148623295842,15.328875020703187],[-89.54352879693356,15.330303569201766],[-89.54424920152769,15.333158150970604],[-89.54720162463597,15.33695675531001],[-89.54655902345384,15.3440361823815],[-89.54115972430667,15.349892013127645],[-89.51772872617329,15.358253360177029],[-89.51346400380592,15.361266902411584],[-89.51203460696583,15.363415370522608],[-89.51207623784704,15.36583962525955],[-89.51333133587241,15.367947786026312],[-89.51833526753445,15.373921561036388],[-89.5225995299655,15.377253604185077],[-89.52457131550818,15.380368114850254],[-89.52349608501568,15.386499503628778],[-89.5187063583917,15.399602086933461],[-89.51695942943998,15.40745593445675],[-89.51515964384375,15.410379340482761],[-89.5141177789562,15.41572920139687],[-89.51644473370203,15.418929513656407],[-89.52009299552059,15.420322681091402],[-89.52674422521757,15.420062461560105],[-89.53107438065173,15.422146518928473],[-89.53293673629025,15.424416484836318],[-89.53247211766677,15.42927680558937],[-89.53009954165333,15.43631538625083],[-89.52661725245999,15.43970672196011],[-89.52248200684299,15.446005547954934],[-89.51689991370748,15.451084358212823],[-89.51639579767468,15.452916693728316],[-89.51868789834445,15.455577184431016],[-89.52347909523226,15.457464537658186],[-89.52963744542865,15.46562863395058],[-89.53209115967068,15.46583522297341],[-89.53550519344974,15.460560759496092],[-89.54135391126955,15.455816206360126],[-89.5454160906379,15.454996139982594],[-89.55042558716731,15.458790994178464],[-89.55014408552864,15.461105342727041],[-89.55536962174646,15.466377111260995],[-89.56000224737636,15.465407717093862],[-89.57093926606449,15.473744536366699],[-89.58272439939354,15.474391825342876],[-89.58620029082027,15.475429447354855],[-89.58912422615045,15.477915241759149],[-89.58961828613029,15.480816021873052],[-89.58893624696465,15.482883971288267],[-89.58621025373648,15.486267633915134],[-89.58056481101407,15.490525709726167],[-89.57413700091655,15.493383580304744],[-89.56691900753485,15.498947152194972],[-89.56698508862078,15.502692055966294],[-89.57276025487543,15.509960389221442],[-89.5763472448679,15.51131141922263],[-89.58158687459034,15.515447993105042],[-89.58286542335675,15.518016782349209],[-89.58302775910838,15.521795945996912],[-89.53415791322459,15.63415264180648],[-89.53629463977802,15.636291858392305],[-89.53332941141996,15.636435647652846],[-89.53214495000988,15.63769527758093],[-89.53005006115633,15.643466114900908],[-89.49983180352989,15.700241753146543],[-89.49528186733585,15.707317449996925],[-89.4377662104541,15.817107920972692],[-89.43344890380489,15.82164337268132],[-89.42958846217724,15.820562197348133],[-89.42552052706046,15.82207124086888],[-89.42756999009504,15.825671227971128],[-89.4260186088266,15.827210447338633],[-89.42088838877766,15.828713129719754],[-89.41881961573557,15.828164502735676],[-89.41569864447781,15.828996263178967],[-89.41875709391482,15.830388237646273],[-89.42110030250271,15.83305448547002],[-89.42077550101301,15.835117075130897],[-89.41826752612404,15.83851881775456],[-89.41925274029552,15.84027814475621],[-89.41694213800007,15.842297719149688],[-89.41713653945136,15.845016455485226],[-89.41630463613683,15.84635536908129],[-89.41129120472348,15.84708911114961],[-89.41084230676198,15.845025016318063],[-89.40847143485215,15.847841088412515],[-89.4112857197336,15.850000826509397],[-89.41144783759937,15.851937196138493],[-89.41392089583688,15.85444888822555],[-89.41229556001359,15.856195428708924],[-89.41480021228033,15.85936198507308],[-89.4170541646178,15.858649093139428],[-89.41880712116308,15.859705888369469],[-89.42667151256761,15.858924368872167],[-89.42944615174237,15.85647463202397],[-89.43321535874111,15.855590248469872],[-89.43431787204025,15.854369663131104],[-89.4378973762364,15.854096929331195],[-89.4389993727566,15.851111803998293],[-89.44283661504959,15.848601477028286],[-89.44785468343198,15.850002757388385],[-89.45528985003071,15.8478219672986],[-89.4600167580535,15.849918834999466],[-89.46121134210514,15.85363103902767],[-89.46434165937961,15.85642717786789],[-89.46401565950458,15.860715869705725],[-89.46508155698488,15.861854748581806],[-89.46729083464476,15.862097307910318],[-89.47188847250143,15.860533030207387],[-89.47765657657297,15.860832370982903],[-89.47843091991695,15.859201135329458],[-89.48160084517592,15.85762127531711],[-89.4827474257316,15.854216826790108],[-89.4866082641414,15.853689471741937],[-89.48898097041503,15.855161987211208],[-89.49186853194135,15.85285077279653],[-89.49297581375617,15.849448979588153],[-89.49998147744068,15.84441862449209],[-89.50045550747775,16.00206306777967],[-89.5013695113473,16.010089697150406],[-89.50152407330287,16.03526239724138],[-89.50074082538767,16.040528687025486],[-89.50174034365207,16.045222748300997],[-89.50384569569071,16.045189442152417],[-89.50456429353551,16.043357610439042],[-89.50394028887254,16.04043991341071],[-89.50744447605017,16.04023871962874],[-89.50836953950736,16.03653168013059],[-89.51078797015043,16.036537241383236],[-89.51183820931955,16.036993241619097],[-89.510459123098,16.043391707897474],[-89.51345305296532,16.045093384741065],[-89.5187470676342,16.04425773656274],[-89.52024455043427,16.04845442239534],[-89.52224917361688,16.049521623864933],[-89.52362826984341,16.052478666558834],[-89.52642956320162,16.051883291606906],[-89.5278393481599,16.053076190743734],[-89.52890504628849,16.05066429458725],[-89.53452899576293,16.048235969827317],[-89.53665642361972,16.04558282171984],[-89.53947182116922,16.045515518126262],[-89.54131650350202,16.04308226546346],[-89.54407216716461,16.042452038954163],[-89.54544138299805,16.0432955318914],[-89.54813742639664,16.042062906908935],[-89.54859472872795,16.036446834018683],[-89.54672078548623,16.033852011348845],[-89.54908244523055,16.0330923588315],[-89.54691649626415,16.029908381426488],[-89.54732292777263,16.029274056052234],[-89.55050254775871,16.031012073111],[-89.55367108756488,16.030005838653135],[-89.55670270678678,16.032248004736527],[-89.55786496758255,16.030231212385388],[-89.56175717947974,16.03178871505473],[-89.5635881597517,16.028770508279507],[-89.56584423655067,16.0307970255577],[-89.57024884355774,16.02621211852039],[-89.56829064304237,16.022390745209105],[-89.5732485603171,16.02145794699168],[-89.57592743084369,16.019156084325573],[-89.57678301939471,16.0160544274328],[-89.58161251178286,16.014467172314657],[-89.5816904145427,16.01194884348918],[-89.58257791502785,16.011041134905632],[-89.5873586949885,16.013646983635407],[-89.58764908886344,16.01776778856307],[-89.59285207971651,16.020909465636485],[-89.59504758311286,16.021023327290816],[-89.59589512171009,16.01975498432067],[-89.58965438835473,16.013351765501035],[-89.59063149797181,16.00922853490339],[-89.5939506551564,16.00811905929068],[-89.59390718156209,16.012879992250905],[-89.59652902972918,16.014608491446257],[-89.5984120683247,16.01463836510075],[-89.60061670183345,16.01149023615093],[-89.60354380580945,16.011660722474456],[-89.60556874910242,16.014335389022822],[-89.60778475631052,16.013234190356798],[-89.61198017499079,16.014054249011217],[-89.61606216819725,16.011295511275748],[-89.61772363919718,16.01273894643145],[-89.61660584119338,16.01558399012537],[-89.61940804995042,16.018361095699436],[-89.62471827189316,16.016521995085608],[-89.62830191621056,16.01848984433191],[-89.63003410581697,16.017122393776816],[-89.6330641223438,16.01742838808492],[-89.63825967523788,16.013410456586872],[-89.63839370215572,16.009588439690695],[-89.63610555124633,16.005954143496044],[-89.63675120600296,16.000735304086415],[-89.6400207310114,16.00058904108832],[-89.63973075043091,15.997316676411206],[-89.64120686724293,15.995270298789112],[-89.64131524442419,15.993358235487737],[-89.64529634929207,15.991075655417404],[-89.647473702556,15.991356775703284],[-89.64628402472786,15.987709265077472],[-89.64821228261849,15.985332481275943],[-89.64953203270733,15.978132412491076],[-89.65151858760989,15.974522005964635],[-89.65739307719207,15.978057344733855],[-89.66090083317968,15.981949612301023],[-89.66347100599681,15.98242172082036],[-89.66629296037887,15.977664094200748],[-89.66620888198852,15.974256087257972],[-89.66875072001106,15.974110431494019],[-89.67184428099414,15.975305957760433],[-89.67779326883444,15.972805974276746],[-89.68025795189244,15.977300233807219],[-89.68537125644364,15.981376083669542],[-89.68704590844737,15.981689659473396],[-89.69132389849838,15.977915475457547],[-89.69841784157009,15.97637025685922],[-89.69926582926351,15.972926828025132],[-89.70185111902313,15.969313694531735],[-89.70111197102524,15.963809034049845],[-89.70322404701326,15.961089109549228],[-89.70605263162643,15.961305091153426],[-89.70710122576054,15.963518258478079],[-89.7101977977302,15.964540634158139],[-89.7121068607812,15.967174323336968],[-89.71479505153803,15.964277999820169],[-89.71617077681172,15.966001868485678],[-89.7216302744978,15.96687509041655],[-89.72768449859278,15.964930385729641],[-89.73026381643923,15.965599305346027],[-89.73292567503952,15.961974432303657],[-89.7345214406375,15.961936594260802],[-89.74084318161103,15.958440464359338],[-89.74700881269452,15.951163532249591],[-89.74252467845724,15.946751010387832],[-89.74269438215782,15.943359058306656],[-89.74366233190312,15.94264581486946],[-89.7451885247955,15.943729675674012],[-89.74726895873138,15.942958746362436],[-89.7471683674326,15.93968682989067],[-89.74880636453857,15.938575157485563],[-89.75020842423883,15.934696203157861],[-89.75452041578659,15.9315393049222],[-89.75716507787392,15.931319561150667],[-89.75693721622353,15.928044577989374],[-89.76034285203285,15.921720810553124],[-89.76708871674117,15.920290659900585],[-89.77030392073262,15.921870247796873],[-89.77094052473056,15.924324168534246],[-89.77233435128649,15.924937516526127],[-89.7760996416272,15.92319159735844],[-89.78156444847806,15.922926783282234],[-89.78606981331765,15.920401735437498],[-89.78628513235365,15.918084665028577],[-89.79183836430846,15.917055728228659],[-89.79486933340796,15.90934879121124],[-89.80094451832576,15.909956954767962],[-89.80441141831668,15.908540076597005],[-89.80627395052751,15.910122806919288],[-89.81008031667886,15.909031365775474],[-89.81682760039817,15.91069859203824],[-89.8191621037308,15.909905779442868],[-89.82305497455135,15.91139529631147],[-89.8239642349821,15.91038393534669],[-89.82434136016309,15.905867280185442],[-89.82733133172222,15.90800138448606],[-89.83394283540126,15.90777797171764],[-89.83470179718907,15.908986534883141],[-89.83662131032888,15.907804838292801],[-89.84059333817649,15.907560566023388],[-89.84085675503901,15.91107660004815],[-89.84371427579977,15.911068762641348],[-89.84480029641584,15.910159200673926],[-89.8493888742322,15.909608905596544],[-89.85118122437477,15.90591858434174],[-89.8568289108339,15.905315847061395],[-89.85808413561381,15.90747057822559],[-89.85960209099919,15.907467843850052],[-89.8610585796423,15.908982185397917],[-89.86391458452914,15.90911061616713],[-89.86335197580317,15.910830345004378],[-89.86448382419066,15.913501294993457],[-89.86837150537606,15.912915583214899],[-89.87156654304853,15.91913436044291],[-89.86760061433581,15.923965959453348],[-89.87016778428277,15.934459884762727],[-89.87158297768288,15.934553795376393],[-89.87372715397561,15.932844582244236],[-89.87682751016466,15.93533413631208],[-89.87924793669497,15.938875845157774],[-89.88632879104244,15.938101359016548],[-89.88677443367871,15.939798492360087],[-89.88343671934378,15.94193638250556],[-89.88365007486905,15.943000380953036],[-89.88996274307941,15.946548638267602],[-89.89619013076691,15.947317931385365],[-89.89630055003198,15.948442518308942],[-89.89354549358661,15.951674708986248],[-89.88843748078861,15.953576044247965],[-89.88742493738334,15.95553651033096],[-89.88926132174059,15.95809345689854],[-89.88983663950921,15.96295376797016],[-89.89317325114315,15.966730991898315],[-89.89678221264516,15.967720990720371],[-89.89944995351051,15.966006684412415],[-89.89971746830075,15.962726189687979],[-89.89721004957558,15.957332388276738],[-89.89965386906673,15.954428623363206],[-89.90136074009247,15.953812132625082],[-89.90525403972319,15.954546461813399],[-89.90447195679516,15.959776652456766],[-89.9058771818138,15.962167023566689],[-89.90807307016681,15.962111686356762],[-89.91216630584367,15.95982513036691],[-89.91425988634649,15.96058314478016],[-89.91438675307222,15.967301593504281],[-89.9152916658841,15.969042547690876],[-89.91701314719596,15.969116891332902],[-89.91948116980281,15.966189526179326],[-89.92230181815782,15.96629084904355],[-89.92956056290014,15.974000685884366],[-89.93149337764928,15.972768683744512],[-89.93142093607545,15.967495630834655],[-89.93311590855782,15.965137176776476],[-89.93745162934147,15.965346805695905],[-89.93683243363645,15.97080755018655],[-89.9391014241939,15.972667186678608],[-89.94171719236009,15.971864669684722],[-89.94575167997343,15.967564162743109],[-89.94728584190928,15.967376007918102],[-89.94797934108651,15.96876848927459],[-89.94680502712012,15.97130716234758],[-89.94676894882163,15.976183695727476],[-89.94811253265986,15.978487229917647],[-89.9501380582588,15.979564529927337],[-89.95792054210399,15.978946807389935],[-89.96232224536173,15.980724677027009],[-89.96197129649325,15.982831509801096],[-89.95882174994149,15.987712581798592],[-89.9545410311967,15.989726478189],[-89.95396146758159,15.99174312962171],[-89.95852036128524,15.991591020658994],[-89.96401997031867,15.987446361949678],[-89.96636272302791,15.987850797137037],[-89.96475297800926,15.995543846445761],[-89.96104030184378,15.99883679307665],[-89.96060003745613,16.00040170497296],[-89.96496154807976,16.005024475014327],[-89.97270855115147,16.007294219687562],[-89.97820541567016,16.00765273530338],[-89.97909041203928,16.012974646139323],[-89.98041827389372,16.014422287059425],[-89.98378726381722,16.013930154072252],[-89.98773715800941,16.00805085402555],[-89.98703923032318,16.006500355586954],[-89.98175404405596,16.00603217521792],[-89.98231147954137,15.99930046558087],[-89.97960196263647,15.994404393339615],[-89.98191232541643,15.990992036594022],[-89.98326439281568,15.992375644693583],[-89.98342500276495,15.995279827222188],[-89.9880064997391,15.995148863872728],[-89.98946785555626,16.001080463018944],[-89.99100942333443,16.001701425373227],[-89.99763344806163,16.000699299650304],[-90.00065389024704,15.99786099791508],[-90.00545347252786,15.999468705926766],[-90.0107673730168,15.992005030718678],[-90.01248545277973,15.990762485520795],[-90.01463039118553,15.990948071454625],[-90.01642692112809,15.99216159979977],[-90.0170670926145,15.994669532898914],[-90.01289068010075,15.998277636564325],[-90.01135617071971,16.001216966872597],[-90.01110962021893,16.00464941778972],[-90.01312547990466,16.00885381759326],[-90.01621215724526,16.009840385706404],[-90.02690729389634,16.007323845958503],[-90.03145135177502,16.01042309909134],[-90.03574904247702,16.015199596947557],[-90.03969583531182,16.011576585376858],[-90.0384657259426,16.003073574219947],[-90.04233360457806,15.995474992505034],[-90.04321514267936,15.9917542943179],[-90.04501315253195,15.990540776607215],[-90.04702886963356,15.991783052752597],[-90.04748178934247,15.990581492911861],[-90.05061080499314,15.989914474009817],[-90.07169748451354,16.001808046450666],[-90.07713349548999,16.00216883541295],[-90.21346568674078,16.045132633389088]]]]},"properties":{"FID":0,"DEPARTAMEN":"ALTA VERAPAZ","AREA_KM2":10614.3,"COD_DEP":16,"COUNT":16,"REGION":"Norte","REG_NUM":2,"POBLACION":776246,"VIVIENDAS":149996,"Perimeter":662.234297335,"Area":10593.6843374},"id":0},{"type":"Feature","geometry":{"type":"MultiPolygon","coordinates":[[[[-90.63041022408565,15.250228746937294],[-90.63419620383324,15.311082145068339],[-90.67444255516206,15.350121572265417],[-90.6772132023359,15.351678420191597],[-90.71697735310396,15.285370939340227],[-90.74468736204093,15.30210790846285],[-90.75316894057318,15.278782567053415],[-90.73310329068804,15.26618556351272],[-90.7552206399844,15.223147486126816],[-90.76422524844911,15.222371058195181],[-90.76991922832755,15.225155133770969],[-90.77545042528779,15.222856335799575],[-90.77920354281318,15.22289573392072],[-90.7825987860256,15.225232118035663],[-90.78696964510033,15.234224588510068],[-90.79234727634359,15.240523136818226],[-90.79849633721504,15.239238428006004],[-90.80396427996729,15.236437987383388],[-90.813088896201,15.23700030707909],[-90.81476246087851,15.236135663125859],[-90.80677198276476,15.156149345777559],[-90.80458478589371,15.152311761870354],[-90.75548688217337,15.07507759594998],[-90.67915928524806,15.019930936160378],[-90.66721299877365,15.010777373338618],[-90.66621514435448,15.008829198271787],[-90.66123295399224,15.004601764936382],[-90.65772599036804,15.003410388216926],[-90.65539005116149,14.997067740801917],[-90.65551406466211,14.98776560294863],[-90.6586954206417,14.982658731307904],[-90.65992883142457,14.965688476149515],[-90.65454153234627,14.957627314627834],[-90.64828719750338,14.954868373949138],[-90.64714790929338,14.951596266060367],[-90.64447701261167,14.948652805406782],[-90.6427480348702,14.9482250174833],[-90.64257065598619,14.941492412134755],[-90.63735414762749,14.934595960658656],[-90.63879778640384,14.931894861876312],[-90.63416546644855,14.924816944239767],[-90.63353116819863,14.922337172566943],[-90.63152855855705,14.922948859371195],[-90.62766301382013,14.921866432365016],[-90.62547690993802,14.919515099498318],[-90.62146475380732,14.91931192238204],[-90.61932549388013,14.916828899756382],[-90.61563161483278,14.914677494519536],[-90.61616765717032,14.911561673771338],[-90.61443877789102,14.909104355349566],[-90.6160214231103,14.90723038280587],[-90.61648256987638,14.902633251433283],[-90.61890656718337,14.901017583614998],[-90.6224123852244,14.888069159411694],[-90.6197751320051,14.877923138501645],[-90.61809724197484,14.876389048685905],[-90.61455006405635,14.87631943113695],[-90.60691517804175,14.880130340223504],[-90.59847139041182,14.875332878890964],[-90.59505887842732,14.872286418868995],[-90.59271658252439,14.871580883406176],[-90.59031007487305,14.871588366398154],[-90.58971696744828,14.87407674269447],[-90.58817758576211,14.875356986633467],[-90.58090294629831,14.870160186803782],[-90.57897378930957,14.869898171326211],[-90.57730786833197,14.871330583015652],[-90.57133121379447,14.872354882610628],[-90.56551097542487,14.876457947386733],[-90.56414711878567,14.87615775863464],[-90.56370986837774,14.872856767515378],[-90.56206371034747,14.872520822351849],[-90.55887198697467,14.875035636978689],[-90.55552507323068,14.87524165311524],[-90.55188805588874,14.877181330329186],[-90.54941586628796,14.876990050182108],[-90.54422770148457,14.882142688605832],[-90.53906163878688,14.883996856863533],[-90.53685708111855,14.886459792270028],[-90.5338642726956,14.886350816552273],[-90.52822116323442,14.883795521354669],[-90.52411341949072,14.887321853947395],[-90.51831979137984,14.887072862303697],[-90.50962229468583,14.888834970852308],[-90.50554231024708,14.891834994317911],[-90.50128916683619,14.8932272800075],[-90.49922139268317,14.895215862968929],[-90.49718693256919,14.895172186878966],[-90.49553163343522,14.893769669222952],[-90.49308409531507,14.895357680465995],[-90.48961219357354,14.888792783278577],[-90.484091012211,14.886490742922119],[-90.4812438359977,14.883602565270753],[-90.47848955679967,14.884363856589637],[-90.47390347585913,14.87940696245174],[-90.47008135319422,14.879694544395702],[-90.46672427465545,14.882711961558746],[-90.45458159000917,14.881532944450075],[-90.44974028879855,14.88199630653662],[-90.44753445318528,14.883212730327452],[-90.44271556575796,14.882708474089043],[-90.43618957188222,14.886212806095848],[-90.43751482748858,14.888776182058704],[-90.43536308889834,14.892082044916268],[-90.43610014933748,14.90044054822727],[-90.43459552428381,14.902478791966342],[-90.4335761246653,14.908444079381047],[-90.43249834737017,14.909829904445374],[-90.42899606927635,14.9106679481438],[-90.42800142752411,14.912578613804483],[-90.42446696419152,14.91470120754908],[-90.42259111497803,14.914497156243709],[-90.42034556496276,14.912187554067291],[-90.40911181856185,14.911094069099505],[-90.40785060260293,14.908296426206661],[-90.4078330123479,14.902153633809036],[-90.40194561209395,14.89488067296352],[-90.40196622037715,14.887497400068979],[-90.39918244625865,14.881944290502442],[-90.39678686128424,14.88018724414893],[-90.39597112873027,14.875942556246885],[-90.39274107707884,14.873445449161482],[-90.37908042313929,14.873787693699471],[-90.37158306402078,14.87161865058015],[-90.3651711359398,14.873961405356129],[-90.36036464569385,14.871777746905572],[-90.35544114742629,14.873582941594398],[-90.3484457753085,14.873258282623025],[-90.34528038689649,14.87487806070849],[-90.3399601802511,14.874561234684588],[-90.3346498229572,14.879019351019302],[-90.33052652465544,14.878748945746253],[-90.3264910061754,14.876963123546284],[-90.3161308978025,14.875875595326171],[-90.31423473641163,14.87618647365635],[-90.3123616189495,14.87833800369909],[-90.30811888852432,14.878532107646013],[-90.30682746420256,14.879691179393182],[-90.30565983363925,14.883779383100054],[-90.30381251327272,14.885664659115113],[-90.30331535446918,14.888624881017378],[-90.3100824229461,14.894870312220617],[-90.31947068708249,14.898795551374775],[-90.31902587191514,14.902369538115307],[-90.32104599306751,14.906556118571743],[-90.31749824665052,14.913347761571758],[-90.23005029354454,14.975747978076297],[-90.21896831902845,14.982671493561584],[-90.19762715113329,15.002212203020548],[-90.02146862393062,15.128376352738774],[-89.99715595545601,15.139881797998335],[-89.99242578711389,15.14061685121507],[-89.98184788341707,15.146074331207732],[-89.96398304337987,15.152832881018195],[-89.96163308176256,15.152192824440347],[-89.9608455360829,15.149970974982837],[-89.9572485804853,15.146209994591013],[-89.94409641817158,15.141342255868787],[-89.9396251900954,15.140230791523477],[-89.93018651316054,15.140320411389267],[-89.91341523067577,15.137952682906246],[-89.90945580302015,15.13562752102564],[-89.90535643728077,15.13638175829383],[-89.89765917964681,15.139316790906785],[-89.8959070000801,15.141462049012867],[-89.89591808466771,15.144406973704594],[-89.89807559310876,15.14777873619496],[-89.89811626765423,15.14969131283751],[-89.89717779999546,15.150695357666859],[-89.89305195890482,15.150297678257886],[-89.88708735066214,15.147191652644088],[-89.88074669254306,15.14712097237442],[-89.87151456578114,15.14546034938957],[-89.86918962563573,15.148249770255482],[-89.86620955382848,15.1583517288931],[-89.8634820128527,15.160569989801727],[-89.85169009418641,15.161229466741954],[-89.86380123923318,15.16701122021821],[-89.86459094043084,15.169133949019972],[-89.86322890933198,15.17385763508315],[-89.86474202385418,15.17834371477149],[-89.86372181363524,15.18100669873487],[-89.86347735361868,15.18590959742053],[-89.86440229114068,15.187966503527655],[-89.86365856079983,15.190869217959625],[-89.86656391863673,15.192537248319725],[-89.86816459158595,15.195667898141284],[-89.86785625628146,15.197028161522596],[-89.86545775677304,15.198807376738065],[-89.86606950369412,15.207270740681409],[-89.86336549169442,15.210990331389413],[-89.86401272360085,15.215517407842047],[-89.86704707458321,15.217483000927972],[-89.86152373279147,15.229573965937254],[-89.8614587034388,15.233956769536668],[-89.86376072605793,15.237187587654645],[-89.86150040875822,15.238900879917022],[-89.86276092178412,15.250192699796974],[-89.86214770655695,15.252733755459595],[-89.86045947017524,15.254701063228712],[-89.85978408813631,15.25829201323919],[-89.8604740925034,15.263021726892221],[-89.85938567505167,15.266472566067453],[-89.86052158626708,15.272215296678622],[-89.86519415832785,15.275635157835655],[-89.86967836210185,15.274679867643991],[-89.87582968499991,15.27628726298171],[-89.88651784783555,15.27495990049218],[-89.89598076165369,15.277404022025726],[-89.89595903198081,15.28673684334175],[-89.8930748572059,15.286964295783667],[-89.89148438500315,15.290140883781413],[-89.89150160088727,15.292086975137504],[-89.89329448897386,15.294740599199125],[-89.88835713585091,15.298239689345955],[-89.8872934591079,15.30128472798644],[-89.88740750082547,15.302223120820353],[-89.8909635838602,15.303993865559],[-89.89584902538176,15.302209616545799],[-89.89764356681238,15.30041960898122],[-89.90236459677234,15.30201673220606],[-89.91197743974739,15.301395805848733],[-89.91743624118851,15.302138237022204],[-89.92042202721174,15.294025605646828],[-89.93460181169296,15.278890155574725],[-89.94745546423387,15.272454861863713],[-89.94916800852357,15.27403699261099],[-89.96328610142939,15.274226717069462],[-90.00008246674315,15.269816074653084],[-90.02130034615013,15.271373774838192],[-90.04055613420765,15.267408482032728],[-90.05477407621358,15.262823223108889],[-90.0626614593562,15.26173586401169],[-90.0770468728845,15.262100127577927],[-90.09996133354292,15.265134332587156],[-90.1175299294408,15.265565451426449],[-90.15706747044592,15.263915690243731],[-90.18860060984002,15.263919677578372],[-90.22119722144193,15.266060523708404],[-90.23821139576022,15.269546160217303],[-90.24574997516319,15.269640134446925],[-90.25468215963001,15.268015669717245],[-90.26734463087583,15.263022231853695],[-90.27038968811877,15.262637101961076],[-90.28649701904986,15.264604223287217],[-90.30145202611173,15.264178585587882],[-90.3055083841398,15.262562073376731],[-90.30773436698233,15.256088916093441],[-90.31006780637658,15.253174636650277],[-90.32500172617341,15.249451313330797],[-90.32758941795763,15.24673177447947],[-90.32942764788518,15.241608525783716],[-90.33028071258946,15.232667447430428],[-90.33361365702498,15.231089113221774],[-90.35102188805477,15.242056517843267],[-90.36992530480927,15.259381371035632],[-90.40519838718835,15.275190430680887],[-90.40631260562476,15.281158331955897],[-90.41146384067632,15.286705521900293],[-90.42102316269707,15.287487751240043],[-90.4262533172539,15.284808695441514],[-90.42911817242697,15.286162722638052],[-90.4322301862428,15.289194071593313],[-90.43631874283008,15.290180413363737],[-90.45022839420288,15.287231966918297],[-90.46875070053741,15.288211257875385],[-90.47383627057248,15.289456630645127],[-90.47759977360286,15.289100499638383],[-90.49105840829647,15.281163488736619],[-90.4928010981407,15.275821633254171],[-90.49856468220474,15.274377501469761],[-90.49898370325435,15.271559199879546],[-90.49572684472551,15.268357682024066],[-90.49584461193479,15.26612771706949],[-90.50204508804835,15.266124673897652],[-90.50327759626774,15.2596240765562],[-90.50554899808644,15.259105098947472],[-90.50930372010451,15.260139426539778],[-90.51147124242813,15.258416630346398],[-90.51345188849643,15.254384769647972],[-90.5141821310585,15.248717478008068],[-90.520622357826,15.244846700844327],[-90.52179797151693,15.240206206765656],[-90.52764331043429,15.236250684484814],[-90.52723755572062,15.227927270098911],[-90.53335650485724,15.21716646267133],[-90.53711541282185,15.213345746987308],[-90.54282279580073,15.210165076830018],[-90.5443702560703,15.207137579912517],[-90.54632428367847,15.209067320517391],[-90.54642756627422,15.214559908348523],[-90.54795553983047,15.22150443685419],[-90.55303527605642,15.240182069747533],[-90.5560056317691,15.247494638505554],[-90.61454733430956,15.248860134644236],[-90.63041022408565,15.250228746937294]]]]},"properties":{"FID":1,"DEPARTAMEN":"BAJA VERAPAZ","AREA_KM2":3021.519,"COD_DEP":15,"COUNT":8,"REGION":"Norte","REG_NUM":2,"POBLACION":215915,"VIVIENDAS":52980,"Perimeter":324.381086293,"Area":3016.84060527},"id":1},{"type":"Feature","geometry":{"type":"MultiPolygon","coordinates":[[[[-90.99902735948257,14.938055871751232],[-91.0030110776822,14.932771618044619],[-91.0056757348868,14.933124714854205],[-91.01485200825881,14.931132962926782],[-91.01715191740283,14.924264807441224],[-91.02113471459099,14.917670968826101],[-91.02801813869223,14.909513852717454],[-91.02934829624571,14.903887579987915],[-91.02699281351066,14.899464200173975],[-91.02620578001853,14.884678017166848],[-91.02497449456139,14.88048119630649],[-91.03287752308252,14.872813736524096],[-91.04116829015096,14.861432896075257],[-91.04273736490762,14.858461899856545],[-91.04521101799914,14.846845904024567],[-91.04486845901799,14.843614609798337],[-91.03992006469211,14.832938492225479],[-91.03601623527342,14.830859502732276],[-91.02350263201542,14.832640975643052],[-91.02022868098042,14.827718343663078],[-91.01983242631037,14.825324743361119],[-91.02109377127856,14.823309126456822],[-91.0243707917249,14.821554800487377],[-91.04977517879843,14.80961473458036],[-91.057069663236,14.807871280225696],[-91.07039551038471,14.806896612462118],[-91.07233132630306,14.805881482510637],[-91.08439994176777,14.76940614017262],[-91.08690528979753,14.75565678076084],[-91.0810462540332,14.748940038491396],[-91.0761306951829,14.745327325323872],[-91.07550427773756,14.74092224284764],[-91.0840135159618,14.73198864106753],[-91.08502487786825,14.725566045051137],[-91.08262368355227,14.72049335362059],[-91.07900288913449,14.717132087170723],[-91.07634899747846,14.71224703490489],[-91.07519034431974,14.704479161761528],[-91.07591377958362,14.697343683203696],[-91.07746084192519,14.69375187842988],[-91.0790966103071,14.682921011480309],[-91.08581762139463,14.675885833927943],[-91.08827459815608,14.671967040078842],[-91.09130384897732,14.662657771238658],[-91.09855640507121,14.651182454206976],[-91.10322242889863,14.63952195573733],[-91.10707448541032,14.63484494462987],[-91.11065200252769,14.62745446195372],[-91.11195721856801,14.613060854488996],[-91.11419966353687,14.597484125602572],[-91.11647561497513,14.589440147584199],[-91.11727404140318,14.58052680790015],[-91.11600135312707,14.554613476124498],[-91.11689696677624,14.534608738049906],[-91.11906132795656,14.52599436515069],[-91.12489459762709,14.521698657678787],[-91.12466042701959,14.516185136920196],[-91.12242131210112,14.514940404005495],[-91.12366679175693,14.507567990508454],[-91.12207162017219,14.505117409280935],[-91.12050704030732,14.498149528332641],[-91.11904403095636,14.496261438993814],[-91.11960340552955,14.487677058086451],[-91.12129571526654,14.484911609873864],[-91.12178049370814,14.48138300916252],[-91.12432229408863,14.478580257889346],[-91.12418927956715,14.470952785164195],[-91.1265398359644,14.467364472834827],[-91.1284446096123,14.459131875884045],[-91.10842080067906,14.456241429635968],[-91.10159672284466,14.453240351627395],[-91.09554722696986,14.453845574456778],[-91.09336492495761,14.448951191550984],[-91.09526094689849,14.436681507920738],[-91.09698067301434,14.434623602625898],[-91.09812892859443,14.430447479161327],[-91.0970982821662,14.42473664169085],[-91.1018728176194,14.41636589367438],[-91.10127036840022,14.410106102989586],[-91.10262106518961,14.40416249766888],[-91.10072324722775,14.402308151546467],[-91.09531201886148,14.404551019973972],[-91.09016665666702,14.409860661926984],[-91.08595938261027,14.408301562906654],[-91.08287360841443,14.409240127495096],[-91.07364789732613,14.418074575966118],[-91.06006309653249,14.427664638538516],[-91.05360884326633,14.42911274718829],[-91.05064738091298,14.431572349262769],[-91.04850818075549,14.432111564113223],[-91.04661535421354,14.431845112381419],[-91.04246489028192,14.42789766500083],[-91.04003857625801,14.428268364785042],[-91.03690379739041,14.430718429962822],[-91.03406060817365,14.427936206608193],[-91.03367167498106,14.421801370383735],[-91.03816804169224,14.414934526070494],[-91.03846422132989,14.411417070122239],[-91.03723373920188,14.409983516226019],[-91.03288146416953,14.41054260987914],[-91.02920331791363,14.412069684842638],[-91.0227969437246,14.417462005363651],[-91.01421682961224,14.426999572345208],[-91.00991863989503,14.43891120741216],[-91.00569605481529,14.442542213103676],[-91.00254713136282,14.442360785630878],[-91.00247195521935,14.439939409088108],[-91.00508520761198,14.436037299031215],[-91.00506146227609,14.434409337755397],[-91.00351921739762,14.43311644132022],[-91.00352994664328,14.43067771709207],[-91.0053394497533,14.427533523850956],[-91.00611698225346,14.423062339400824],[-91.0028750096637,14.42008664967978],[-91.00071134685572,14.419670709169933],[-90.99682761872972,14.419460423581056],[-90.99393630718203,14.420966470029036],[-90.99037273174011,14.42085594484414],[-90.98797530683811,14.414204786950188],[-90.98249972947467,14.40853267890058],[-90.9822908809923,14.373146347158618],[-90.9802258529467,14.373158102603705],[-90.97729191814084,14.374246823745748],[-90.97406585014886,14.377018354236986],[-90.97081783510725,14.389847493367796],[-90.96855490257731,14.393530844659614],[-90.95979544241257,14.399293068553588],[-90.95390707251286,14.40527521707119],[-90.94867278771781,14.415418555041136],[-90.93758489055014,14.425885616317645],[-90.92836449809774,14.440720624770359],[-90.92189791520205,14.448403381523454],[-90.90835855947411,14.459156523300555],[-90.88784663590138,14.468969688417621],[-90.88082660336725,14.470670868310142],[-90.87175960214186,14.532483076628566],[-90.86527306474049,14.53552004893502],[-90.85833502486868,14.54225520526154],[-90.85839787763145,14.544696635817802],[-90.8557265795272,14.551443546922453],[-90.85585175792897,14.559972425761892],[-90.85389661625597,14.563145330249638],[-90.85164506526907,14.564168312173123],[-90.8446742003949,14.563817267764339],[-90.83596390175452,14.560195874782046],[-90.8262280973362,14.559548757149738],[-90.82104131810472,14.562710469646653],[-90.8144455402045,14.571095115805289],[-90.81032127055155,14.572195017341725],[-90.80673193879457,14.571794283566755],[-90.80577356139436,14.573892871609953],[-90.80662477658468,14.578521512527555],[-90.8029154354193,14.581559929064818],[-90.80168394220084,14.588439194473436],[-90.7957349924657,14.596875501068101],[-90.79548341782298,14.603383319181525],[-90.79126362845376,14.610959307943574],[-90.79273583619492,14.619927565783431],[-90.79252788179883,14.62454506199126],[-90.77136752582255,14.650504754658218],[-90.7640991385236,14.655017093836705],[-90.76239078517536,14.657941696126713],[-90.76199065868737,14.66147070197001],[-90.76295752664095,14.665820414379061],[-90.76778439349505,14.677884007087501],[-90.76838022448548,14.681709476318039],[-90.77324195104902,14.690957682389827],[-90.77187468641749,14.693633735106868],[-90.7724294217865,14.700375010129608],[-90.77016931498005,14.707608755766026],[-90.76761201403481,14.710444981039332],[-90.76141630891765,14.711507853170968],[-90.75790422813884,14.71805390902385],[-90.75953701028767,14.72281893713501],[-90.75897339400672,14.724997787082978],[-90.76219588876421,14.729328679988532],[-90.76241111113266,14.73262981227793],[-90.75562727919709,14.739722370778077],[-90.75092750738675,14.747311566702724],[-90.74553251990929,14.749572050678925],[-90.74239716905669,14.749238765947307],[-90.74236031215693,14.752811855580907],[-90.73949232807101,14.757825493241544],[-90.73243348583784,14.761627904713226],[-90.72195883947536,14.770922518939878],[-90.71965992947442,14.775055980873539],[-90.71058802909988,14.776320293921858],[-90.70851154036123,14.777537487634866],[-90.70431412332377,14.788773758368952],[-90.70314127987096,14.789591043508679],[-90.69573539224582,14.789832242971004],[-90.69360412543296,14.791655199124882],[-90.6922747360757,14.797117087842793],[-90.68847261441927,14.79919202955154],[-90.68695116826242,14.80462934727052],[-90.69459334349949,14.812714336170576],[-90.69507888531129,14.81729541150715],[-90.69190823670392,14.822354833785552],[-90.69334287873615,14.827859086695147],[-90.69501587091123,14.83037628358886],[-90.69380214699463,14.83239585083686],[-90.6940726996465,14.834254118023516],[-90.69162941238632,14.836932177646434],[-90.68252599447563,14.839054138282922],[-90.67643563212914,14.846413656521378],[-90.66912633659432,14.847814551424142],[-90.66334407843406,14.846323802221878],[-90.66151924295086,14.851905660232326],[-90.6631662487643,14.854493944673235],[-90.66200897433812,14.860019345351484],[-90.65420429449985,14.862786789278422],[-90.64669655790571,14.862085416473933],[-90.64164764436748,14.86570391841087],[-90.63568713838556,14.866331476889112],[-90.63216523381563,14.870076135907658],[-90.62582597535608,14.87188077370014],[-90.62272891778511,14.876939654133507],[-90.61919483924247,14.877049801948859],[-90.6211173825706,14.884333503199585],[-90.62383686697527,14.88672423868083],[-90.62922517378283,14.885856256599036],[-90.63033010608412,14.88606644245436],[-90.63304612025236,14.889797555200772],[-90.63783557698616,14.888957069224213],[-90.64076415510556,14.890832557491404],[-90.64340550968589,14.890079372154004],[-90.64649619042547,14.89056174206764],[-90.64995374885937,14.885377447012008],[-90.65352529262847,14.885310138599047],[-90.65717961909682,14.886985060592025],[-90.65940037281962,14.88957925977908],[-90.66369286988645,14.889699858362956],[-90.67133092855026,14.896096312773581],[-90.67924667330463,14.898731244860985],[-90.6802948075049,14.900083537318137],[-90.68002876814026,14.901718406759205],[-90.68673383251385,14.904544134116147],[-90.69053701375132,14.90925356576362],[-90.69361208364211,14.909173896605166],[-90.69571625438573,14.906855046936945],[-90.69889632064482,14.909623490197516],[-90.70098487832688,14.907677119658548],[-90.70386798812739,14.908612944193845],[-90.70886240279161,14.908358059584796],[-90.71344159159253,14.911733252198687],[-90.71452940571535,14.914634192523499],[-90.71606613081947,14.91572131846356],[-90.71908179218026,14.914844510310557],[-90.72203136861735,14.915940031524876],[-90.72588993149908,14.914428902075246],[-90.72811246714821,14.915857065315342],[-90.73381528934084,14.91418904393512],[-90.73713430376377,14.915617818190043],[-90.74247929182434,14.915680785414224],[-90.7482547317877,14.918913570086923],[-90.75316032154984,14.924443924477862],[-90.75769611592008,14.92578387439374],[-90.76065399266608,14.925724767458203],[-90.76266492791957,14.924515655735256],[-90.7654043320205,14.924915146719002],[-90.76898003215295,14.927343285812718],[-90.77124291025525,14.927776462288602],[-90.77273612113297,14.925462159088248],[-90.77893321424101,14.923006091475909],[-90.78041842765872,14.920327970303523],[-90.78538478450857,14.918826538847828],[-90.79105706882544,14.921156050374284],[-90.79431059440272,14.92131959085816],[-90.79702794260787,14.92309301135551],[-90.79995400203086,14.92211033490422],[-90.8077132219081,14.923761537531538],[-90.8103380574909,14.922413283999548],[-90.81280124516906,14.924755598850103],[-90.81480095105648,14.9237141680206],[-90.81853223059699,14.924716595330233],[-90.82134534292679,14.923699805542492],[-90.82448722698264,14.925966025626474],[-90.84807924484701,14.926881626820636],[-90.84818449116983,14.928794802281127],[-90.85098020743982,14.928414489423876],[-90.85429656438374,14.93140258460206],[-90.86139512830641,14.932534200303778],[-90.86638895946845,14.931658087104942],[-90.86935167734502,14.932663848699255],[-90.87145192615728,14.935199897328335],[-90.87400250687567,14.935597496604705],[-90.88134091157698,14.9330938065333],[-90.88747325977012,14.934821081320843],[-90.89317778107215,14.930577146450979],[-90.89981941983515,14.931066338681283],[-90.90274110220767,14.929378583490605],[-90.90466059280762,14.92957238585573],[-90.90988255549264,14.92611420417512],[-90.91142887638203,14.924051172369081],[-90.91641602161752,14.924986714636944],[-90.91776756355021,14.92076675408171],[-90.91947198029551,14.919826695714915],[-90.92266239024262,14.921877518767367],[-90.92690481193969,14.920344851600001],[-90.93240275423301,14.920769613605023],[-90.93455993425717,14.923623066893901],[-90.9429284312348,14.924413477926368],[-90.94454166658018,14.925911051517835],[-90.95140455492292,14.922192097706056],[-90.95430252540943,14.9241303338971],[-90.9628334453302,14.925701989042862],[-90.96583953228782,14.929377160213953],[-90.97246422051674,14.932953401175022],[-90.97302230561945,14.934947474658678],[-90.97421454093481,14.935596237181809],[-90.9845813045216,14.935528625295715],[-90.9893985668805,14.93414217212281],[-90.99068695595436,14.936637387928279],[-90.9931990784718,14.93634092880543],[-90.99631571096081,14.938005002607062],[-90.99902735948257,14.938055871751232]]]]},"properties":{"FID":2,"DEPARTAMEN":"CHIMALTENANGO","AREA_KM2":1864.927,"COD_DEP":4,"COUNT":16,"REGION":"Central","REG_NUM":5,"POBLACION":446133,"VIVIENDAS":93655,"Perimeter":232.611707261,"Area":1863.46084947},"id":2},{"type":"Feature","geometry":{"type":"MultiPolygon","coordinates":[[[[-89.20254763566535,14.948502045986809],[-89.22353575224437,14.94970662758511],[-89.22512141597299,14.948668023751102],[-89.22908257723648,14.941560433613649],[-89.24373736489353,14.921644011833031],[-89.2550701865356,14.90408460014066],[-89.25946716568917,14.900367388315264],[-89.27624028727479,14.89485055774457],[-89.28121545206645,14.894383196894834],[-89.31502179735521,14.910979758189338],[-89.32113296810076,14.911959228001432],[-89.33598640047862,14.908125126801233],[-89.34304550973721,14.904956313635301],[-89.37232103849945,14.895488787212942],[-89.37830294487689,14.89439327461774],[-89.39874675739927,14.89926929431291],[-89.40829398451822,14.902472317138546],[-89.4215402568163,14.905506113704723],[-89.42784136119204,14.906037842796177],[-89.43576113130617,14.90255209558763],[-89.44594322968523,14.900047781757374],[-89.47001067487835,14.899682406159979],[-89.48205408911805,14.894862707884723],[-89.48864501380496,14.889590886763228],[-89.49192230471186,14.881227277540107],[-89.49446858887174,14.877622912907823],[-89.50198316617248,14.861567705023733],[-89.51597403964762,14.862054820380372],[-89.54739399676163,14.858543360257308],[-89.59070036035182,14.855926450313],[-89.5963312071838,14.858509500257483],[-89.6231616064572,14.86535166516549],[-89.64944847958843,14.874178209544294],[-89.66645319116039,14.87807455022808],[-89.69624593056012,14.854825000486125],[-89.69688264764281,14.853125577944912],[-89.7062858496293,14.844551788602368],[-89.70617614446844,14.840231307520613],[-89.71076221249035,14.82827353971835],[-89.71255698753683,14.820166924836476],[-89.71146829385481,14.81221544481191],[-89.70452954359946,14.793003270416412],[-89.70301555916383,14.785424928128961],[-89.70349162082894,14.78139834514453],[-89.71121600498185,14.765744008678729],[-89.71152408415738,14.7603381437384],[-89.71256718750335,14.757953708324186],[-89.71453702039798,14.75610045367065],[-89.71993464875425,14.754307174114686],[-89.72040663372232,14.750867267438535],[-89.70730043151976,14.748466605633473],[-89.69350762466486,14.747520257546798],[-89.68720356769626,14.748218784552868],[-89.68059937058827,14.753220367728849],[-89.67276441866623,14.751325705498019],[-89.67307468357146,14.737554456927391],[-89.67490192524501,14.73428887585979],[-89.67558893059903,14.727300845966333],[-89.67522027365095,14.722710397683617],[-89.6731764871508,14.71668411173249],[-89.67543092757946,14.713100744275154],[-89.66896012343099,14.703507953055874],[-89.66957968559943,14.702294687975918],[-89.67314392432856,14.702164208907618],[-89.67382643544792,14.701194458587802],[-89.67130638551681,14.697721950432406],[-89.67197855708953,14.691963780054559],[-89.66865425603794,14.688133271266121],[-89.66506616808346,14.687177759032013],[-89.65719657560231,14.691228602840122],[-89.65386437633921,14.69120987106634],[-89.65230149100589,14.689391874275303],[-89.65291473233123,14.685360724698723],[-89.64686310175207,14.68555993878362],[-89.64518510593268,14.683884695318575],[-89.64663218929198,14.678089401844444],[-89.64882538981378,14.674710793242307],[-89.6504299114663,14.662937836118754],[-89.65496454143171,14.653824001464733],[-89.65726572877558,14.651435357019688],[-89.66179880708388,14.649041504902586],[-89.66341250815799,14.646615816815382],[-89.66445867554249,14.641440822236413],[-89.66875890925668,14.639249954722356],[-89.66891319237561,14.637093320397392],[-89.66559118094422,14.632926665655567],[-89.66604469729077,14.630143487351917],[-89.66495012058294,14.624192974777415],[-89.66808950083504,14.618722887198937],[-89.67475355311359,14.612331409912445],[-89.67483046722919,14.605834488700278],[-89.67240751988531,14.598731997913559],[-89.6727099078361,14.595232261477625],[-89.67608412990222,14.58916039973036],[-89.68579451938145,14.578394659232552],[-89.68791113072079,14.577262305407961],[-89.68781517095928,14.574613399405724],[-89.69028865493519,14.572509891296686],[-89.68915250136841,14.569447867364616],[-89.69176924113418,14.567095822432425],[-89.6925018262355,14.560942106115753],[-89.6938483947654,14.559647533241272],[-89.69429916286475,14.555252590263809],[-89.6921711949668,14.552229602603676],[-89.69069555694742,14.542214374146544],[-89.68909150314786,14.539689714178513],[-89.68567951739077,14.537673251803184],[-89.68161024192196,14.530763150877425],[-89.64401771231127,14.558553699816455],[-89.63766954887527,14.55470348324912],[-89.62143774092158,14.547598237345138],[-89.6195514128913,14.545598419122966],[-89.61981437494288,14.539360659234621],[-89.62257084823466,14.52630228335068],[-89.6235813221158,14.513349560318902],[-89.62116610344665,14.510111025334105],[-89.61647192051433,14.507485093769965],[-89.60988101564169,14.501445168458906],[-89.60830572170428,14.501599564438537],[-89.60589793021913,14.505342813411328],[-89.60060493438876,14.50414108439422],[-89.5920679661654,14.504587058022732],[-89.59092577411349,14.50221314520167],[-89.59262276357538,14.494028374897654],[-89.59318452066479,14.482965360624831],[-89.58970448014998,14.477156417077637],[-89.58551875974385,14.475356698397741],[-89.58249434306647,14.474978710408035],[-89.57383761695428,14.476365860478186],[-89.56086739161162,14.479861751627519],[-89.55288167136733,14.48345601351263],[-89.54967873381923,14.486570751106994],[-89.54908730496197,14.488079755524062],[-89.55017510699771,14.496624188474561],[-89.55343324844858,14.5030125622322],[-89.55411467498598,14.506728249985471],[-89.55564739323819,14.508651002348337],[-89.56374354322945,14.50914555798861],[-89.56544642392872,14.510294409405219],[-89.56515917764156,14.51269485247862],[-89.55796972316881,14.51931695235087],[-89.55332454444975,14.525764054836285],[-89.54918617758834,14.526074361343422],[-89.54791812250927,14.524710627166568],[-89.54848168956991,14.52000787799243],[-89.54264696233027,14.516229758695971],[-89.54265531957293,14.514946902126605],[-89.54504271660277,14.514636820739705],[-89.54520108811006,14.513277184743028],[-89.52686992098661,14.511344184324152],[-89.51864259196603,14.502038376889637],[-89.52169137901234,14.4989704391716],[-89.51970498144932,14.496385226594334],[-89.52048952519782,14.493797102289653],[-89.51511374187851,14.4940738980023],[-89.50868408218516,14.491911181519345],[-89.5130458168051,14.487159049488756],[-89.5128354791512,14.483762945234467],[-89.50526419116285,14.480202141376648],[-89.50320057418077,14.477393429188396],[-89.49964495950641,14.475576869185891],[-89.49940152054627,14.471460416090695],[-89.50245670683422,14.472249488056466],[-89.50325713776924,14.470866756548913],[-89.50328721999252,14.468244916600645],[-89.49960662784837,14.468535407893148],[-89.50067101195782,14.466381440421817],[-89.49900850682374,14.464291813084126],[-89.50281723078552,14.454372738859664],[-89.50241303840102,14.452380830131597],[-89.500988957846,14.45118842999447],[-89.50192958744694,14.445243589969458],[-89.50598071170957,14.438073250036005],[-89.51205507399743,14.436232665829325],[-89.51843739986826,14.432231110280824],[-89.52149935737187,14.42678680539132],[-89.51918297448242,14.423338152409762],[-89.51941637525363,14.419346034795398],[-89.51745883321888,14.420076522676833],[-89.51543236037375,14.417869961221475],[-89.5127345211091,14.416848401532887],[-89.51183843805619,14.40822121663594],[-89.51085863249895,14.40716863432969],[-89.50902141269542,14.408988589280815],[-89.50603898305899,14.408631885506935],[-89.5012700356983,14.404655984187814],[-89.49717494557501,14.408834447333476],[-89.49035011925099,14.419166795090199],[-89.48563323067334,14.41915182460515],[-89.476545202326,14.42334557769239],[-89.47493385992516,14.426089264410148],[-89.47291982299373,14.426025281597578],[-89.47045643406416,14.428320639824266],[-89.46291103279879,14.423253085912123],[-89.44573279890906,14.419256653281222],[-89.44247250359187,14.416943004356579],[-89.44225745864553,14.415321792682462],[-89.43907317160868,14.41183697291418],[-89.4340844734312,14.411649908967782],[-89.43245212490362,14.413510582141996],[-89.42954790231003,14.41400256617618],[-89.42634322124219,14.416130466049651],[-89.42472907490084,14.41898421806584],[-89.41922202265246,14.420440724577738],[-89.41732758439915,14.422933609636075],[-89.41562466178652,14.423476361591064],[-89.41317932730111,14.426027386241616],[-89.41222893930524,14.430320603077574],[-89.41079846171526,14.431737338957547],[-89.40688941664533,14.431309940297663],[-89.40069623534596,14.447286097765348],[-89.39628222385167,14.447180188275471],[-89.39291827851247,14.450484023496237],[-89.39019303194662,14.450402742895102],[-89.38789610107088,14.447532254236847],[-89.38451682846076,14.427682261012347],[-89.38309308207626,14.42846032351366],[-89.38067127231874,14.436654640298737],[-89.379010980207,14.436736299828631],[-89.37422487707582,14.432500678328232],[-89.37266573898611,14.42980845052058],[-89.36914596499177,14.428842641653041],[-89.36170642499967,14.424178972853115],[-89.35494675661967,14.422286337785406],[-89.35029557243985,14.429599489390817],[-89.35049812661237,14.4365556516752],[-89.34860218835242,14.441181155901807],[-89.35069300532695,14.445078748118753],[-89.35346145327426,14.446616507281822],[-89.35258705017972,14.451779090975183],[-89.35087043694726,14.45385090191884],[-89.35365984967794,14.459712233991297],[-89.35270044075786,14.464471850661456],[-89.35551738017881,14.465854703326965],[-89.3544299059261,14.468671855410143],[-89.35003726262617,14.471883313852992],[-89.34689432399625,14.472236104634533],[-89.338353144255,14.476387955383995],[-89.33093420190573,14.478431499023772],[-89.3256203034134,14.483346168559724],[-89.32205651109021,14.48351374505278],[-89.31495236269495,14.487964577715026],[-89.31072262078072,14.488244474439686],[-89.30838593607177,14.489647241265727],[-89.30725735300594,14.49210574777768],[-89.30209196843329,14.494548036684339],[-89.30415139544826,14.506713554435164],[-89.30306961630221,14.5079126244419],[-89.29590367133198,14.509746651449207],[-89.28745876135885,14.516777698172225],[-89.28488142934496,14.521501983108301],[-89.28476169378209,14.526898091473686],[-89.28276669903369,14.528781954838285],[-89.28166719827797,14.53272076287051],[-89.27863232027083,14.535804142412482],[-89.27627765554381,14.540549827581508],[-89.27190272707944,14.544868438266109],[-89.26419905343315,14.547126905056839],[-89.26195402906299,14.548981695241231],[-89.25791100359473,14.557661886571887],[-89.25550003110611,14.559903107059],[-89.25385796609808,14.55995687966195],[-89.2513403512472,14.563089762547111],[-89.25184199639907,14.566265433520242],[-89.25340137479465,14.568330007729294],[-89.24957500242024,14.569878342812048],[-89.24825420511979,14.57448332449576],[-89.24036810835247,14.581139455670769],[-89.23976805329796,14.584006330981824],[-89.23853897051356,14.58500176626286],[-89.22720525184242,14.584546893655745],[-89.22141664678293,14.58312664174],[-89.20342024136185,14.58244419914638],[-89.19976505964136,14.577977557945939],[-89.19268819409508,14.57596604403234],[-89.18609431452643,14.576215971397808],[-89.17796931299554,14.571736937749181],[-89.16808596309971,14.570778584996052],[-89.16099160904848,14.572524319347785],[-89.15935277138001,14.574698020938767],[-89.15889371406799,14.578660898644234],[-89.15749009981344,14.57885548827465],[-89.15200768321964,14.583196886238763],[-89.1520884508823,14.584779611996625],[-89.15383616611216,14.586778974534862],[-89.15379452833803,14.588940579916011],[-89.15186314435118,14.590873616909002],[-89.15146308580273,14.595725110125192],[-89.14866308593948,14.60100504776207],[-89.149544224028,14.60703835568421],[-89.1475938362026,14.608786012310963],[-89.14748300806082,14.611221673386593],[-89.15244024748766,14.61593387366154],[-89.14995380776034,14.619188644013455],[-89.14935246762339,14.62434132208056],[-89.14670122171373,14.626775532711026],[-89.14761125185278,14.627433534191445],[-89.14737825955723,14.631122573672506],[-89.14891809465558,14.632268125051635],[-89.14892374236656,14.635493024354057],[-89.15038099639126,14.636759025389718],[-89.15085687052229,14.645130657587185],[-89.15248575829607,14.647551144490738],[-89.15289349826382,14.65077143171045],[-89.15529860459358,14.653328843037455],[-89.15551181541716,14.65647823597692],[-89.15375739088918,14.659182218193953],[-89.15705145219995,14.667530621705225],[-89.15710083887235,14.670307338754098],[-89.15399586019738,14.67363975337956],[-89.14918722142288,14.675136853383036],[-89.14750311573403,14.677482087491772],[-89.13283615386187,14.708030400915385],[-89.13189400943726,14.712169932954918],[-89.13415365511273,14.714279692840279],[-89.1560834146252,14.725890698045863],[-89.16353194061615,14.72877451182149],[-89.1665278589802,14.73152455253709],[-89.16628688517363,14.746537128764754],[-89.16889824286385,14.764626775523606],[-89.16913282755675,14.774909813620715],[-89.17922102942991,14.782924551742369],[-89.19811754343968,14.802039672684565],[-89.2224103153494,14.830837639613138],[-89.22463639424628,14.83476365736494],[-89.22527996090501,14.850982824930963],[-89.22827837285786,14.87406418900665],[-89.22685441186682,14.883238662242098],[-89.22218385817207,14.888309948293607],[-89.21859143713345,14.888687189491254],[-89.21397338952738,14.890705583665628],[-89.21143255643992,14.893028979494702],[-89.20944469888995,14.897155018832738],[-89.206144769817,14.900061334645882],[-89.1964481684975,14.899900341060913],[-89.19070355279348,14.900957567025285],[-89.18758524367367,14.902527656911705],[-89.18248610928465,14.907755371643589],[-89.18160929529205,14.909653773573275],[-89.18236729904424,14.912808961192631],[-89.17931633786252,14.917675933685063],[-89.17939243671705,14.922261269430352],[-89.18421081288702,14.929901471248755],[-89.1915200447818,14.939593272832013],[-89.2005058621701,14.947635590853029],[-89.20254763566535,14.948502045986809]]]]},"properties":{"FID":3,"DEPARTAMEN":"CHIQUIMULA","AREA_KM2":2409.747,"COD_DEP":20,"COUNT":11,"REGION":"Nor-Oriente","REG_NUM":3,"POBLACION":302485,"VIVIENDAS":69507,"Perimeter":276.86666612,"Area":2402.68626479},"id":3},{"type":"Feature","geometry":{"type":"MultiPolygon","coordinates":[[[[-89.9396251900954,15.140230791523477],[-89.94941864834371,15.142917774276777],[-89.9572485804853,15.146209994591013],[-89.9608455360829,15.149970974982837],[-89.96163308176256,15.152192824440347],[-89.96398304337987,15.152832881018195],[-89.98184788341707,15.146074331207732],[-89.99242578711389,15.14061685121507],[-89.99715595545601,15.139881797998335],[-90.02146862393062,15.128376352738774],[-90.03943970163468,15.115742914226367],[-90.19762715113329,15.002212203020548],[-90.21896831902845,14.982671493561584],[-90.23005029354454,14.975747978076297],[-90.31749824665052,14.913347761571758],[-90.32104599306751,14.906556118571743],[-90.31902587191514,14.902369538115307],[-90.31947068708249,14.898795551374775],[-90.3100824229461,14.894870312220617],[-90.30331535446918,14.888624881017378],[-90.30381251327272,14.885664659115113],[-90.30565983363925,14.883779383100054],[-90.30682746420256,14.879691179393182],[-90.30811888852432,14.878532107646013],[-90.3123616189495,14.87833800369909],[-90.31423473641163,14.87618647365635],[-90.3161308978025,14.875875595326171],[-90.3264910061754,14.876963123546284],[-90.33052652465544,14.878748945746253],[-90.3346498229572,14.879019351019302],[-90.3399601802511,14.874561234684588],[-90.34528038689649,14.87487806070849],[-90.3484457753085,14.873258282623025],[-90.35544114742629,14.873582941594398],[-90.36036464569385,14.871777746905572],[-90.36439683956665,14.873908473370301],[-90.37158306402078,14.87161865058015],[-90.37908042313929,14.873787693699471],[-90.38720312800235,14.873260478706191],[-90.38974661392642,14.87409790663416],[-90.39185296023219,14.873346149761238],[-90.39475391756889,14.874630212976456],[-90.39793248210981,14.871115130079032],[-90.40428920661189,14.8675874129799],[-90.40551994047398,14.863643650531603],[-90.4021575845021,14.858040021862795],[-90.40435054977382,14.853326896994947],[-90.40303047982336,14.845228363031334],[-90.39797090639588,14.845138368766955],[-90.39460011453423,14.842017596928157],[-90.3877232732093,14.839523156438409],[-90.37139383480168,14.842075105762264],[-90.36673830678788,14.839693545866593],[-90.35728516343302,14.841015629087332],[-90.35378605055939,14.839056994981767],[-90.34914774538869,14.840001677938394],[-90.34609740522684,14.836851258670002],[-90.34391329215083,14.837435749489577],[-90.33688790476468,14.834117321228463],[-90.3355757875662,14.828613554730346],[-90.33146903657715,14.826171118462955],[-90.33126844510976,14.82113639883162],[-90.32986512920516,14.82128609507964],[-90.32756843523006,14.823631659810108],[-90.32610412122631,14.823170909588393],[-90.32724309431742,14.820446088129021],[-90.32718556265169,14.813028390409954],[-90.33726099757818,14.81011351473853],[-90.34008826790514,14.8072082623569],[-90.33953939559538,14.801781078695821],[-90.34207300059634,14.799581467063273],[-90.3440653606769,14.794030024308512],[-90.34010370255643,14.789528874185176],[-90.3396034564642,14.786917118529106],[-90.3406821124274,14.779248232577785],[-90.34182636175285,14.777383710827491],[-90.34637971656734,14.774434947093813],[-90.34790500997556,14.769230323128113],[-90.34727074061882,14.76737579930707],[-90.34416426440576,14.765526724352274],[-90.33966022729336,14.760242571516883],[-90.33782450477591,14.751382750003328],[-90.33248265165096,14.742284912808012],[-90.33190722388419,14.73266167900063],[-90.32853876443578,14.728465445420891],[-90.32558233530885,14.722504639914428],[-90.31541209741039,14.714931505512476],[-90.30625478470074,14.714061906095813],[-90.30205555017828,14.712680705649598],[-90.29935612116185,14.710371888421326],[-90.29880925562045,14.707348608502931],[-90.2966879204398,14.704072117530794],[-90.24933378982735,14.69220751958335],[-90.2090735250446,14.66889227354502],[-90.19573317486393,14.669210259752619],[-90.19347943994282,14.668513539990997],[-90.1885105019083,14.67156493938431],[-90.18098825403774,14.677920239117876],[-90.1749599087178,14.689107383326348],[-90.16955091172373,14.696147200683875],[-90.16422904880305,14.697758683911955],[-90.14685573330584,14.699147485597276],[-90.13558705077811,14.703571693821477],[-90.12930187393401,14.702902349961976],[-90.12310572718367,14.70925026761097],[-90.11527108416027,14.709803091330647],[-90.10786185502208,14.713543379219233],[-90.10428691939144,14.714084610524262],[-90.09673958499188,14.711981776554031],[-90.09207869172023,14.708305158713566],[-90.0885918734211,14.703828156554987],[-90.08646982905125,14.703229131321752],[-90.06410592968683,14.702109225743994],[-90.06195955440002,14.70307769634513],[-90.06026539394988,14.705697784354491],[-90.0596066516921,14.722525495202762],[-90.05686475649534,14.725630042613053],[-90.05061178701452,14.729290366114077],[-90.04376664170769,14.73521644094808],[-90.04056373635565,14.739574635764699],[-90.03886463512086,14.747746119943486],[-90.04084299461626,14.754909230651597],[-90.04056847095937,14.759508062579483],[-90.0384042144232,14.768424229295414],[-90.03470305659948,14.774394606286222],[-90.02969358087796,14.775674617855671],[-90.0247086741438,14.77523334264084],[-90.01681419758684,14.771310280828926],[-90.01248545853343,14.773204893615095],[-90.01351950186196,14.775552703320507],[-90.02045299158459,14.780527973716028],[-90.02294230842166,14.783448823822457],[-90.02289652143656,14.786422725835347],[-90.02123119714962,14.788282983297519],[-90.01867426899098,14.788441828071319],[-90.01164797742237,14.78485147015088],[-90.00810282020579,14.786266189628918],[-90.00836735710217,14.78863451331571],[-90.0101500247994,14.791045113675985],[-90.0098006952562,14.795580723943555],[-90.00366397677504,14.801680161949625],[-90.00425455924047,14.80594237083459],[-90.00298590649568,14.808760327031296],[-89.99931355058185,14.811247809680989],[-89.99459776870201,14.807990615311587],[-89.99007415102761,14.80687608022125],[-89.98754684998275,14.804752475038695],[-89.98434890856075,14.799237048347418],[-89.98017591553032,14.797077164524499],[-89.97074527140282,14.798616055389914],[-89.96196619704841,14.794479709774611],[-89.9568678184303,14.79535157043503],[-89.95506814820963,14.796614595841177],[-89.9536205772174,14.799579941056079],[-89.95213708786898,14.81070921213176],[-89.95017396252214,14.812613406476917],[-89.94151623455235,14.818345506856492],[-89.93455950915761,14.82079374764519],[-89.9291891052373,14.820958023895031],[-89.93131227273696,14.825660526440734],[-89.93568136022664,14.82822124157462],[-89.93795954210371,14.832641336394044],[-89.94065961375802,14.833885063800112],[-89.93947145713199,14.838374127714026],[-89.93135313439012,14.847021580251052],[-89.91333013435191,14.858038047838216],[-89.89644770139492,14.866477789079225],[-89.89081932910811,14.870685028725541],[-89.88459357141528,14.873241705511042],[-89.87570485147154,14.873019173556015],[-89.86955139365368,14.871198184995231],[-89.86210917956105,14.871755615932747],[-89.85847890824421,14.872933913448147],[-89.8534053500877,14.876523512311492],[-89.84858551796923,14.88775304718048],[-89.84149780795201,14.89822649823457],[-89.83658050490999,14.899719535598853],[-89.83322616994744,14.903219391925179],[-89.83106018492352,14.903988497457876],[-89.82276230410949,14.903112732798995],[-89.8178460065883,14.905157241679682],[-89.81698921043501,14.907185907036512],[-89.81673578975247,14.92278468800037],[-89.8155008116915,14.927232375102726],[-89.81943160929757,14.932441622796345],[-89.81655821548482,14.935504224506177],[-89.81680650807007,14.942124886354978],[-89.81402096005014,14.944374903312985],[-89.81505918693911,14.947333999925707],[-89.81851402224203,14.951694712657485],[-89.82418679727243,14.952910281626716],[-89.8302873644775,14.952434174586344],[-89.83223708622666,14.950261509856277],[-89.83293016359947,14.947689902891431],[-89.83657310014969,14.945822836944942],[-89.83834082234796,14.946396983797358],[-89.84077170823306,14.949448679289336],[-89.84056230244173,14.952213253164082],[-89.84399350220596,14.953196398011578],[-89.8480914220802,14.95034560103682],[-89.84990391639747,14.951317581444236],[-89.84875373583908,14.957296048754083],[-89.85117654198628,14.9598058070797],[-89.85101448457131,14.964898379232014],[-89.84949616536859,14.972859334595455],[-89.84726367085734,14.978319411801005],[-89.84690233631389,14.982814391829567],[-89.84935970293235,14.9858720929846],[-89.85582215065479,14.999312465101612],[-89.87147992841844,15.017551135892095],[-89.87300456806972,15.02106878449954],[-89.87134151808196,15.024059475842082],[-89.83795709084576,15.015358123707752],[-89.8118475495128,15.015377149793999],[-89.79331493899805,15.013368236811647],[-89.78950109006479,15.015148389535655],[-89.7887549233752,15.016823985630072],[-89.7893691281256,15.019973574954784],[-89.80178537389568,15.034673969398407],[-89.80844237946128,15.044052828517394],[-89.81530636317521,15.051108394510958],[-89.838583083874,15.070896471666158],[-89.89969798536504,15.138511831993434],[-89.90945580302015,15.13562752102564],[-89.91341523067577,15.137952682906246],[-89.9161394577282,15.138398524088286],[-89.93018651316054,15.140320411389267],[-89.9396251900954,15.140230791523477]]]]},"properties":{"FID":4,"DEPARTAMEN":"EL PROGRESO","AREA_KM2":1838.284,"COD_DEP":2,"COUNT":8,"REGION":"Nor-Oriente","REG_NUM":3,"POBLACION":139490,"VIVIENDAS":36209,"Perimeter":225.162520327,"Area":1834.63770754},"id":4},{"type":"Feature","geometry":{"type":"MultiPolygon","coordinates":[[[[-90.87102196994681,14.460888797664518],[-90.88082660336725,14.470670868310142],[-90.88784663590138,14.468969688417621],[-90.89550178108175,14.465612424471237],[-90.90835855947411,14.459156523300555],[-90.91564489017821,14.45401846278468],[-90.92189791520205,14.448403381523454],[-90.92836449809774,14.440720624770359],[-90.93758489055014,14.425885616317645],[-90.94867278771781,14.415418555041136],[-90.95390707251286,14.40527521707119],[-90.95979544241257,14.399293068553588],[-90.96855490257731,14.393530844659614],[-90.97081783510725,14.389847493367796],[-90.97406585014886,14.377018354236986],[-90.97729191814084,14.374246823745748],[-90.9802258529467,14.373158102603705],[-90.9822908809923,14.373146347158618],[-90.98249972947467,14.40853267890058],[-90.98797530683811,14.414204786950188],[-90.99037273174011,14.42085594484414],[-90.99393630718203,14.420966470029036],[-90.99682761872972,14.419460423581056],[-91.00071134685572,14.419670709169933],[-91.0028750096637,14.42008664967978],[-91.00611698225346,14.423062339400824],[-91.0053394497533,14.427533523850956],[-91.00352994664328,14.43067771709207],[-91.00351921739762,14.43311644132022],[-91.00506146227609,14.434409337755397],[-91.00508520761198,14.436037299031215],[-91.00247195521935,14.439939409088108],[-91.00254713136282,14.442360785630878],[-91.0043580458115,14.44284265477094],[-91.00991863989503,14.43891120741216],[-91.01421682961224,14.426999572345208],[-91.01724706468829,14.42334817551913],[-91.02920331791363,14.412069684842638],[-91.03288146416953,14.41054260987914],[-91.03723373920188,14.409983516226019],[-91.03846422132989,14.411417070122239],[-91.03816804169224,14.414934526070494],[-91.03367167498106,14.421801370383735],[-91.03406060817365,14.427936206608193],[-91.03690379739041,14.430718429962822],[-91.04003857625801,14.428268364785042],[-91.04246489028192,14.42789766500083],[-91.04661535421354,14.431845112381419],[-91.04850818075549,14.432111564113223],[-91.05064738091298,14.431572349262769],[-91.05360884326633,14.42911274718829],[-91.06006309653249,14.427664638538516],[-91.07364789732613,14.418074575966118],[-91.08287360841443,14.409240127495096],[-91.08595938261027,14.408301562906654],[-91.09016665666702,14.409860661926984],[-91.09803481915665,14.40294172891863],[-91.10072324722775,14.402308151546467],[-91.10262106518961,14.40416249766888],[-91.10127036840022,14.410106102989586],[-91.1018728176194,14.41636589367438],[-91.1040270014515,14.414507962694502],[-91.10627654745666,14.4142549013868],[-91.1130834281121,14.40787932228722],[-91.11555782713558,14.406651922351461],[-91.1164447327125,14.403031618627228],[-91.11839954039539,14.402115215406376],[-91.11892029070364,14.399652153083576],[-91.12277485387904,14.39566002602502],[-91.12175433368323,14.392686518559623],[-91.12270702846874,14.389839389302486],[-91.12540082171085,14.388955891396193],[-91.12778740415114,14.386203691860164],[-91.1293040041623,14.382426742186416],[-91.13460858022343,14.382604194429206],[-91.13647263201364,14.379115729953293],[-91.13624573576035,14.37496121628967],[-91.13496439103572,14.372541499898993],[-91.13221704357642,14.373203295514402],[-91.13103871957028,14.372477776216934],[-91.13418871653482,14.364834317400053],[-91.13168231168368,14.363284964902704],[-91.13037698870296,14.35971841564215],[-91.12676850541374,14.359651499370473],[-91.12544745835575,14.357359094676166],[-91.12638294753147,14.349863140199194],[-91.12889334388103,14.346863321743106],[-91.12808083442943,14.343614712423308],[-91.12936531716308,14.339557980678874],[-91.12911135097603,14.337977807690363],[-91.1265162986465,14.335352273801922],[-91.12646836658848,14.33352067762466],[-91.12952969877165,14.327000555721078],[-91.13009399926601,14.323218287634063],[-91.13221431673902,14.321528018231879],[-91.13571634692944,14.321505831107038],[-91.13701878403455,14.320501588576093],[-91.13719332945794,14.322446027489761],[-91.139032963074,14.32247287880145],[-91.13864965522349,14.318163487063075],[-91.1419512185746,14.316309524385064],[-91.14071231611898,14.314246047497068],[-91.14089056964511,14.312576622507933],[-91.1453304760824,14.309642477473524],[-91.14518011878921,14.30474180535689],[-91.14703306337296,14.300018301257774],[-91.14487103710388,14.296028295405009],[-91.14504827488608,14.288328522156872],[-91.14904168674404,14.285599755339508],[-91.15197656868102,14.288220877680008],[-91.15469549146077,14.286150893299167],[-91.1547142289312,14.279161553603128],[-91.15165664724564,14.272988862466102],[-91.1520053495087,14.270640653338653],[-91.15433124161048,14.267021030601125],[-91.15497709876237,14.260889465714396],[-91.15054122446908,14.24954674676509],[-91.15132430002687,14.246831355617253],[-91.15481350400584,14.243617232031674],[-91.15297024549854,14.240979793293166],[-91.15362519854389,14.235280962712434],[-91.1573065063367,14.23334257557056],[-91.15926527654524,14.229584444089733],[-91.16470886695261,14.22595588459841],[-91.16594234891316,14.226017322217928],[-91.1673196471696,14.227848993900045],[-91.170852834074,14.2263001163302],[-91.17094739228234,14.223903576853145],[-91.1691978870928,14.221120110681477],[-91.16876257730277,14.214269552556617],[-91.17288747043732,14.209237697163758],[-91.17617983610963,14.21082071421726],[-91.18011841167149,14.210163842938897],[-91.1789325061961,14.201339571956778],[-91.21818997917084,14.208123223517363],[-91.21570197195194,14.222659173807369],[-91.19962920222609,14.29361345458588],[-91.26724869379697,14.305581562949216],[-91.26760911426345,14.307155692830984],[-91.27039788609953,14.308135171842249],[-91.27230747133903,14.310987032666779],[-91.27029836419737,14.317502460300195],[-91.27066581765601,14.323683817850126],[-91.2682008062903,14.326845006177631],[-91.26609213672299,14.337604147479878],[-91.28111997618616,14.340117654872115],[-91.28152622270277,14.338051991797409],[-91.27998629118362,14.33287779058378],[-91.28090353643142,14.331951248718738],[-91.28390304692869,14.331628377375058],[-91.29286740880679,14.334482442921798],[-91.29698107835051,14.334391115806131],[-91.30196221202208,14.328893152649677],[-91.3123193290694,14.320856281740053],[-91.32213869350429,14.328100032313333],[-91.32473960591672,14.331358644807072],[-91.32424812594371,14.334813466412546],[-91.32551419094963,14.335110499442344],[-91.35400646639988,14.31894348025148],[-91.35655837533687,14.318961150683155],[-91.35811639081923,14.320694883326455],[-91.36368537352307,14.334570122178757],[-91.3692067694361,14.334360703559309],[-91.36961697655691,14.331875670704509],[-91.36354033075854,14.316296676667912],[-91.36859265089953,14.310622466804809],[-91.37231064751563,14.309599489938968],[-91.37768531367301,14.310780746676034],[-91.38097102400025,14.30952645515912],[-91.39627847511912,14.297155787417285],[-91.40258963551442,14.294583819668794],[-91.40771529285556,14.290878423176004],[-91.41173872626487,14.289769823414067],[-91.42062195416277,14.284318702519563],[-91.42721493879162,14.282620126916946],[-91.42941870059272,14.284512483338478],[-91.4300863282653,14.28714265140222],[-91.43498068155395,14.320375482879935],[-91.43835378122341,14.321718476410386],[-91.44552424604188,14.319183807634879],[-91.44938949663323,14.312058226012574],[-91.45984085215744,14.30971507040932],[-91.45966555562588,14.305853203513653],[-91.4641060484663,14.299653002395663],[-91.46341123446744,14.296100746279306],[-91.46040418406481,14.293178688703476],[-91.45559248724369,14.292576925014272],[-91.45421277185714,14.291361277304091],[-91.45470421749998,14.285477902214591],[-91.4537811723288,14.281101613912284],[-91.45998571667789,14.273534459827664],[-91.46148589317035,14.269369305312376],[-91.45942723142709,14.267155032113699],[-91.45399170450607,14.267396649396403],[-91.4487168854619,14.256339469417075],[-91.45126021039543,14.249889808823665],[-91.45076646582787,14.246364827019276],[-91.44793032287556,14.24058185105361],[-91.44984703670978,14.225519691412861],[-91.44536313681603,14.215556825725722],[-91.44628784279992,14.211673851082926],[-91.45101024293814,14.20956904052387],[-91.45238121492736,14.206975835122256],[-91.44802331102805,14.204041595112185],[-91.44787394436314,14.19919238187095],[-91.4536924013028,14.193050799606832],[-91.45685276146163,14.186480661908446],[-91.45829051412353,14.180655271007284],[-91.4609818944889,14.17617906900713],[-91.47724495832713,14.161983162418473],[-91.48330671731094,14.15494283489633],[-91.4864572166912,14.1461428291671],[-91.48673531644407,14.133330531747358],[-91.50226214773522,14.12184521474677],[-91.50809516472435,14.101266446099016],[-91.5158291688526,14.096133610585069],[-91.52349400117282,14.088113151586628],[-91.53296400508283,14.083372221248773],[-91.5329349577955,14.081122386569174],[-91.5294099619644,14.076264899538986],[-91.52944105476362,14.073122804902487],[-91.53643366782362,14.064582470441454],[-91.53732022314097,14.061955136182627],[-91.53648711565742,14.059636019044442],[-91.53121460596651,14.057587119732498],[-91.53027263897133,14.05528879491582],[-91.53287700354585,14.049275391609937],[-91.5385893675064,14.044359823244543],[-91.52630474740656,14.041293249347644],[-91.46795060913192,14.018999491551323],[-91.36260204987296,13.972808120677072],[-91.3267452232859,13.958913238555075],[-91.32099430553299,13.955899901970046],[-91.27237002180733,13.942197209528379],[-91.25326881452591,13.937799320367926],[-91.22303296318624,13.931758801897798],[-91.19144034486779,13.926798232800454],[-91.09076993892387,13.915887708335452],[-91.08883802373485,13.917994145686295],[-91.08508523422324,13.915520031859254],[-91.06348288787989,13.913994917760476],[-91.0116004456128,13.912526767665318],[-90.9627796991483,13.913599072346859],[-90.90659512821242,13.910579338541769],[-90.85616211116293,13.916069096497193],[-90.8039084939738,13.918451479222355],[-90.79133050624431,13.917773066591659],[-90.78871740837778,13.914163187301972],[-90.78313397847889,13.914122645617589],[-90.78329124206472,13.916063434849338],[-90.78733629477125,13.916948444146755],[-90.78964935000288,13.920555620422471],[-90.79812170459444,13.921308896575797],[-90.79784338251977,13.923407278154274],[-90.79136453468871,13.923990196406388],[-90.79086185402261,13.9268139291893],[-90.78985322236255,13.927389864189017],[-90.78676498685613,13.919387510738794],[-90.78534047767252,13.918041752660427],[-90.78295394646699,13.920029444706886],[-90.77415024545495,13.921535010717173],[-90.74177753468047,13.924353380018122],[-90.68635576765267,13.926257137464175],[-90.65924131200141,13.924943220490869],[-90.67525138645331,14.021811436605706],[-90.66686891171894,14.02341022991879],[-90.66343306953978,14.027088333171049],[-90.6595648344428,14.028507890523315],[-90.65990068811365,14.033029906173692],[-90.6638105673677,14.047936402494521],[-90.6636258657236,14.050291695093714],[-90.63679328652954,14.050701597377016],[-90.63544719476786,14.065457455921178],[-90.64113844785084,14.076493101365005],[-90.64739717409068,14.084025186864507],[-90.65044109331807,14.096492933550868],[-90.64989985485376,14.09962737669984],[-90.64613066358655,14.10017220607648],[-90.64526960889381,14.102891272810238],[-90.63793321079174,14.1105907327812],[-90.63840176977402,14.112397834881092],[-90.64208670577406,14.116913130224775],[-90.64106515906376,14.12025740185687],[-90.64410229594866,14.125380723996587],[-90.64264583508755,14.12937465101911],[-90.64285327602519,14.132437331612133],[-90.64446225934894,14.135103787640436],[-90.63979372155032,14.140424821096067],[-90.62986427161059,14.147856618388174],[-90.62479448614536,14.153473716072144],[-90.62156561520094,14.154671626526115],[-90.61910484644632,14.15962661627283],[-90.61365276569265,14.162621733319995],[-90.61153328577115,14.168616758923802],[-90.60681375761934,14.17104299629461],[-90.60221056093276,14.185130890988628],[-90.60033851210383,14.186974446623518],[-90.59976918770168,14.189264717070241],[-90.60217130961875,14.196452282903783],[-90.60357609090762,14.20656843911017],[-90.60250058209103,14.208331875806463],[-90.5998802073263,14.208936899843374],[-90.59970332474968,14.212316404143047],[-90.59625351484073,14.218061750788745],[-90.5949771632413,14.225502605110101],[-90.59227582041274,14.226791080713912],[-90.5917075185747,14.22847033290715],[-90.59197580767025,14.22991972883612],[-90.59423342881544,14.23134287332932],[-90.60382493241723,14.233161576783727],[-90.60317829616271,14.238703596999093],[-90.60111468252977,14.242356642472897],[-90.59622203322172,14.25784382275658],[-90.59372604045855,14.258619345427611],[-90.5903296308462,14.257227565986312],[-90.58937111341774,14.255354462881746],[-90.5910511149987,14.244185306237704],[-90.58891908519482,14.242538647053872],[-90.58726994658254,14.2469331812239],[-90.57945345129444,14.256256827930187],[-90.58145217728455,14.261121960228666],[-90.58139580616447,14.267056038377154],[-90.58244466674486,14.270062811129364],[-90.58515785498433,14.273150834581294],[-90.58932042096419,14.274327994538446],[-90.58930332108106,14.276750253263028],[-90.58433126314118,14.286643653723647],[-90.58467015578026,14.289611599066658],[-90.58555073438569,14.291522338644297],[-90.589247590153,14.294429482389353],[-90.60292869610277,14.29935055802911],[-90.60495115553805,14.30292274419611],[-90.60481164252697,14.313679507052852],[-90.61258956072194,14.323865517439181],[-90.61443864057894,14.333457636539679],[-90.61398891996434,14.336933779476452],[-90.60844573713307,14.342940291859174],[-90.603410066912,14.350428943287433],[-90.59791612466468,14.364732865294483],[-90.59877576587036,14.384415791678943],[-90.59972079323926,14.388786889612602],[-90.59920786483765,14.41777739709616],[-90.6013199769755,14.42148277385937],[-90.60537603172806,14.424209548960063],[-90.61721484046822,14.423757995690341],[-90.62925446131266,14.424920577572536],[-90.63973221735249,14.426083876680392],[-90.64317546969252,14.428135359325891],[-90.64419935774545,14.432204533988882],[-90.64410319560251,14.441946617571524],[-90.64801500502459,14.44845359144552],[-90.64929546608745,14.454145972404078],[-90.65982994225146,14.46360215359419],[-90.66177463139383,14.463615841558061],[-90.67477000749312,14.451433186028611],[-90.67480541332648,14.449031330386628],[-90.66990925497288,14.443707585609587],[-90.66788876403335,14.438528572850187],[-90.6680815003074,14.435824477710252],[-90.67337821934485,14.430744883695928],[-90.67688657410618,14.428742059720827],[-90.68040756812033,14.428031321306158],[-90.68425191994037,14.428547968058675],[-90.69375639614378,14.4349499524017],[-90.70754015264679,14.43457052642039],[-90.72367081109502,14.450762378066415],[-90.7286342088466,14.454528371610737],[-90.73892270644632,14.4607297228501],[-90.74676357669814,14.46183949007762],[-90.76823693130429,14.45124656731743],[-90.78064692861481,14.439716859249874],[-90.78790786605511,14.427642239448495],[-90.79168073754477,14.419411010446035],[-90.80299802172634,14.403125669311398],[-90.80664857356078,14.399654816225148],[-90.80848350658408,14.394907686225585],[-90.80895450739028,14.389507474282793],[-90.80735519705304,14.377242269833724],[-90.80834902104144,14.376442767204475],[-90.81374684392658,14.382622435680753],[-90.81638712607312,14.387731787005404],[-90.81774558243185,14.404557904552863],[-90.82442433210281,14.414069983841799],[-90.83268385882022,14.421540783920245],[-90.83958863382604,14.434767315305036],[-90.84318797681712,14.438126660340993],[-90.84547825525752,14.442333549135848],[-90.85348881377507,14.447784250683128],[-90.85859130063567,14.454778319415805],[-90.87102196994681,14.460888797664518]]]]},"properties":{"FID":5,"DEPARTAMEN":"ESCUINTLA","AREA_KM2":4507.354,"COD_DEP":5,"COUNT":13,"REGION":"Central","REG_NUM":5,"POBLACION":538746,"VIVIENDAS":129208,"Perimeter":399.79818974,"Area":4504.34806568},"id":5},{"type":"Feature","geometry":{"type":"MultiPolygon","coordinates":[[[[-90.39918244625865,14.881944290502442],[-90.40235503008508,14.889253120271922],[-90.40209966212488,14.895347629722334],[-90.4078330123479,14.902153633809036],[-90.40785060260293,14.908296426206661],[-90.40911181856185,14.911094069099505],[-90.42034556496276,14.912187554067291],[-90.42259111497803,14.914497156243709],[-90.42446696419152,14.91470120754908],[-90.42800142752411,14.912578613804483],[-90.42899606927635,14.9106679481438],[-90.43249834737017,14.909829904445374],[-90.4335761246653,14.908444079381047],[-90.43459552428381,14.902478791966342],[-90.43610014933748,14.90044054822727],[-90.43536308889834,14.892082044916268],[-90.43751482748858,14.888776182058704],[-90.43618957188222,14.886212806095848],[-90.44271556575796,14.882708474089043],[-90.44753445318528,14.883212730327452],[-90.44974028879855,14.88199630653662],[-90.45458159000917,14.881532944450075],[-90.46672427465545,14.882711961558746],[-90.47008135319422,14.879694544395702],[-90.47390347585913,14.87940696245174],[-90.47848955679967,14.884363856589637],[-90.4812438359977,14.883602565270753],[-90.484091012211,14.886490742922119],[-90.48961219357354,14.888792783278577],[-90.49308409531507,14.895357680465995],[-90.49553163343522,14.893769669222952],[-90.49718693256919,14.895172186878966],[-90.49922139268317,14.895215862968929],[-90.50128916683619,14.8932272800075],[-90.50554231024708,14.891834994317911],[-90.50962229468583,14.888834970852308],[-90.51831979137984,14.887072862303697],[-90.52411341949072,14.887321853947395],[-90.52822116323442,14.883795521354669],[-90.5338642726956,14.886350816552273],[-90.53685708111855,14.886459792270028],[-90.53906163878688,14.883996856863533],[-90.54422770148457,14.882142688605832],[-90.54941586628796,14.876990050182108],[-90.55188805588874,14.877181330329186],[-90.55552507323068,14.87524165311524],[-90.55887198697467,14.875035636978689],[-90.5626975515104,14.872428181303091],[-90.56370986837774,14.872856767515378],[-90.56414711878567,14.87615775863464],[-90.56551097542487,14.876457947386733],[-90.57133121379447,14.872354882610628],[-90.57730786833197,14.871330583015652],[-90.57897378930957,14.869898171326211],[-90.58090294629831,14.870160186803782],[-90.58817758576211,14.875356986633467],[-90.58971696744828,14.87407674269447],[-90.59031007487305,14.871588366398154],[-90.59426088866645,14.871894088886133],[-90.60691517804175,14.880130340223504],[-90.61455006405635,14.87631943113695],[-90.62203387707348,14.877264465753985],[-90.62582597535608,14.87188077370014],[-90.63216523381563,14.870076135907658],[-90.63568713838556,14.866331476889112],[-90.64164764436748,14.86570391841087],[-90.64669655790571,14.862085416473933],[-90.65420429449985,14.862786789278422],[-90.66200897433812,14.860019345351484],[-90.6631662487643,14.854493944673235],[-90.66151924295086,14.851905660232326],[-90.66378647125025,14.84599627286166],[-90.66912633659432,14.847814551424142],[-90.67643563212914,14.846413656521378],[-90.68252599447563,14.839054138282922],[-90.69227528207657,14.836625828829574],[-90.6940726996465,14.834254118023516],[-90.69380214699463,14.83239585083686],[-90.69501587091123,14.83037628358886],[-90.69334287873615,14.827859086695147],[-90.69190823670392,14.822354833785552],[-90.69507888531129,14.81729541150715],[-90.69459334349949,14.812714336170576],[-90.68695116826242,14.80462934727052],[-90.68847261441927,14.79919202955154],[-90.6922747360757,14.797117087842793],[-90.69360412543296,14.791655199124882],[-90.69573539224582,14.789832242971004],[-90.70314127987096,14.789591043508679],[-90.70431412332377,14.788773758368952],[-90.70851154036123,14.777537487634866],[-90.71058802909988,14.776320293921858],[-90.71965992947442,14.775055980873539],[-90.72195883947536,14.770922518939878],[-90.73243348583784,14.761627904713226],[-90.73949232807101,14.757825493241544],[-90.74236031215693,14.752811855580907],[-90.74239716905669,14.749238765947307],[-90.74553251990929,14.749572050678925],[-90.75092750738675,14.747311566702724],[-90.75562727919709,14.739722370778077],[-90.76241111113266,14.73262981227793],[-90.76249127467166,14.730233946495742],[-90.76082050727311,14.727133329700179],[-90.75590803604123,14.721766181189574],[-90.7490957596953,14.716839047342056],[-90.74352135243666,14.710218395051466],[-90.73940475558537,14.698796061071967],[-90.73458306560626,14.69536755146666],[-90.73192713229726,14.696607656847753],[-90.72796043723709,14.696855693565016],[-90.72351156434395,14.69363957408733],[-90.71735610203599,14.69226671482536],[-90.71424003433727,14.693122602906575],[-90.71038993135646,14.69159834906459],[-90.70621200934255,14.694086904963793],[-90.69968425280534,14.695043215329477],[-90.69688145497078,14.696943254689433],[-90.69494421975999,14.698618078207287],[-90.69314523358912,14.704029114219143],[-90.6807413270452,14.702411172454944],[-90.67585322558328,14.700914363185417],[-90.67283587060034,14.679551494795895],[-90.6731645817422,14.668378565655612],[-90.64768287240939,14.659394298135778],[-90.63852717936818,14.653184923411098],[-90.63943441638311,14.641743694881733],[-90.64327187533425,14.626392944465199],[-90.63920212671198,14.622958036064677],[-90.63534653101208,14.623040898646446],[-90.63307004019578,14.621014323769407],[-90.63330555371397,14.617056105115097],[-90.6382785211711,14.612143074263564],[-90.63840691039145,14.607561480120658],[-90.63646056946266,14.600153567652603],[-90.63467435693656,14.597736730827581],[-90.6292130362108,14.59446380075968],[-90.61710023075604,14.591340914899975],[-90.6128971813251,14.588857482498012],[-90.61235890344642,14.585381539985004],[-90.614252088881,14.580903887131441],[-90.62185738762892,14.579547192594106],[-90.62811382408978,14.581512622980298],[-90.63137517465039,14.580324899575656],[-90.63019749363342,14.569815688840821],[-90.63115078598713,14.566166270026025],[-90.6329981584749,14.563590868926713],[-90.63463610228085,14.563470794766104],[-90.63728772221756,14.565122740519902],[-90.63862345276962,14.570135877847882],[-90.64147675093484,14.575293082916957],[-90.65135793021663,14.583140032837756],[-90.66131999705622,14.585098949703255],[-90.66430579882837,14.584853269012063],[-90.66704177617069,14.583168494485175],[-90.66852201578266,14.576286201529603],[-90.66783870441876,14.574055647830479],[-90.66465154520925,14.570698950560914],[-90.65840497711699,14.566464569298908],[-90.65334245852496,14.564319966750402],[-90.64878621955023,14.559600901278179],[-90.65022745703352,14.556264573211303],[-90.65498205532658,14.554884767460374],[-90.65835945000774,14.552650830912127],[-90.65760725282068,14.542344602409507],[-90.66303652425276,14.529255229474474],[-90.66621978890994,14.524316576760334],[-90.6647705627158,14.512667327754107],[-90.67199460913496,14.497971356360607],[-90.67354848393771,14.480753504847158],[-90.66132044039777,14.464930438143726],[-90.64929546608745,14.454145972404078],[-90.64801500502459,14.44845359144552],[-90.64410319560251,14.441946617571524],[-90.64419935774545,14.432204533988882],[-90.64317546969252,14.428135359325891],[-90.63973221735249,14.426083876680392],[-90.62925446131266,14.424920577572536],[-90.61721484046822,14.423757995690341],[-90.60537603172806,14.424209548960063],[-90.6013199769755,14.42148277385937],[-90.59920786483765,14.41777739709616],[-90.59972079323926,14.388786889612602],[-90.59877576587036,14.384415791678943],[-90.59791612466468,14.364732865294483],[-90.603410066912,14.350428943287433],[-90.60844573713307,14.342940291859174],[-90.61398891996434,14.336933779476452],[-90.61443864057894,14.333457636539679],[-90.61258956072194,14.323865517439181],[-90.60481164252697,14.313679507052852],[-90.60495115553805,14.30292274419611],[-90.60292869610277,14.29935055802911],[-90.589247590153,14.294429482389353],[-90.58555073438569,14.291522338644297],[-90.58467015578026,14.289611599066658],[-90.58433126314118,14.286643653723647],[-90.58930332108106,14.276750253263028],[-90.58932042096419,14.274327994538446],[-90.58515785498433,14.273150834581294],[-90.58244466674486,14.270062811129364],[-90.58139580616447,14.267056038377154],[-90.58145217728455,14.261121960228666],[-90.57945345129444,14.256256827930187],[-90.58726994658254,14.2469331812239],[-90.58891908519482,14.242538647053872],[-90.58074814870567,14.242937040726115],[-90.57770585378798,14.248373276664035],[-90.56816960680048,14.257470081327304],[-90.56109925578764,14.259491608145366],[-90.55882155325695,14.257783347451639],[-90.55363886849835,14.260790658418273],[-90.54949664209722,14.260082939120933],[-90.54586439457846,14.261631115212705],[-90.54433067676578,14.264685902792328],[-90.54251972278013,14.266020137806185],[-90.53880290991737,14.265960314954485],[-90.53422415213315,14.268817528866792],[-90.52800351420923,14.268952939055065],[-90.52716043203614,14.270131075822741],[-90.52671042159251,14.279052334780573],[-90.52154399012575,14.280550242606575],[-90.52116082320845,14.283341239626944],[-90.51724925591846,14.283333214465719],[-90.5109836198228,14.287581614725744],[-90.5088762197709,14.29098578937374],[-90.50454945492416,14.291393275494844],[-90.50715652188961,14.298029138149381],[-90.51427055430575,14.306388029991147],[-90.51419981781574,14.308817501528043],[-90.50516712127002,14.315638498907688],[-90.49590634537034,14.325797025175302],[-90.49605534582271,14.330007371640555],[-90.49913389782166,14.332457601136658],[-90.49971741945905,14.335976904896464],[-90.49533215560261,14.340632890435977],[-90.48671669535952,14.361218414893026],[-90.45042839033323,14.36539143712183],[-90.44905232904046,14.37427152699369],[-90.44947955512286,14.3784260377235],[-90.45488581432994,14.387023507346564],[-90.45385077446866,14.392434917676555],[-90.45516395515192,14.397286679380489],[-90.45493969008113,14.400257522347069],[-90.43239693957311,14.404324880452807],[-90.43278195863974,14.408694596238723],[-90.43037971432243,14.417941521050068],[-90.42363393615797,14.417421919253783],[-90.42169969597357,14.419886164410983],[-90.41940259645195,14.426941125682912],[-90.42138943526213,14.428521156452357],[-90.4213706690769,14.4301007030954],[-90.41608292138369,14.434285195692548],[-90.41701461110476,14.438191135762894],[-90.41605494685797,14.44488577246458],[-90.41345670413533,14.448874922208784],[-90.41042185202527,14.456684919800962],[-90.4061993520358,14.474635380152513],[-90.40562943323627,14.480544887897894],[-90.40377549712507,14.487984919240137],[-90.40246947637455,14.48966650910584],[-90.39388643557079,14.47735376319518],[-90.38937967283177,14.474915552112401],[-90.38392606124714,14.47624944993105],[-90.37802025169961,14.482628904928097],[-90.37397453141746,14.484401672003127],[-90.36986117253012,14.484829905113944],[-90.36357919306155,14.483519684973272],[-90.35355791136277,14.47891190866891],[-90.3477276417522,14.479209765861023],[-90.34616890030833,14.479703668505174],[-90.33234563993598,14.493209576209756],[-90.32727630035623,14.493375496333918],[-90.32198592224684,14.487293639522369],[-90.30719711177242,14.50277394816272],[-90.2948367440589,14.50522982961191],[-90.29143407026805,14.507374232618965],[-90.28445497729581,14.524221902286099],[-90.28033861237489,14.529105985802897],[-90.27795415343694,14.529933004965004],[-90.26850310260811,14.528053742146833],[-90.26437569114276,14.528388338489211],[-90.26273670748085,14.530184731022564],[-90.26245748381459,14.53266992518837],[-90.26758157979894,14.539137223540873],[-90.2731408100072,14.55813883380958],[-90.2757995357208,14.571813540481559],[-90.27580348025462,14.576160513863503],[-90.27410518624048,14.580817311189005],[-90.27233901780862,14.5850476321218],[-90.26724789026099,14.590108397809216],[-90.26316985214514,14.591840009483848],[-90.25536008344893,14.592934918768755],[-90.2517203346068,14.592273356312148],[-90.24766801182805,14.589597169577546],[-90.2451646832364,14.590692165089337],[-90.24323974532578,14.593843174326118],[-90.24326309356579,14.599505603964017],[-90.24124368436956,14.602737884700089],[-90.23710388761687,14.606458727745306],[-90.23625512470801,14.610497395595308],[-90.23063612742187,14.62014262842862],[-90.23255220597952,14.623842661503614],[-90.23251911402596,14.62597388082182],[-90.22974011059196,14.62996244103691],[-90.23041704915047,14.636494032995259],[-90.22858957548402,14.641244675728501],[-90.22894924310027,14.645842977833079],[-90.23094967569202,14.649299053907164],[-90.23112540926833,14.651464367220461],[-90.22731830697872,14.662146997711973],[-90.22543905703981,14.66462647732638],[-90.22023928992361,14.66748508601903],[-90.21211213549182,14.66842636056366],[-90.21187735748018,14.67038915272108],[-90.24933378982735,14.69220751958335],[-90.2966879204398,14.704072117530794],[-90.29880925562045,14.707348608502931],[-90.29935612116185,14.710371888421326],[-90.30205555017828,14.712680705649598],[-90.30625478470074,14.714061906095813],[-90.31541209741039,14.714931505512476],[-90.32558233530885,14.722504639914428],[-90.32853876443578,14.728465445420891],[-90.33190722388419,14.73266167900063],[-90.33248265165096,14.742284912808012],[-90.33782450477591,14.751382750003328],[-90.33966022729336,14.760242571516883],[-90.34416426440576,14.765526724352274],[-90.34727074061882,14.76737579930707],[-90.34790500997556,14.769230323128113],[-90.34637971656734,14.774434947093813],[-90.34182636175285,14.777383710827491],[-90.3406821124274,14.779248232577785],[-90.3396034564642,14.786917118529106],[-90.34010370255643,14.789528874185176],[-90.3440653606769,14.794030024308512],[-90.34207300059634,14.799581467063273],[-90.33953939559538,14.801781078695821],[-90.34008826790514,14.8072082623569],[-90.33726099757818,14.81011351473853],[-90.32718556265169,14.813028390409954],[-90.32724309431742,14.820446088129021],[-90.32610412122631,14.823170909588393],[-90.32756843523006,14.823631659810108],[-90.32986512920516,14.82128609507964],[-90.33126844510976,14.82113639883162],[-90.33146903657715,14.826171118462955],[-90.3355757875662,14.828613554730346],[-90.33688790476468,14.834117321228463],[-90.34391329215083,14.837435749489577],[-90.34609740522684,14.836851258670002],[-90.34914774538869,14.840001677938394],[-90.35378605055939,14.839056994981767],[-90.35728516343302,14.841015629087332],[-90.36673830678788,14.839693545866593],[-90.37139383480168,14.842075105762264],[-90.3877232732093,14.839523156438409],[-90.39460011453423,14.842017596928157],[-90.39797090639588,14.845138368766955],[-90.40303047982336,14.845228363031334],[-90.40435054977382,14.853326896994947],[-90.4021575845021,14.858040021862795],[-90.4051539146087,14.862408732380423],[-90.40538324653339,14.86599864961789],[-90.40373972742898,14.868004628765512],[-90.39793248210981,14.871115130079032],[-90.39475391756889,14.874630212976456],[-90.39630745049223,14.87645674744085],[-90.39678686128424,14.88018724414893],[-90.39918244625865,14.881944290502442]],[[-90.60490762155321,14.473524073481633],[-90.60625818147932,14.477063612579515],[-90.60624253818897,14.480628766032163],[-90.60987631160216,14.484568739224231],[-90.6112049911385,14.48767325178953],[-90.61087523129,14.490107010366865],[-90.60993476119337,14.490795372278926],[-90.60480674857993,14.489290812443231],[-90.60289995125548,14.486654700032366],[-90.5978304500382,14.485006048526252],[-90.59065363919773,14.484610707509068],[-90.58798135151292,14.482309964608127],[-90.58547686919813,14.482340713380346],[-90.58370492081336,14.480979740369301],[-90.58114209724368,14.481208601280002],[-90.57973914159615,14.484620503160276],[-90.57626686899478,14.487900375872872],[-90.57107767343501,14.487846779456804],[-90.56837044517948,14.486643161736515],[-90.56860551622957,14.48342029377246],[-90.57063035559672,14.4818794006495],[-90.56889825493049,14.480009424083056],[-90.57187635273232,14.477190959129343],[-90.57164792508013,14.475176167151627],[-90.57501129856223,14.472516342257123],[-90.575242365927,14.471143221134954],[-90.57428564827605,14.470180214420497],[-90.56945954489034,14.47130599795273],[-90.56713219049841,14.468709368704854],[-90.56660389195184,14.460819075630843],[-90.56739087176287,14.457512691086064],[-90.56524270022459,14.458321649197623],[-90.56308681313169,14.455638692914999],[-90.56551049472706,14.453579068586755],[-90.56461429611157,14.452283517565565],[-90.56244831395703,14.451594814500673],[-90.56102426469614,14.44966250630066],[-90.56081848980085,14.4529093850606],[-90.55732893882399,14.452551355119827],[-90.5561289261515,14.449899725289704],[-90.55298310885193,14.449323864043743],[-90.54834210670724,14.445073482131649],[-90.53742648812027,14.44849315718047],[-90.53507752827052,14.446861608986065],[-90.52983875803402,14.447304736769913],[-90.52810186629418,14.445923470589747],[-90.52977636469899,14.443667793717257],[-90.53307460631646,14.442804575659274],[-90.53587220064348,14.438786489648342],[-90.53526947846355,14.430485575038611],[-90.53403074069737,14.426226504819926],[-90.53476589067205,14.423494540919844],[-90.53778948688442,14.420654337733302],[-90.53990181431487,14.41996718052065],[-90.54239523971073,14.421877959080538],[-90.54625551087395,14.422617178145767],[-90.54866775155742,14.424649021750257],[-90.55195899642854,14.425403697836737],[-90.55201155740907,14.42791016183504],[-90.55606883709709,14.431422594522056],[-90.55813872602143,14.439838158092657],[-90.56878707058827,14.454663186009547],[-90.57329320405243,14.457836751134911],[-90.57466128110647,14.460722697739943],[-90.57474497824117,14.463528776302306],[-90.57610421207416,14.465150927732841],[-90.5790995045813,14.465957610878219],[-90.5830029713577,14.462792739695384],[-90.58499275318025,14.462913680808942],[-90.58746191721409,14.466132736381795],[-90.58759849115431,14.47140694557816],[-90.59502462997727,14.478202510637951],[-90.5980828303583,14.478466420919506],[-90.6029027871641,14.473713699504588],[-90.60490762155321,14.473524073481633]]]]},"properties":{"FID":6,"DEPARTAMEN":"GUATEMALA","AREA_KM2":2192.558,"COD_DEP":1,"COUNT":17,"REGION":"Metropolitana","REG_NUM":1,"POBLACION":2541581,"VIVIENDAS":619636,"Perimeter":310.165909522,"Area":2189.48801914},"id":6},{"type":"Feature","geometry":{"type":"MultiPolygon","coordinates":[[[[-91.12041512922671,15.995982706270064],[-91.12591636790395,15.999935562777143],[-91.12901202457381,16.00076564590528],[-91.12953884611187,16.001816185259145],[-91.1272343989388,16.006932105705246],[-91.12703286060272,16.01695948805062],[-91.1240982485169,16.023927924890454],[-91.13031338590375,16.026180254993903],[-91.13237629084767,16.028466335274743],[-91.13197618242914,16.030858596890873],[-91.12655681429541,16.03429819110481],[-91.1183470540905,16.03623008390385],[-91.1170004271192,16.03821300469777],[-91.11828660794127,16.04055451569929],[-91.11827303967686,16.043119552246424],[-91.10718686609755,16.05274709760418],[-91.10741242620145,16.054897438127952],[-91.11199779356673,16.06325684145139],[-91.11200994659694,16.067045362535115],[-91.10769402976027,16.072184961444098],[-91.1075813938912,16.074335698832133],[-91.73124785200567,16.073692134843064],[-91.94216084993154,15.717608040778549],[-92.08021171212053,15.481152490460554],[-92.11779924089986,15.423715439740873],[-92.1136234065127,15.419641001028321],[-92.10929348302346,15.40980177255712],[-92.10362940235262,15.404244296202268],[-92.07870452511125,15.39667884267177],[-92.07747541284705,15.35254427514543],[-92.07776671323856,15.287278112212066],[-92.07677217740597,15.27764868833638],[-92.04381484645643,15.270881900559184],[-92.00882063633195,15.264966937987204],[-91.9563422190811,15.32097936886659],[-91.93712300151087,15.322057129618795],[-91.91099502643546,15.342191177367114],[-91.88120502762328,15.362207425297896],[-91.85630568159912,15.348006720376253],[-91.83621424532573,15.338357244295251],[-91.8221663984907,15.330452121065639],[-91.79642729370153,15.33074535373362],[-91.78141250621192,15.338086206880561],[-91.76197319943186,15.34593704603642],[-91.74320438646102,15.343184779543757],[-91.74166300464994,15.349077468332823],[-91.73022275796149,15.348061272583085],[-91.72978716459663,15.34413359707309],[-91.71631590762213,15.341435174372771],[-91.71400395290861,15.341750651659948],[-91.71020620613761,15.339807952496296],[-91.68277121888813,15.306121277886577],[-91.6713348750912,15.298936621223122],[-91.66405523728302,15.29271181195461],[-91.65336709640007,15.275845675437377],[-91.64056399075334,15.260360559919292],[-91.62439014494204,15.236913630419647],[-91.58500077378143,15.237058612834227],[-91.5684039262864,15.226174863711572],[-91.51981526577522,15.20761813838237],[-91.51146463550354,15.146114074897033],[-91.49426691096217,15.145433972681486],[-91.46843237999096,15.138952545970099],[-91.38735893534778,15.140887102622854],[-91.38174008923916,15.2106255650466],[-91.37347170352747,15.212562147503641],[-91.37238726588012,15.214619457062675],[-91.37065337313672,15.215342352374806],[-91.37122913836762,15.21725464972794],[-91.36934869095137,15.218497277910812],[-91.37031108704123,15.221346673812343],[-91.3664981546179,15.221135968578619],[-91.36586534110559,15.224361273157704],[-91.36317348869518,15.225120059914374],[-91.36277729610306,15.227604840426023],[-91.36011009022154,15.230808499551515],[-91.35682640686572,15.231950374825463],[-91.35087229830988,15.230779259984239],[-91.34982968936139,15.233698714188106],[-91.34754072566157,15.233877322437031],[-91.3457033641724,15.236866592492866],[-91.34277319339235,15.236381793822394],[-91.34141225573957,15.237512759257955],[-91.33922638885394,15.235447290044007],[-91.33627279261731,15.235209643335871],[-91.33061076492666,15.236552641648773],[-91.32884065963968,15.238434001464347],[-91.32716678916503,15.238515298063284],[-91.3231806819083,15.247209172899526],[-91.31909080939074,15.252224965035733],[-91.32374056695444,15.25899847854806],[-91.32242044362806,15.26382375170585],[-91.32589372883443,15.266738388897187],[-91.32596964054115,15.268099125194905],[-91.32267035751217,15.268255204642493],[-91.32052845787702,15.269429868367821],[-91.31809365335883,15.268511230190223],[-91.31752815044258,15.270984425810974],[-91.31457110194992,15.271780103193972],[-91.31204220719934,15.27484288604718],[-91.31031603033935,15.274226612310592],[-91.30940241823633,15.271399987645689],[-91.30634177980671,15.267769740057757],[-91.30422885220214,15.26685000199583],[-91.29979885254438,15.267608350923872],[-91.2948004822153,15.270655559563858],[-91.29500061173873,15.275126146310331],[-91.29370727778587,15.276541965925608],[-91.2885130322242,15.279453079513159],[-91.28648019615356,15.278341733467478],[-91.28598005028395,15.275370216568728],[-91.28461234880231,15.274044790569256],[-91.2818279912618,15.274983682933813],[-91.27922245431253,15.272828575415657],[-91.27472746454085,15.272049540013303],[-91.2745176663263,15.269099452565184],[-91.27359155981999,15.268361415076631],[-91.26503869167742,15.269866730274074],[-91.25774346729541,15.269217039267055],[-91.25477395715482,15.270942660971247],[-91.24947870471637,15.27175424570613],[-91.23802910458741,15.281552418917071],[-91.23334987531645,15.28158784133098],[-91.23110774616595,15.284934261140114],[-91.22474220168345,15.285722071020958],[-91.218234561505,15.284660452161198],[-91.21066224548352,15.284754809888366],[-91.20922628526453,15.284122020618529],[-91.20808043287626,15.281670555623384],[-91.20484091786045,15.280327437352584],[-91.19522290510514,15.285254418181317],[-91.19163937455818,15.286035444650258],[-91.18822789029362,15.285413666193184],[-91.1846049430043,15.29610791500078],[-91.18275219475325,15.305411197624492],[-91.18162555570666,15.321849437198706],[-91.17695139261383,15.33268962825052],[-91.1741337382765,15.343222921304422],[-91.16699438897885,15.35276725438159],[-91.15796720822641,15.362513698651476],[-91.15905358158732,15.366205214339601],[-91.17127554076491,15.386463912871752],[-91.24046086171188,15.379325459636766],[-91.30524170866471,15.42865198265007],[-91.31952842860025,15.463392348685922],[-91.31953112254648,15.555507849238413],[-91.2735773134246,15.585759419979043],[-91.27584874029257,15.590939754155542],[-91.27834864524374,15.591585171111195],[-91.28458312901193,15.595784261872032],[-91.29062593754453,15.595713850663678],[-91.29464055606442,15.598199788702098],[-91.29352673714111,15.603924174240618],[-91.29161521127072,15.603564774294515],[-91.2902206873501,15.604465561392088],[-91.28680268097173,15.603327352820301],[-91.2822468844744,15.605296922170279],[-91.28172993530094,15.613694120904674],[-91.27992494960851,15.617045226505113],[-91.27650931984503,15.615607506542693],[-91.27557820341526,15.61864460366513],[-91.27260447081613,15.619143123452295],[-91.27271975852058,15.62179983351438],[-91.27105125347278,15.622542433138133],[-91.26418895379645,15.62058820637449],[-91.25903212689786,15.617949189664188],[-91.25235550693304,15.62087160953503],[-91.2512516166536,15.623962541793441],[-91.24895323665147,15.623233674994836],[-91.24690443220776,15.624205750845249],[-91.2444737502073,15.62272570163051],[-91.24305266945177,15.62417494798253],[-91.24061706175594,15.624777862584375],[-91.23594700271872,15.629306332807465],[-91.23383106485748,15.629597696684252],[-91.23301208366554,15.631915875328966],[-91.23657651881513,15.633388224724872],[-91.2314088328186,15.639425136449514],[-91.23342712442503,15.642373918616917],[-91.23362255817106,15.647651977613558],[-91.2305815814443,15.650627729736112],[-91.22524249468668,15.650173369474317],[-91.2235195632001,15.647859500525207],[-91.21734182414966,15.643632011283525],[-91.2155846497041,15.643939653662528],[-91.21438957332009,15.64556899632749],[-91.21620206037889,15.648161540625923],[-91.21703906822597,15.652067789727884],[-91.21642093079804,15.654650711384207],[-91.22100894124007,15.657098624176633],[-91.22124674619391,15.660066934117093],[-91.21695170590138,15.662143260382836],[-91.21444502123103,15.660333524295444],[-91.21288271752883,15.66328714726447],[-91.20979570794913,15.662250927238123],[-91.20979221769088,15.665329092741745],[-91.20867460800076,15.665941237689674],[-91.20505835999349,15.665094910428525],[-91.19874970901486,15.666621158011356],[-91.19865796849535,15.667975930261404],[-91.2007757845725,15.669648223308341],[-91.20027949997717,15.67133290405585],[-91.20112274701165,15.674962484275191],[-91.19739461865133,15.677352546020657],[-91.19647691236766,15.680017626242176],[-91.19341187404116,15.679782228839988],[-91.19083900321179,15.68343668541127],[-91.18894868046527,15.684521270106272],[-91.18440025621476,15.693333942564717],[-91.16739120451253,15.698286436113355],[-91.16542844828669,15.700140560659],[-91.16556311102401,15.703856896922792],[-91.1679294435814,15.708713640665723],[-91.16829548513245,15.711858089548173],[-91.16610750243072,15.713258481019079],[-91.16097455281252,15.713272916292551],[-91.15815403136502,15.716406315190248],[-91.15781111996296,15.751316409374425],[-91.13968112642414,15.775711191362591],[-91.14608591063197,15.783845656267712],[-91.15272107389606,15.790042464238502],[-91.16239677854564,15.795990353175064],[-91.1694900746699,15.79862904732537],[-91.16791301635291,15.801649799254754],[-91.15518639344714,15.809198321171838],[-91.14746463416989,15.819577666053508],[-91.14735575017882,15.82096383935435],[-91.15248371695229,15.83206488251019],[-91.14349242115304,15.832165440461278],[-91.09266169028874,15.80086094638598],[-91.06161953564329,15.913109372386323],[-91.05934903491313,15.918905930112768],[-91.0528379273556,15.916005451114337],[-91.05177533204002,15.916772959279282],[-91.04712206089032,15.937657111269006],[-91.04816653684422,15.93877686768432],[-91.06744268175238,15.94606418911662],[-91.06122520200101,15.969883772185947],[-91.06404914689713,15.970533812534104],[-91.09462228491576,15.969615064971475],[-91.09728260933015,15.971842302182626],[-91.09779248985737,15.973734242465298],[-91.09423473994578,15.978609390863543],[-91.10034030545917,15.980283139930117],[-91.10403254807235,15.985351146204405],[-91.10808671152147,15.994417424009333],[-91.1105965119377,15.996060376601838],[-91.12041512922671,15.995982706270064]]]]},"properties":{"FID":7,"DEPARTAMEN":"HUEHUETENANGO","AREA_KM2":7360.859,"COD_DEP":13,"COUNT":32,"REGION":"Nor-Occidente","REG_NUM":7,"POBLACION":846544,"VIVIENDAS":196257,"Perimeter":448.231309841,"Area":7361.81839088},"id":7},{"type":"Feature","geometry":{"type":"MultiPolygon","coordinates":[[[[-88.51662921408685,15.90929146775281],[-88.544568184715,15.937076550146664],[-88.55345864017205,15.944297217020114],[-88.58357032708184,15.959816667943079],[-88.59103746207605,15.962561387358482],[-88.60770017813334,15.966118523204036],[-88.61879523590815,15.96560781342951],[-88.62306754808446,15.96346181085483],[-88.62325037060118,15.961431994505716],[-88.62024188456729,15.954311957200868],[-88.6197571737483,15.948984909847661],[-88.61260975978556,15.935805108868434],[-88.60872498776892,15.933961785824927],[-88.59787432577026,15.93289025619718],[-88.5893043473737,15.922552028749056],[-88.58608037071537,15.921145755872805],[-88.57868647223228,15.920389960223883],[-88.57372673349313,15.916021743970008],[-88.56472995617995,15.91154788230258],[-88.56272314980563,15.908334735159881],[-88.5620544676685,15.904099744321364],[-88.55702346370565,15.89776408752896],[-88.5532336571923,15.895876912254346],[-88.55344234935808,15.898962848833],[-88.5510970131801,15.896458424939047],[-88.54975682226159,15.892342616484722],[-88.54874287534211,15.879678493728196],[-88.54742705751337,15.879696450025188],[-88.5467455954757,15.881290831024783],[-88.5401955992831,15.875861470099595],[-88.53448137031923,15.876480531515604],[-88.52531386862513,15.8725611410503],[-88.51115749561755,15.86987683556337],[-88.50975331871568,15.866586963490732],[-88.51152338505798,15.860648990793607],[-88.51031617021142,15.856826728815594],[-88.5081236659871,15.855798358313415],[-88.49619838357108,15.85527638166504],[-88.49125689481995,15.849800634659651],[-88.49230293301956,15.841377274431098],[-88.49447405751037,15.837644533183159],[-88.49831835836983,15.835476002793456],[-88.49993011922815,15.835405825856025],[-88.50231140730563,15.837464918491616],[-88.50678775453619,15.835879657504954],[-88.5152205516508,15.837496119061798],[-88.52350994262883,15.840370558440679],[-88.52859492919315,15.839961724438167],[-88.53990825147109,15.847007611456037],[-88.54422219473709,15.84810192646306],[-88.5468697071181,15.84523037805542],[-88.54645762902169,15.841938520462413],[-88.54717604191349,15.840746132885485],[-88.5522529111795,15.836517766255234],[-88.5527089326027,15.838872743097356],[-88.55063118917059,15.84207961521285],[-88.55727422187535,15.847465295834661],[-88.5603432571579,15.851683031332373],[-88.5612684124796,15.854739732228815],[-88.56509556820187,15.853857913968364],[-88.5656772294129,15.830404402933485],[-88.5648084777646,15.825829461234711],[-88.5633870992022,15.822248640909862],[-88.56000614407283,15.819633106166354],[-88.5547045249614,15.811659085258547],[-88.56155831553279,15.79504984155344],[-88.569403899113,15.781181350333307],[-88.57595431445645,15.772759568711406],[-88.58007317257227,15.768979396820589],[-88.58381722475704,15.762264160548765],[-88.5837639034144,15.758331411634053],[-88.5810214005251,15.75608667431138],[-88.57960463823505,15.756527918082831],[-88.57965500514707,15.760593596980721],[-88.57678381405532,15.760043740803432],[-88.57544554951595,15.757939101535753],[-88.58098156574819,15.748335275995581],[-88.5864868731042,15.743353218380136],[-88.59031555580187,15.741219261533878],[-88.59589455978539,15.742405343403965],[-88.60112197686614,15.74065679674684],[-88.60318139505434,15.73714653026229],[-88.60583707996453,15.734831849928039],[-88.6059354895482,15.732421569047217],[-88.60381789403307,15.727933050629051],[-88.60448404608809,15.720553018825646],[-88.59936736633321,15.715021047095744],[-88.5959578025077,15.712718036366384],[-88.59589822617679,15.709053382126106],[-88.59673142083837,15.707864089127028],[-88.60349716359767,15.70637064951022],[-88.60317462631019,15.705269608815529],[-88.59972479771663,15.704842697676233],[-88.59946754011803,15.702871635076493],[-88.60092851757176,15.700353582847875],[-88.60371747448953,15.69933781722225],[-88.60741360066046,15.700105521996685],[-88.62029105612628,15.694264912477173],[-88.62940620758373,15.697218473709507],[-88.63029378910227,15.69453307984896],[-88.6343405152799,15.692916416116754],[-88.63752710543714,15.695950494953667],[-88.6418217849385,15.695724064030282],[-88.64480625741524,15.697436243206793],[-88.6474209670761,15.701353873382237],[-88.64619803142648,15.703563739348525],[-88.647301156903,15.709147767706229],[-88.64603712041266,15.715444318629917],[-88.64085417581938,15.71732923107065],[-88.63886965480422,15.719523776784008],[-88.63619628249405,15.719447710961672],[-88.63728782878204,15.724496057876543],[-88.63330082333357,15.727588293585015],[-88.63471269337157,15.72951603620034],[-88.63436388216111,15.731787245724398],[-88.63098012169503,15.732568205915308],[-88.62703169044646,15.730612064943827],[-88.6260550741949,15.730972333778883],[-88.62615524794148,15.732762170513286],[-88.62971701776335,15.735547000363624],[-88.63331738168873,15.74191951997921],[-88.63296133645628,15.744525369271994],[-88.63060116550191,15.745952442160204],[-88.62775070371262,15.74551642081263],[-88.6272147587886,15.741439644260831],[-88.62540953543525,15.741738156937638],[-88.62460049741723,15.742884089683256],[-88.62530951265543,15.748549258708987],[-88.62729956660759,15.75255495061949],[-88.62994140022985,15.754149010510353],[-88.64188304314997,15.75664544838852],[-88.64935218414735,15.760101341180341],[-88.66436296688984,15.771280805160286],[-88.6753079586339,15.777351961247156],[-88.6790377917026,15.780955832174762],[-88.69067620445763,15.787017681138662],[-88.71728643105322,15.804211301319565],[-88.72372370998492,15.809722670951967],[-88.72467195740882,15.8129138091431],[-88.72667165757451,15.815499988189448],[-88.73090629612307,15.816772830136584],[-88.74093691389784,15.810009642214487],[-88.74481120942269,15.81064265300254],[-88.75139118004489,15.81386644009344],[-88.75509200095307,15.811801368380147],[-88.76038329357728,15.806226093843478],[-88.76578972844723,15.80287954030208],[-88.77297037800405,15.80156069738441],[-88.77924530906297,15.801771953502666],[-88.78022784979194,15.799876667238884],[-88.7794314950774,15.797233098926275],[-88.7733783399414,15.792995610681439],[-88.77154518423808,15.790464884994865],[-88.77419233037567,15.787020250105906],[-88.77640370442234,15.774659165258484],[-88.77955340563683,15.773606459980805],[-88.78327662762221,15.781517918947713],[-88.78546214199673,15.782585200671809],[-88.78966961133187,15.782666819766511],[-88.79750243607042,15.779811590496697],[-88.8018759872313,15.775196861219662],[-88.80349019552983,15.7716426743251],[-88.81210560827216,15.770962150181504],[-88.81819459842355,15.774954612895526],[-88.82041949261578,15.774084155137658],[-88.82234150853878,15.775604909674435],[-88.82513425436565,15.772194907899324],[-88.82992819394497,15.771326327216837],[-88.8299711846865,15.769225475355785],[-88.82853134721586,15.768549525326026],[-88.82602730739558,15.770290799563929],[-88.82436724033707,15.766839192470796],[-88.82555751621881,15.76616864202573],[-88.83092840274145,15.767568360040046],[-88.83136131144077,15.764447820642982],[-88.83637594090037,15.76519224777452],[-88.8372123743886,15.762661204418533],[-88.8331790271755,15.760192481881035],[-88.8350128353864,15.758508153638669],[-88.83640110561883,15.76056765466265],[-88.83846463334781,15.761232931847735],[-88.83951401755448,15.75953241630417],[-88.84146183010934,15.759078076460288],[-88.84204986586647,15.755133966077773],[-88.83938108372705,15.75474805696227],[-88.83869233882677,15.753439358073889],[-88.84136613293259,15.751322266185188],[-88.84558765628503,15.754755066640103],[-88.84786107361725,15.75529008041968],[-88.84715940901162,15.751209680061933],[-88.84327130119227,15.747270266178495],[-88.84394887704157,15.743439466772367],[-88.84842658921129,15.73882198404134],[-88.85322094907228,15.737348335315092],[-88.85310874763526,15.73321263977843],[-88.85858431011864,15.727127735936342],[-88.85898251667528,15.721693764431503],[-88.8637225259912,15.720611130380767],[-88.86517737600003,15.719387152301575],[-88.86532261216513,15.71790378935596],[-88.86359806611627,15.717067125774475],[-88.86399867809469,15.716080224561779],[-88.86806849915361,15.712727372127105],[-88.87143084016886,15.713595018216694],[-88.87633985820486,15.708101948115424],[-88.88128413748605,15.707726307275184],[-88.88310712652537,15.703671003057135],[-88.88217783939497,15.698279433924135],[-88.88631535815405,15.692682353626749],[-88.88943109297429,15.685701533105087],[-88.89683242603033,15.683528030558207],[-88.89899762320789,15.688865022402254],[-88.90407751327746,15.688032362481723],[-88.91088534940953,15.693087625377016],[-88.92078930039459,15.696156263195295],[-88.92459635865632,15.696093199784496],[-88.92918064711343,15.69352994365629],[-88.93103921010578,15.694604276845675],[-88.93624022808496,15.695215377529612],[-88.9378159911031,15.694294105771213],[-88.93999623600115,15.690711541721427],[-88.94205398478178,15.690694545267856],[-88.9437191513245,15.687312088416919],[-88.9462857662119,15.68484169808999],[-88.94638448695801,15.679849148420436],[-88.94831833785304,15.677379370297688],[-88.95046793251542,15.668665195768144],[-88.95170485247893,15.668887700670586],[-88.95123128797341,15.670767762434235],[-88.9521953691213,15.673168370019335],[-88.95585480318772,15.67240051918873],[-88.9571784785325,15.674630726868491],[-88.96291366727681,15.672364128906928],[-88.96592626319759,15.672319393071568],[-88.96875970234038,15.669130715093306],[-88.97471661435539,15.671925517128455],[-88.98076820000351,15.669363119630297],[-88.981890278068,15.670164114079357],[-88.98534638351764,15.66860147231455],[-88.98732259605187,15.665128340403728],[-88.99205554504198,15.665883881384183],[-88.9931093869665,15.662550512125039],[-88.99198369115473,15.659578664653216],[-88.99442813748954,15.655658406499754],[-88.99547603252759,15.6561455903644],[-88.9959705198093,15.65848224649444],[-88.99706060147335,15.658000364554406],[-88.9975074828431,15.651582809267444],[-88.9959397109665,15.65062940227863],[-88.99616354260971,15.647414995063325],[-88.99398021638822,15.641471465512309],[-88.9916443893336,15.63771403414906],[-88.9865924618193,15.634253052348274],[-88.98119375149213,15.624902423729383],[-88.98100805129643,15.622016619311646],[-88.98504505991527,15.614278995950608],[-88.98614520362332,15.61341727090944],[-88.98807968485178,15.614167635594923],[-88.98873600377019,15.613598872931691],[-88.99159046472262,15.608543655874199],[-88.9934493884149,15.610186867033947],[-88.99962105054472,15.610019839289121],[-89.00392598155541,15.60860745431918],[-89.00283325079401,15.604922436368861],[-89.00031007541891,15.601858668710427],[-89.00027930294935,15.599276749452047],[-89.00181701102824,15.595494182532663],[-89.00502926820899,15.5927479996681],[-89.00504343013235,15.590815330241899],[-89.00142821987734,15.57926251817204],[-88.99980100333805,15.577557103403164],[-89.00026137003744,15.573431245071813],[-88.99716623602316,15.571351769851953],[-88.99236094359902,15.571252944348783],[-88.98701639167288,15.557378219973224],[-88.98564129159915,15.551598438540422],[-88.98620294441528,15.541685969453129],[-88.98261229448087,15.526535173395088],[-88.98330424834495,15.509854333776579],[-88.98492517302705,15.507079224052694],[-88.98846219513388,15.50475167624396],[-89.00011444093353,15.501683753741633],[-89.01185386310904,15.488676785705362],[-89.01511771014214,15.48855637848341],[-89.0212787787482,15.485751066531936],[-89.02209808109716,15.48447566812539],[-89.02155109444567,15.478755998052968],[-89.02247127724466,15.475822350493772],[-89.0272416951219,15.47158316925374],[-89.03133442426352,15.47088527386926],[-89.03175463177652,15.468791784051167],[-89.03573308627094,15.4631645052737],[-89.03813686549498,15.461598232548566],[-89.04128064507587,15.46168834036543],[-89.04945867304514,15.453341144577397],[-89.05374465408136,15.452121759774766],[-89.0582338468761,15.449317959931864],[-89.06336648682948,15.44110073517616],[-89.06745290570358,15.440089493227699],[-89.07184699767225,15.440458431692775],[-89.07618414255073,15.435886419291876],[-89.07971419619345,15.427075171631177],[-89.08166340920877,15.425747216069691],[-89.0859746780681,15.424972981156335],[-89.08819817488235,15.421291490497591],[-89.09152840456454,15.418791137495615],[-89.0976986363493,15.416586565225368],[-89.11058166355254,15.418891466198478],[-89.11940261620336,15.41290921442134],[-89.12317021531189,15.408526728781414],[-89.12897737092456,15.406628351272305],[-89.14335711473923,15.406498559254928],[-89.15221545542835,15.404036663999879],[-89.17246216630889,15.406923378445708],[-89.17776707639484,15.405361228518673],[-89.18516675743297,15.40833883463466],[-89.18864899732137,15.407548181761513],[-89.1941249826581,15.408593009662695],[-89.20293549582472,15.408151726809797],[-89.21840738157495,15.415836877412708],[-89.2327846322808,15.41408039023122],[-89.25108797399209,15.416928435868384],[-89.26024373869129,15.41653473658693],[-89.26554485209772,15.413270373033416],[-89.26952759614485,15.40897296555075],[-89.26937911747646,15.407617948992922],[-89.26723849221453,15.407481567672377],[-89.24857114153012,15.415270570416949],[-89.24479245138498,15.411395086790064],[-89.24467909160406,15.408095981181608],[-89.25153344106309,15.404937189108074],[-89.25416396463432,15.404757109333259],[-89.25660113518975,15.401837142748143],[-89.26068888277506,15.400665177485216],[-89.26318955087102,15.3987061366433],[-89.26502628446258,15.390723448718077],[-89.27068917761294,15.383261788599723],[-89.27092430222123,15.376525660231401],[-89.2727811754049,15.373807736195802],[-89.27742553856693,15.371112759285305],[-89.28207440836061,15.37077763584118],[-89.28551323914127,15.371739785375901],[-89.28994885791491,15.370417260837003],[-89.30326326135369,15.360143226204091],[-89.30530873105084,15.35648834547424],[-89.30444399548801,15.353936933792257],[-89.3054239703723,15.353874228690183],[-89.30734059223597,15.35462461154469],[-89.30828766327672,15.357421051921959],[-89.32366330716663,15.36481750356566],[-89.32916458711435,15.36841899459255],[-89.33378248091411,15.37444142948829],[-89.33592336863367,15.373557292592759],[-89.33577634679271,15.379001419430857],[-89.34032602579073,15.386320017277562],[-89.34147151628707,15.39329149525637],[-89.33185211004886,15.400420491120519],[-89.32553009219608,15.400864240183976],[-89.32469919296895,15.403578245460873],[-89.33070683872926,15.418387027907247],[-89.33439580166961,15.41831489220352],[-89.33975220671998,15.415138552489937],[-89.34293478610006,15.411972492891714],[-89.34089738607982,15.415554536345585],[-89.33542139798887,15.41895117022477],[-89.33247204359951,15.422201028186473],[-89.328592995552,15.421968765937148],[-89.32746092416781,15.424343864355029],[-89.32241582606362,15.42593548933467],[-89.32150530665795,15.427909224431536],[-89.32563301070915,15.430370372230461],[-89.33027528870387,15.438987041782488],[-89.33780026771997,15.444946150194458],[-89.34178909448451,15.451406244019816],[-89.34342106822582,15.456932788967066],[-89.34601311766149,15.460284379181978],[-89.34885856631614,15.459705228644488],[-89.35627612621718,15.45077306364374],[-89.36455468316018,15.450585354331325],[-89.36373710275373,15.456474373938782],[-89.36286833479033,15.457398715435579],[-89.36007412559968,15.459007765655997],[-89.3574147478024,15.462116025193543],[-89.35369906032463,15.46366467542063],[-89.34982465778012,15.463615462123268],[-89.35454539019263,15.4706312996505],[-89.35577847999429,15.47129352760454],[-89.3580014243595,15.470732232401199],[-89.3587283806968,15.467413940995618],[-89.36154361585427,15.46327937348192],[-89.36699273569015,15.460149178356021],[-89.36952048524283,15.461912213754987],[-89.3696860991857,15.462987800307285],[-89.36774446600961,15.471228636347044],[-89.36904124299791,15.472211109769237],[-89.37119588211543,15.471597786043965],[-89.37435511556795,15.466238973190869],[-89.37543798318815,15.461002900061981],[-89.37742526931743,15.459404121252524],[-89.37652029112881,15.457064178488261],[-89.37852373724007,15.45720865016788],[-89.38015572522629,15.46011892197276],[-89.3816740776917,15.460300566726804],[-89.39486880852589,15.451796217529237],[-89.39547199389344,15.452901498239042],[-89.39265049597455,15.454756520457346],[-89.39034919144186,15.45854125619054],[-89.38659045976173,15.459934134677692],[-89.38544573960603,15.462150338529552],[-89.38584010139095,15.464661309498979],[-89.38972951198784,15.469017492538038],[-89.38999074859055,15.4738728896489],[-89.39167165894601,15.474012009906634],[-89.39999304118344,15.467418033032565],[-89.41095921638987,15.454444861714215],[-89.412090148759,15.454395500384985],[-89.41210065802188,15.456452368053816],[-89.40619030169621,15.46096289023584],[-89.40254483232751,15.46647012553164],[-89.40289919746976,15.467336691023228],[-89.40453393905706,15.467453520753258],[-89.41276189154075,15.466244536057557],[-89.4144819728307,15.46674287809379],[-89.41459881492364,15.46799594094347],[-89.41264258465313,15.469149960123055],[-89.40969794884232,15.467447130516968],[-89.40718619792086,15.468703771770166],[-89.40043488579214,15.477849617030735],[-89.39995853797384,15.48137419406866],[-89.3939058869813,15.480749807549158],[-89.3909568310827,15.479338849954926],[-89.38433526794553,15.495506665040827],[-89.38037611998854,15.501745965102465],[-89.37482919480182,15.507780822479303],[-89.37069195029392,15.50966903677059],[-89.36177961152181,15.511690565665726],[-89.35694196428962,15.518006128676696],[-89.35504509663699,15.518354971984449],[-89.35208509525062,15.51620433581644],[-89.34908992413565,15.516088226219871],[-89.3394634682175,15.521964102650346],[-89.32882422996619,15.523799772027683],[-89.32304134057922,15.5274148422101],[-89.3197142175854,15.527806047316746],[-89.31305640287614,15.531338505002479],[-89.30893387656359,15.53107998295235],[-89.30592641022392,15.529039670513097],[-89.30568224464767,15.527202456794141],[-89.30186905552989,15.523829889058149],[-89.3010689288115,15.520842872388195],[-89.29821604808629,15.517911662228883],[-89.29024912486767,15.519901943404694],[-89.28672104883964,15.517360846981294],[-89.2826509492957,15.518030034945395],[-89.28192743593063,15.519805797721427],[-89.28009014488494,15.52069191785748],[-89.27732790282704,15.52044338626506],[-89.27431694665965,15.518627155052396],[-89.27137655502638,15.520588756834542],[-89.26708255072364,15.520896258239702],[-89.26214533094229,15.527452200084289],[-89.25492215951745,15.531621714486013],[-89.24651739701646,15.54245425998381],[-89.24391647007452,15.552380365777095],[-89.24425938136535,15.5550911746023],[-89.24641470462421,15.558279599279503],[-89.24411853672052,15.56284493752594],[-89.24084626824857,15.56524808787738],[-89.23231926571968,15.566220030859762],[-89.22471094054012,15.572415293029486],[-89.212214153765,15.568511891818412],[-89.20074963333407,15.568716802394016],[-89.19478559361377,15.57076016976884],[-89.19290231079275,15.574102386879376],[-89.18729626414807,15.57921405959815],[-89.17942157635835,15.579814968715292],[-89.17504275457682,15.5783965652263],[-89.17310929102668,15.574473821899515],[-89.17041021499499,15.572058179500612],[-89.15861921614118,15.567493113106835],[-89.15943186029257,15.564713473225465],[-89.15240662790185,15.564255703299898],[-89.14912568589395,15.567081192815593],[-89.13173828190205,15.5696149075214],[-89.12971001357273,15.572015425846494],[-89.12933721214486,15.575920334130249],[-89.12753937303043,15.579554253152521],[-89.12039450919535,15.580591057556664],[-89.1161640413983,15.582393083278795],[-89.1103691797103,15.58153152718957],[-89.1068068345067,15.582115820494614],[-89.09669346195672,15.577958505705563],[-89.09325467063752,15.581763614767407],[-89.08276669637624,15.585198311961914],[-89.07935803072299,15.588623582828285],[-89.07055993851122,15.589085515126483],[-89.07013687949772,15.592541437662323],[-89.06689591127878,15.59386834753613],[-89.06683647989952,15.596984526621405],[-89.06538820400895,15.597997277477846],[-89.06497104855097,15.601105908967535],[-89.06282831511743,15.601067479533825],[-89.06208041073087,15.602786356284664],[-89.0563705817653,15.604170244180754],[-89.05554890471106,15.606122339142585],[-89.05255930923,15.608101965670082],[-89.05241932427384,15.609395269782821],[-89.05471068824306,15.61015263744269],[-89.05578635830045,15.612988070122638],[-89.0520475272141,15.616741728458548],[-89.04570583924767,15.619131115009049],[-89.04020867624591,15.617176714312157],[-89.033578836876,15.618934605495074],[-89.02722391129234,15.62317718163484],[-89.02702313477366,15.624022738989385],[-89.02925820011875,15.626521752325349],[-89.02784434706199,15.628082879606945],[-89.0213681278254,15.629037871979943],[-89.00879103915689,15.6282734593936],[-89.00282017897938,15.630532838935867],[-88.9985996899383,15.634099458838588],[-88.99411114563684,15.636005577311371],[-88.99387319108564,15.637527020626072],[-88.99988574187485,15.638672174488935],[-89.00408267050165,15.64153315436133],[-89.00130233383591,15.646796219643385],[-89.00177089912727,15.65046875040565],[-89.00039055543976,15.652291859672616],[-89.00107411150383,15.654365827852766],[-88.99945099884796,15.658044095906972],[-88.99990029779829,15.659177777902608],[-89.00286527389328,15.660378876529112],[-89.00300561573127,15.661450523006415],[-89.00054316245364,15.662742979730037],[-89.00056975514407,15.667889252200217],[-88.99663954124252,15.670757270964566],[-88.99120730585005,15.671648967043009],[-88.98784167515942,15.676231097146434],[-88.9865609695884,15.67294513455095],[-88.98535551912806,15.672833905084818],[-88.98315488817258,15.67367307515758],[-88.98321789187504,15.675745817310956],[-88.97997488401326,15.67521818516318],[-88.97718777564292,15.679577297687604],[-88.9742368516098,15.677629551099884],[-88.97204383986038,15.678669455712535],[-88.96973893353501,15.677791334076202],[-88.9687242726471,15.68029072808303],[-88.96688703041882,15.680757507220047],[-88.96563774801338,15.677637836048577],[-88.96377934230166,15.677436616771448],[-88.96281276179184,15.67808183052347],[-88.96278705305454,15.681722615532083],[-88.95902628359492,15.682366892158917],[-88.95676437953851,15.684563452871332],[-88.95151780385459,15.684760578463617],[-88.94235804060067,15.695736277821966],[-88.9460847383254,15.699736529003692],[-88.95046431447813,15.70866658800175],[-88.95030113122917,15.71164734027067],[-88.94213119654066,15.716455983688308],[-88.94430755771492,15.718396575885217],[-88.9418132156587,15.71969092331354],[-88.94106895191864,15.72117457814757],[-88.93975548612038,15.720512992811638],[-88.93988967835983,15.717800124196375],[-88.93644299426755,15.71651804617608],[-88.9297028476639,15.721325697893652],[-88.92475965770329,15.722205334529557],[-88.9243744065707,15.724186135892143],[-88.92864204261276,15.73174098244633],[-88.92856386173975,15.733940657264938],[-88.92531609887543,15.735958131621754],[-88.92286812572637,15.736080326537715],[-88.92200745711362,15.733528184383658],[-88.91788960203388,15.73119354932146],[-88.9168007532502,15.73144151276106],[-88.9165454440006,15.73323527358715],[-88.91419036734992,15.73331401252584],[-88.91182226851755,15.730610668110527],[-88.90956363965039,15.730467907558333],[-88.9047967552253,15.73290867726646],[-88.90361503910965,15.735319815742331],[-88.9043064324166,15.737679359353926],[-88.9032056287302,15.739624055150035],[-88.89290696451995,15.742358354332428],[-88.88710928584052,15.74725421154061],[-88.88126978730726,15.749651486434507],[-88.87693556070342,15.754039073336155],[-88.87557082591904,15.754191354369416],[-88.87547367301752,15.753295354540763],[-88.87653647102204,15.748667671431797],[-88.879186160646,15.74657323032698],[-88.88593024893059,15.745069228997131],[-88.89007680812217,15.741974552910149],[-88.88774530774398,15.74203651064245],[-88.88650639586568,15.743979601106501],[-88.88481289901343,15.744416659939548],[-88.88452987129992,15.743584795179867],[-88.88673137267244,15.740816482294173],[-88.88262999363346,15.743979594806525],[-88.8800865834886,15.74424380277461],[-88.87650896564223,15.74660032058838],[-88.87337913050223,15.747334794468985],[-88.86852591158174,15.756850619597474],[-88.86905172857206,15.758223825661316],[-88.87139047253942,15.758961687823277],[-88.87176237242127,15.759973404893485],[-88.86851662277537,15.761878217943659],[-88.86724256792459,15.766658516315808],[-88.86387737111717,15.76876166160965],[-88.86210470100211,15.771968491148074],[-88.86338717793974,15.77357937263587],[-88.86129754718213,15.7781986051062],[-88.86339197592498,15.779019891284506],[-88.86329593117317,15.780337294976766],[-88.86071992925967,15.781639018046983],[-88.85921392339266,15.783633121815264],[-88.85311278958568,15.785204618730107],[-88.84772035189485,15.783227610242932],[-88.84689995814962,15.784970867219673],[-88.84905151670435,15.786615360297006],[-88.84873113466598,15.787679261001363],[-88.84079075325369,15.786792141454807],[-88.83319452401405,15.79156807684719],[-88.83133118391463,15.791577396020099],[-88.82702430920449,15.78848758244762],[-88.82500488442301,15.783760599437333],[-88.8184077361863,15.776851778737754],[-88.81064318379592,15.773851893182039],[-88.80757745317345,15.774193012022886],[-88.7997488876026,15.782416662355303],[-88.7923248830659,15.784388058438088],[-88.78278185887251,15.78320061396169],[-88.77798477388185,15.777161255954804],[-88.77587963374233,15.787743081461233],[-88.77359276462346,15.791529607218985],[-88.78043737387104,15.796428501686062],[-88.78216548220443,15.79962459429345],[-88.78156204454821,15.802106774681],[-88.78015810942419,15.803237354460677],[-88.76908352113544,15.803767969425524],[-88.76510846515065,15.805761472511943],[-88.75927192851157,15.810992513360812],[-88.7555288733121,15.817310579157152],[-88.75296404623253,15.818952575700411],[-88.75119526845795,15.822146801570154],[-88.74755723920424,15.824260335610754],[-88.74748844782741,15.826432620236389],[-88.74927879652668,15.830222025301861],[-88.77942566495035,15.848864285086202],[-88.79436984229147,15.859500902087685],[-88.80488584472725,15.863324390371568],[-88.81531871599888,15.864487228658183],[-88.82867075561938,15.873013287483348],[-88.82987397185724,15.8728797898808],[-88.83696009540652,15.86396702823993],[-88.84039706848266,15.865217084983112],[-88.85293777082258,15.866106387947866],[-88.86110128533369,15.860877722035804],[-88.86866661176279,15.86120057043569],[-88.87335856342924,15.863190108793964],[-88.87678494520287,15.861601356402991],[-88.88213408657712,15.861927690676922],[-88.8857111228972,15.864274616429443],[-88.8903440614244,15.870306207632087],[-88.90626259700521,15.893713933616107],[-88.90916622678257,15.896272263627887],[-88.91150044919773,15.89700208342364],[-88.91272658956674,15.899316602784015],[-88.91712849694787,15.89459746709712],[-88.91938225320861,15.893485419484195],[-88.92628081644706,15.892609907285129],[-88.93059712754393,15.890269194663498],[-88.94715682200408,15.889238845672102],[-88.95408701885604,15.88794348681894],[-88.95785754959564,15.88814717860016],[-88.96776820599993,15.894391475928245],[-88.98283922208297,15.8958092404968],[-88.9904784026307,15.902900168677998],[-88.99368662617925,15.903628502305848],[-88.99710954219091,15.902845142611664],[-89.00291090607914,15.898141902563008],[-89.01996828642008,15.89458118887099],[-89.02106691046939,15.895866761240795],[-89.02100050880284,15.898055593181326],[-89.0176627681962,15.906878259440086],[-89.01898821646184,15.909930681301532],[-89.02136118874529,15.910834935297066],[-89.03139573982433,15.911433736674272],[-89.03814821242092,15.914518257521324],[-89.04096045988231,15.914783065819323],[-89.04299861363363,15.912742030916874],[-89.04536725232282,15.904415255626153],[-89.04752021006487,15.902364971499237],[-89.04983943263184,15.901881911851536],[-89.05164294322877,15.903546806300279],[-89.05089616923135,15.911014735838291],[-89.05161672462015,15.914335671759144],[-89.052712588902,15.91616580635703],[-89.05500313447922,15.917158447905157],[-89.05865991849885,15.915570894882116],[-89.05937670491636,15.909628213975573],[-89.0637025347376,15.906891149756968],[-89.06263316082372,15.901903758983146],[-89.06344708398504,15.900443474111068],[-89.06519391010693,15.90086668039952],[-89.0723440971329,15.909082096850971],[-89.07398127221822,15.909815650325369],[-89.07593869288506,15.907114117790176],[-89.07714042362328,15.899363202899472],[-89.07796421625895,15.897959407266184],[-89.07948372461352,15.897606952167708],[-89.08273277797551,15.905153441359149],[-89.08655026006949,15.909569302382573],[-89.10260932621335,15.912799241188091],[-89.10461361763335,15.911851993528026],[-89.10860715444615,15.907197354899958],[-89.11511518816883,15.90747031487614],[-89.11650438686642,15.906685542978417],[-89.116563937301,15.90419408447188],[-89.11281083870816,15.899969278990625],[-89.11380125646146,15.897131429413639],[-89.1155041915861,15.897451943504356],[-89.1177341717519,15.902187285213385],[-89.11962500886646,15.9035284743316],[-89.1227079181339,15.9029692256832],[-89.12647521520282,15.899812364736468],[-89.12818249220592,15.899909549314009],[-89.12939694647947,15.901641168382703],[-89.13013094118855,15.906126291460977],[-89.13276881295515,15.907660120466058],[-89.13614328414157,15.906333323495794],[-89.13752317691203,15.902435320393408],[-89.13935069995546,15.901060450661053],[-89.1497766507675,15.89695516375883],[-89.15275679412375,15.898728330781429],[-89.16151966731668,15.899455093754513],[-89.16321381640053,15.90389980241765],[-89.16807800130742,15.906825182370845],[-89.1692588215282,15.910935926357118],[-89.17583013882069,15.913991885319826],[-89.18114748934003,15.910700128448148],[-89.18697519823749,15.909137308751356],[-89.18597799396538,15.90197880990755],[-89.1868946065074,15.898709374447813],[-89.18896560303808,15.898500072003943],[-89.1967494297838,15.902810742012726],[-89.20322593269226,15.898029548247028],[-89.20912126046278,15.898368925680426],[-89.21428687319714,15.895106196472417],[-89.21452371195154,15.893568438267502],[-89.21258845595925,15.892070413675341],[-89.2149945143196,15.890614687157766],[-89.21635342322523,15.887721612873257],[-89.22112860469944,15.886184349192641],[-89.22406081565181,15.888096779470512],[-89.22460661899146,15.895381692630293],[-89.22712372553352,15.897873392507408],[-89.23030799744332,15.898063263570162],[-89.2301946440416,15.902890124694371],[-89.23368777639445,15.908181543350874],[-89.23797397464725,15.911207132980808],[-89.24087908493762,15.911503691626647],[-89.24905664191564,15.91653027633262],[-89.25547727891572,15.91722280475996],[-89.25893386431174,15.916422147805362],[-89.26345580807256,15.919876686704736],[-89.26705328163739,15.919591587982602],[-89.27326960891573,15.915105864585959],[-89.28080888011654,15.91592864705447],[-89.2913007132196,15.91445567216381],[-89.30596741239292,15.917770093971017],[-89.3145519487508,15.916407665347984],[-89.31735576709367,15.919115550454892],[-89.32476227983341,15.915195550457483],[-89.33143031488935,15.914404380314835],[-89.33509980873464,15.916511993327417],[-89.33646408582796,15.919643051635134],[-89.33879565828191,15.920352746522251],[-89.3436127027693,15.919104485410289],[-89.35504646960455,15.920493896519412],[-89.3638071071796,15.918361929774692],[-89.36622446544824,15.916904548335415],[-89.37752693280702,15.9056758061467],[-89.37777043994846,15.901131273451329],[-89.38102180925827,15.892432627056166],[-89.3796502001692,15.889022977551075],[-89.38041395297498,15.887023188697428],[-89.38449193221544,15.882463866421164],[-89.38961401118755,15.8821580629723],[-89.38981576861646,15.880551573100005],[-89.38752802270815,15.877361304465085],[-89.3825464103268,15.876271671246306],[-89.38233479016105,15.874546591667443],[-89.38578052568336,15.87172635209827],[-89.38835908761789,15.874161115069636],[-89.39172508065509,15.873882275255847],[-89.38811576650603,15.869014971162182],[-89.38943526501498,15.86757267709157],[-89.39179624179874,15.868580040559976],[-89.39269646124147,15.86796894083216],[-89.39146792863329,15.863029716768226],[-89.39257977258316,15.861561365165883],[-89.39577717560468,15.862296074795191],[-89.39937967968156,15.867520775347524],[-89.40254155337125,15.867014968282566],[-89.40687461540298,15.859093975539293],[-89.41388889495647,15.854940239884579],[-89.41144783759937,15.851937196138493],[-89.4112857197336,15.850000826509397],[-89.40863575052624,15.84833569447425],[-89.40872456565792,15.84723607726198],[-89.41084230676198,15.845025016318063],[-89.41129120472348,15.84708911114961],[-89.41630463613683,15.84635536908129],[-89.41713653945136,15.845016455485226],[-89.41694213800007,15.842297719149688],[-89.41925274029552,15.84027814475621],[-89.41826752612404,15.83851881775456],[-89.42077550101301,15.835117075130897],[-89.42110030250271,15.83305448547002],[-89.41875709391482,15.830388237646273],[-89.41569864447781,15.828996263178967],[-89.41881961573557,15.828164502735676],[-89.42088838877766,15.828713129719754],[-89.4260186088266,15.827210447338633],[-89.42756999009504,15.825671227971128],[-89.42552052706046,15.82207124086888],[-89.42958846217724,15.820562197348133],[-89.43344890380489,15.82164337268132],[-89.4377662104541,15.817107920972692],[-89.49528186733585,15.707317449996925],[-89.49983180352989,15.700241753146543],[-89.53005006115633,15.643466114900908],[-89.53214495000988,15.63769527758093],[-89.53332941141996,15.636435647652846],[-89.53629463977802,15.636291858392305],[-89.53415791322459,15.63415264180648],[-89.53928432361042,15.621639390019897],[-89.5821565429289,15.524944131687619],[-89.58286542335675,15.518016782349209],[-89.58158687459034,15.515447993105042],[-89.5763472448679,15.51131141922263],[-89.57276025487543,15.509960389221442],[-89.56698508862078,15.502692055966294],[-89.56691900753485,15.498947152194972],[-89.57413700091655,15.493383580304744],[-89.58056481101407,15.490525709726167],[-89.58621025373648,15.486267633915134],[-89.58893624696465,15.482883971288267],[-89.58961828613029,15.480816021873052],[-89.58912422615045,15.477915241759149],[-89.58620029082027,15.475429447354855],[-89.58272439939354,15.474391825342876],[-89.57093926606449,15.473744536366699],[-89.56000224737636,15.465407717093862],[-89.55536962174646,15.466377111260995],[-89.55014408552864,15.461105342727041],[-89.55042558716731,15.458790994178464],[-89.5454160906379,15.454996139982594],[-89.54135391126955,15.455816206360126],[-89.53550519344974,15.460560759496092],[-89.53209115967068,15.46583522297341],[-89.52963744542865,15.46562863395058],[-89.52347909523226,15.457464537658186],[-89.51868789834445,15.455577184431016],[-89.51639579767468,15.452916693728316],[-89.51689991370748,15.451084358212823],[-89.52248200684299,15.446005547954934],[-89.52661725245999,15.43970672196011],[-89.53009954165333,15.43631538625083],[-89.53247211766677,15.42927680558937],[-89.53293673629025,15.424416484836318],[-89.53107438065173,15.422146518928473],[-89.52674422521757,15.420062461560105],[-89.52009299552059,15.420322681091402],[-89.51644473370203,15.418929513656407],[-89.5141177789562,15.41572920139687],[-89.51515964384375,15.410379340482761],[-89.51695942943998,15.40745593445675],[-89.5187063583917,15.399602086933461],[-89.52349608501568,15.386499503628778],[-89.52457131550818,15.380368114850254],[-89.5225995299655,15.377253604185077],[-89.51833526753445,15.373921561036388],[-89.51333133587241,15.367947786026312],[-89.51207623784704,15.36583962525955],[-89.51203460696583,15.363415370522608],[-89.51346400380592,15.361266902411584],[-89.51772872617329,15.358253360177029],[-89.54115972430667,15.349892013127645],[-89.54655902345384,15.3440361823815],[-89.54720162463597,15.33695675531001],[-89.54424920152769,15.333158150970604],[-89.54352879693356,15.330303569201766],[-89.54148623295842,15.328875020703187],[-89.53526678492848,15.319728147461511],[-89.53476337677859,15.316589209880357],[-89.53795608056456,15.311280286246639],[-89.53958125486409,15.310367829416096],[-89.55776466051209,15.312562570409677],[-89.56434073676552,15.311435071988486],[-89.56668115321294,15.309363284608786],[-89.56536965464088,15.305132060816476],[-89.56335327308096,15.303311464115327],[-89.56320199710697,15.300080891952192],[-89.56802973880279,15.29285907177845],[-89.56850789236279,15.288020070391592],[-89.56712859507479,15.275211105727374],[-89.56730135103611,15.266274820714482],[-89.57365342933205,15.25060419954346],[-89.57603581073602,15.241871978312647],[-89.58149351553604,15.23239219435986],[-89.61309470344258,15.18657474230056],[-89.62442122768392,15.164231627523128],[-89.62682675191259,15.161528949895235],[-89.61696727476198,15.16015338386416],[-89.61309491533034,15.160519491872263],[-89.60022115732953,15.165296238148846],[-89.59147009270634,15.169942749654668],[-89.57763346799783,15.173925951710494],[-89.56857913390525,15.179463849832528],[-89.56349552962615,15.181355284473025],[-89.56065736246593,15.180584122741156],[-89.55197033360733,15.174452823312151],[-89.54933548497024,15.173584235861366],[-89.54470567844604,15.172653414661527],[-89.53539887935317,15.17401558942732],[-89.51066309035548,15.181153750752397],[-89.49418366860981,15.18911498586115],[-89.45846330463644,15.19923205146273],[-89.4323602502233,15.211739733853273],[-89.42126096497806,15.215500630180063],[-89.41474327928351,15.220505197860472],[-89.40844937318066,15.226410016613796],[-89.40184351575553,15.238094976261541],[-89.39952173048735,15.238679341440674],[-89.39640744034708,15.236741848313201],[-89.39529049999442,15.2375745519125],[-89.39596966981091,15.244048873191376],[-89.39109552324136,15.25377212180464],[-89.38289414053851,15.266787604552258],[-89.37496566985322,15.271976397335917],[-89.35948888373127,15.278046166822717],[-89.35616435684524,15.277748358316765],[-89.35315979668508,15.27561684483284],[-89.34755781378261,15.274026165896432],[-89.34320351306914,15.274713147463897],[-89.33760345717756,15.277268130865021],[-89.33003771753641,15.275938180072412],[-89.3244413982807,15.271339499500414],[-89.31732899032856,15.272553726714161],[-89.31528950809998,15.273782495262397],[-89.30871508220253,15.27280662313865],[-89.30669462323205,15.276065055090662],[-89.30787027071332,15.280931875737744],[-89.30580927629975,15.286064491118502],[-89.29930726981831,15.29160076133132],[-89.29032629949606,15.293553477195282],[-89.26993049677314,15.293027851077703],[-89.26668523409508,15.293644847874507],[-89.25797467361002,15.29780261780167],[-89.25410779172343,15.297362184315835],[-89.2524243492478,15.296025436525351],[-89.25395104433552,15.284615048378049],[-89.25327187814572,15.283532040141612],[-89.25033401664342,15.283144383987466],[-89.2487310768969,15.284244398045114],[-89.24632613965233,15.287862218002257],[-89.23900732333477,15.29487954011555],[-89.23627235085483,15.29607430210716],[-89.22994403920288,15.29557845094449],[-89.22240715392721,15.29022627518078],[-89.22143309350768,15.279256968735684],[-89.22005252874504,15.275858680680132],[-89.21782374180542,15.2739823808875],[-89.21367670324683,15.27352082313082],[-89.20909406296705,15.274603914637522],[-89.2031205525345,15.278327576907847],[-89.20090905703277,15.2785957026569],[-89.19243974851733,15.28290488193528],[-89.18971443014608,15.283246476591836],[-89.18637853997659,15.27982829456101],[-89.1862161006629,15.276861254080325],[-89.18755161559014,15.272920375166187],[-89.18632678930207,15.268879462611507],[-89.18503960715918,15.267966438119835],[-89.17564771877936,15.26722976252817],[-89.17464951960977,15.208027145591492],[-89.17736017876871,15.207218312387834],[-89.18136208693258,15.203597973225113],[-89.18834780477766,15.20172688179305],[-89.20601110811518,15.191005447891843],[-89.20957621703278,15.189881196900119],[-89.21209579277756,15.18671565195264],[-89.21999452091316,15.18141498425002],[-89.21778153570101,15.180228357068051],[-89.21435208537389,15.180237226252004],[-89.21262525838323,15.177682586703664],[-89.20556236359516,15.176222416301407],[-89.20375810345749,15.176706345317946],[-89.20352006210926,15.178423629269536],[-89.20085646035201,15.178087648797819],[-89.20027830207862,15.17693862959124],[-89.20153123616299,15.17510425786255],[-89.19557078422099,15.172476910724242],[-89.19564026804923,15.17115948377939],[-89.19781509754915,15.169274160197741],[-89.19796165973665,15.167510227120502],[-89.19643819020293,15.166456909537969],[-89.19714580365643,15.164233214764604],[-89.19545339903743,15.164897201734068],[-89.19252008549505,15.162903001357517],[-89.193176870572,15.16092436339331],[-89.19164105458754,15.156740705437123],[-89.18972183918434,15.154674528903778],[-89.19140255223783,15.152065751921652],[-89.19028347502378,15.147732358637224],[-89.18740329498728,15.144084322801149],[-89.18046878449971,15.141955798138412],[-89.18084108752845,15.13916702473373],[-89.17995902295826,15.137006710594523],[-89.18232638180048,15.133335805076547],[-89.17969294499629,15.130028043688073],[-89.1803598936777,15.126216685825197],[-89.17872374051109,15.122500572443087],[-89.18009173988837,15.118053626241],[-89.17881133516731,15.11505866619606],[-89.18326513392395,15.110461960560063],[-89.18660538700006,15.108976441255875],[-89.18662570176195,15.105243215329116],[-89.1779840392123,15.09572051561329],[-89.17709524211281,15.09141361422247],[-89.17570368519108,15.089445494382925],[-89.17553392979895,15.086089214510302],[-89.17165878792889,15.08537622716576],[-89.17018406235519,15.082936330059626],[-89.16820310228992,15.083059576082512],[-89.16609259935639,15.07759277362622],[-89.16302983729904,15.079037654323212],[-89.16256903633337,15.07525236803088],[-89.1585825901282,15.073061979809403],[-89.15424717033335,15.067948783988237],[-89.15322368099385,15.06954321229936],[-89.13704973007198,15.075902262205124],[-88.99181939383712,15.12997626716525],[-88.97542563727633,15.136220663952042],[-88.97264536391629,15.138080250647027],[-88.90499855576606,15.19424815512701],[-88.90281406381158,15.195164567007968],[-88.89378653177907,15.203606870444167],[-88.8473302360923,15.242156328227102],[-88.67623976317158,15.343748075033659],[-88.65008364780827,15.368834087543682],[-88.61537863547015,15.404911137676798],[-88.60374404547159,15.414802405636628],[-88.59852482185197,15.41667604159011],[-88.59284024527024,15.421184748590383],[-88.58931442594768,15.421935239673234],[-88.58347709113117,15.419868936915924],[-88.57794296701199,15.425157924756965],[-88.56851741908113,15.429843632549447],[-88.56469022989474,15.436858180122572],[-88.5611026063458,15.438397045801986],[-88.56178736903905,15.443019815947657],[-88.5590328427022,15.44613984154482],[-88.55190651473632,15.446988658699281],[-88.5459414441705,15.451381851154974],[-88.5027419950682,15.493623140940336],[-88.47192982830273,15.51307966417986],[-88.3461861394314,15.61650473192511],[-88.33346448894545,15.633778381290268],[-88.32375708433652,15.651848790114862],[-88.32270355157308,15.657279093003648],[-88.32460379934922,15.659785296496821],[-88.32557532344228,15.665459506427016],[-88.32490759142964,15.672225499358385],[-88.32344794865132,15.672427511657128],[-88.3212190436353,15.670483292852454],[-88.31802024501599,15.671108894215271],[-88.31393113326396,15.679440946890264],[-88.31243068673744,15.680153576922208],[-88.30975440479091,15.679108993667041],[-88.30560465354974,15.672115744975384],[-88.30431404052882,15.671463743229598],[-88.29424558076462,15.674625249141926],[-88.28489945939631,15.674336901976666],[-88.28212837260703,15.675074828184558],[-88.2800551481466,15.67735121841688],[-88.28000519420685,15.680277542721619],[-88.28123988908894,15.683354459033538],[-88.28590983825863,15.687924249467667],[-88.2859565960219,15.690541686860305],[-88.28425522615608,15.69221990739989],[-88.28102895048225,15.691752390240705],[-88.27502917927076,15.685160432326441],[-88.27243560308366,15.68593583149456],[-88.26889586979999,15.691316100045809],[-88.26653409394521,15.691368536267742],[-88.26553851612931,15.688020706990429],[-88.2661846747041,15.683287637390112],[-88.2643748883234,15.681880482328813],[-88.26061805331528,15.682716138176762],[-88.25780215282848,15.686137795996453],[-88.25860874278271,15.689152505007051],[-88.26226195063995,15.692826237213882],[-88.2624812507742,15.694909884004351],[-88.26076331663967,15.694959327934773],[-88.25469017688742,15.688503943899793],[-88.25151024518728,15.687603225427575],[-88.24910184764103,15.688140095349256],[-88.24761272587266,15.690637213864289],[-88.2484762798819,15.695800746359001],[-88.244041102121,15.698111927560834],[-88.24404357454759,15.702634715148182],[-88.24236010638921,15.708877297021168],[-88.2425865078326,15.709870387916661],[-88.24643393283482,15.711340232712095],[-88.24788700279919,15.715009056548073],[-88.25113561167366,15.719177874863142],[-88.25097905694717,15.720508532773987],[-88.24604047981265,15.722080771018538],[-88.22149753160944,15.723525541948788],[-88.22381711300675,15.727278801085173],[-88.23025676627732,15.72626733988146],[-88.25272322446165,15.732028151323478],[-88.2614085060282,15.73675036976573],[-88.27083259398049,15.74327321291974],[-88.28680721514037,15.760062153332784],[-88.29367000093958,15.76864503089412],[-88.30729089095243,15.780225997310502],[-88.32682855649901,15.792480541695602],[-88.34318423208379,15.800680932964637],[-88.36633069745493,15.815311565624308],[-88.39334540909749,15.828596152814082],[-88.40801352447802,15.837064696966179],[-88.4262267825307,15.84546439873357],[-88.4548616485236,15.862645370746627],[-88.50398042666998,15.897882242306153],[-88.51662921408685,15.90929146775281]],[[-89.34498578700016,15.41003431580355],[-89.34854195424398,15.408039650822221],[-89.35222575211586,15.408056218156602],[-89.35239283648113,15.408743739782764],[-89.34852983080893,15.408733251824769],[-89.34498578700016,15.41003431580355]]]]},"properties":{"FID":8,"DEPARTAMEN":"IZABAL","AREA_KM2":7518.997,"COD_DEP":18,"COUNT":5,"REGION":"Nor-Oriente","REG_NUM":3,"POBLACION":314306,"VIVIENDAS":76572,"Perimeter":875.483237434,"Area":7492.55032871},"id":8},{"type":"Feature","geometry":{"type":"MultiPolygon","coordinates":[[[[-89.86955139365368,14.871198184995231],[-89.87902857939011,14.87342224004631],[-89.88459357141528,14.873241705511042],[-89.89081932910811,14.870685028725541],[-89.89644770139492,14.866477789079225],[-89.91333013435191,14.858038047838216],[-89.93135313439012,14.847021580251052],[-89.93947145713199,14.838374127714026],[-89.94065961375802,14.833885063800112],[-89.93795954210371,14.832641336394044],[-89.93568136022664,14.82822124157462],[-89.93131227273696,14.825660526440734],[-89.9291891052373,14.820958023895031],[-89.93455950915761,14.82079374764519],[-89.94151623455235,14.818345506856492],[-89.95017396252214,14.812613406476917],[-89.95213708786898,14.81070921213176],[-89.9536205772174,14.799579941056079],[-89.95506814820963,14.796614595841177],[-89.9568678184303,14.79535157043503],[-89.96196619704841,14.794479709774611],[-89.97074527140282,14.798616055389914],[-89.98017591553032,14.797077164524499],[-89.98434890856075,14.799237048347418],[-89.98754684998275,14.804752475038695],[-89.99007415102761,14.80687608022125],[-89.99459776870201,14.807990615311587],[-89.99931355058185,14.811247809680989],[-90.00298590649568,14.808760327031296],[-90.00425455924047,14.80594237083459],[-90.00366397677504,14.801680161949625],[-90.0098006952562,14.795580723943555],[-90.0101500247994,14.791045113675985],[-90.00836735710217,14.78863451331571],[-90.00810282020579,14.786266189628918],[-90.01164797742237,14.78485147015088],[-90.01867426899098,14.788441828071319],[-90.02123119714962,14.788282983297519],[-90.02289652143656,14.786422725835347],[-90.02294230842166,14.783448823822457],[-90.02045299158459,14.780527973716028],[-90.01351950186196,14.775552703320507],[-90.01248545853343,14.773204893615095],[-90.01681419758684,14.771310280828926],[-90.0247086741438,14.77523334264084],[-90.02969358087796,14.775674617855671],[-90.03470305659948,14.774394606286222],[-90.0384042144232,14.768424229295414],[-90.04056847095937,14.759508062579483],[-90.04084299461626,14.754909230651597],[-90.03886463512086,14.747746119943486],[-90.04056373635565,14.739574635764699],[-90.04376664170769,14.73521644094808],[-90.05061178701452,14.729290366114077],[-90.05686475649534,14.725630042613053],[-90.0596066516921,14.722525495202762],[-90.06021089602424,14.71790139017082],[-90.05961641765107,14.710939957785795],[-90.06026539394988,14.705697784354491],[-90.06195955440002,14.70307769634513],[-90.06716231172342,14.701952633046387],[-90.08646982905125,14.703229131321752],[-90.0885918734211,14.703828156554987],[-90.09207869172023,14.708305158713566],[-90.09673958499188,14.711981776554031],[-90.10428691939144,14.714084610524262],[-90.10786185502208,14.713543379219233],[-90.11527108416027,14.709803091330647],[-90.12310572718367,14.70925026761097],[-90.12930187393401,14.702902349961976],[-90.13558705077811,14.703571693821477],[-90.14685573330584,14.699147485597276],[-90.16422904880305,14.697758683911955],[-90.16955091172373,14.696147200683875],[-90.1749599087178,14.689107383326348],[-90.18098825403774,14.677920239117876],[-90.19347943994282,14.668513539990997],[-90.19573317486393,14.669210259752619],[-90.2090735250446,14.66889227354502],[-90.21187735748018,14.67038915272108],[-90.21211213549182,14.66842636056366],[-90.22023928992361,14.66748508601903],[-90.22543905703981,14.66462647732638],[-90.22731830697872,14.662146997711973],[-90.23112540926833,14.651464367220461],[-90.23094967569202,14.649299053907164],[-90.22894924310027,14.645842977833079],[-90.22858957548402,14.641244675728501],[-90.23041704915047,14.636494032995259],[-90.22974011059196,14.62996244103691],[-90.23251911402596,14.62597388082182],[-90.23255220597952,14.623842661503614],[-90.23063612742187,14.62014262842862],[-90.23625512470801,14.610497395595308],[-90.23710388761687,14.606458727745306],[-90.24124368436956,14.602737884700089],[-90.24326309356579,14.599505603964017],[-90.24323974532578,14.593843174326118],[-90.2451646832364,14.590692165089337],[-90.24766801182805,14.589597169577546],[-90.2517203346068,14.592273356312148],[-90.25536008344893,14.592934918768755],[-90.26316985214514,14.591840009483848],[-90.26724789026099,14.590108397809216],[-90.27233901780862,14.5850476321218],[-90.27580348025462,14.576160513863503],[-90.27486073263655,14.566609991065315],[-90.2705180021891,14.547874348790659],[-90.26758157979894,14.539137223540873],[-90.26245748381459,14.53266992518837],[-90.26273670748085,14.530184731022564],[-90.26437569114276,14.528388338489211],[-90.26850310260811,14.528053742146833],[-90.27795415343694,14.529933004965004],[-90.28033861237489,14.529105985802897],[-90.28445497729581,14.524221902286099],[-90.29143407026805,14.507374232618965],[-90.2948367440589,14.50522982961191],[-90.29994563813624,14.504349269157258],[-90.29827214063958,14.501194505175908],[-90.2965924761445,14.500270756802268],[-90.29218809707976,14.50078678872134],[-90.28264904551116,14.503256490668873],[-90.27572183181772,14.503046325359009],[-90.27291593789448,14.501875623345187],[-90.27003067412885,14.499571511625378],[-90.26802908791774,14.494670632522187],[-90.26667225075032,14.480805653209408],[-90.26318523679775,14.478129819536612],[-90.25451237608922,14.476340719059204],[-90.25211101388138,14.473362421906796],[-90.24945354403873,14.472648264708075],[-90.24239124689903,14.467097534782415],[-90.24101512982995,14.46715704168604],[-90.23845943149306,14.469607566077753],[-90.23754945311725,14.482837221287049],[-90.23627234098463,14.484437866054696],[-90.21349665128422,14.483222696932328],[-90.20209145004466,14.484618096319217],[-90.19690985299627,14.487907235287311],[-90.18841840609129,14.49070841309387],[-90.18621568493685,14.490698964506306],[-90.1837477151202,14.486828516665785],[-90.1799968937128,14.48531130036223],[-90.16865950824601,14.485652484932562],[-90.16279912655237,14.489483539751166],[-90.15970673827783,14.490413696317434],[-90.14336735009991,14.490225658041464],[-90.1366069869154,14.48803893817249],[-90.12837446958468,14.48879078476222],[-90.12610306517303,14.486792978974433],[-90.12154135181588,14.464599564204129],[-90.09896639424493,14.448591690778942],[-90.06505251861923,14.426717724457491],[-90.059385022312,14.422597746289007],[-90.05793672930643,14.420247383099536],[-90.03192531234882,14.423249397287723],[-90.03073232513911,14.424556288828493],[-90.03203646225772,14.430375111973845],[-90.0280467228479,14.432024917086805],[-90.02322638292976,14.436201836839205],[-90.01970729122249,14.437639544741044],[-90.0122611464096,14.437530554705864],[-90.00584759498638,14.43920449108552],[-89.99130127783675,14.440874953130212],[-89.98413275547534,14.445695936701087],[-89.98222039288834,14.449079360952826],[-89.982728528305,14.45357070001043],[-89.98135715352585,14.454758700071304],[-89.97226946075652,14.45694135288112],[-89.95614242748306,14.458838495020585],[-89.94023090260409,14.462460937588096],[-89.93395702421623,14.461656820063864],[-89.8930167823258,14.432924733822118],[-89.88952498297164,14.458722298616037],[-89.87904083292881,14.4670161818618],[-89.87467759557104,14.465047295448981],[-89.8664685707574,14.465114132758448],[-89.8636000364155,14.467085004402325],[-89.85657912086008,14.484073094014008],[-89.8535636609628,14.487154711878036],[-89.84758349149276,14.48958924733016],[-89.83954734286178,14.489667446420953],[-89.83574283959794,14.49330926422144],[-89.83530219056168,14.494236747436396],[-89.83747917360235,14.498669097642086],[-89.84462696810499,14.504239483567229],[-89.84537468123823,14.508090486066894],[-89.84474724712304,14.511487314596682],[-89.8402330162482,14.513232423307828],[-89.83666520201292,14.511275703979384],[-89.83510252556941,14.512767053389377],[-89.83266120813234,14.51282324951236],[-89.82994638302047,14.510364411188991],[-89.8280967939406,14.509915016990435],[-89.82288023332862,14.512567882298812],[-89.82074853540169,14.512605576689367],[-89.82036416902598,14.511451378423809],[-89.8224390191652,14.50975489529943],[-89.82250510409793,14.508372038996043],[-89.8164901218841,14.505165186337683],[-89.81277269254028,14.500738875308908],[-89.80916281973187,14.498356870610248],[-89.8083229975736,14.492206672072447],[-89.80573341611557,14.490664691485481],[-89.80281116839969,14.49071407623492],[-89.79923288162365,14.488612304438487],[-89.79845217371384,14.490342038004163],[-89.79300613085542,14.489843339242038],[-89.79185993669314,14.487506059077557],[-89.79576511671898,14.483580897858744],[-89.79559448524834,14.482718540476027],[-89.7905304447015,14.48116523516314],[-89.78774247374002,14.481473621035148],[-89.78631012861734,14.483083782086506],[-89.78224532783078,14.482168112430907],[-89.7765094726764,14.48431060984701],[-89.7607235699752,14.481989679791528],[-89.7588035410114,14.484864853536777],[-89.75546295264701,14.484342454753952],[-89.74769050956498,14.48569310016664],[-89.74112224290953,14.483746634213302],[-89.72927536243463,14.484708278404698],[-89.7227868356283,14.481966796409662],[-89.711979369646,14.481617131744049],[-89.70917827910442,14.482505582556826],[-89.70545679083622,14.48583231682965],[-89.7010834335678,14.491833512104526],[-89.6921785118412,14.496147891997746],[-89.69035555659215,14.499832837309478],[-89.68852300814396,14.508751792766551],[-89.68854669651235,14.51630544701786],[-89.68137637879202,14.526291977994525],[-89.68236494248775,14.53247454180332],[-89.68567951739077,14.537673251803184],[-89.68909150314786,14.539689714178513],[-89.69069555694742,14.542214374146544],[-89.6921711949668,14.552229602603676],[-89.69429916286475,14.555252590263809],[-89.6938483947654,14.559647533241272],[-89.6925018262355,14.560942106115753],[-89.69265315783892,14.564467550825917],[-89.69176924113418,14.567095822432425],[-89.68915250136841,14.569447867364616],[-89.69028865493519,14.572509891296686],[-89.68781517095928,14.574613399405724],[-89.68791113072079,14.577262305407961],[-89.68579451938145,14.578394659232552],[-89.67608412990222,14.58916039973036],[-89.6727099078361,14.595232261477625],[-89.67240751988531,14.598731997913559],[-89.67483046722919,14.605834488700278],[-89.67475355311359,14.612331409912445],[-89.66808950083504,14.618722887198937],[-89.66495012058294,14.624192974777415],[-89.66604469729077,14.630143487351917],[-89.66559118094422,14.632926665655567],[-89.66891319237561,14.637093320397392],[-89.66875890925668,14.639249954722356],[-89.66445867554249,14.641440822236413],[-89.66341250815799,14.646615816815382],[-89.66179880708388,14.649041504902586],[-89.65726572877558,14.651435357019688],[-89.65496454143171,14.653824001464733],[-89.6504299114663,14.662937836118754],[-89.64882538981378,14.674710793242307],[-89.64663218929198,14.678089401844444],[-89.64652100107581,14.680590778286904],[-89.64516799206359,14.682803358668425],[-89.64686310175207,14.68555993878362],[-89.65291473233123,14.685360724698723],[-89.65230149100589,14.689391874275303],[-89.65386437633921,14.69120987106634],[-89.65719657560231,14.691228602840122],[-89.66506616808346,14.687177759032013],[-89.66865425603794,14.688133271266121],[-89.67197855708953,14.691963780054559],[-89.67130638551681,14.697721950432406],[-89.67382643544792,14.701194458587802],[-89.67314392432856,14.702164208907618],[-89.66957968559943,14.702294687975918],[-89.66896012343099,14.703507953055874],[-89.67543092757946,14.713100744275154],[-89.6731764871508,14.71668411173249],[-89.67522027365095,14.722710397683617],[-89.67558893059903,14.727300845966333],[-89.67490192524501,14.73428887585979],[-89.67307468357146,14.737554456927391],[-89.67276441866623,14.751325705498019],[-89.68059937058827,14.753220367728849],[-89.68720356769626,14.748218784552868],[-89.69350762466486,14.747520257546798],[-89.70730043151976,14.748466605633473],[-89.72040663372232,14.750867267438535],[-89.7264980519175,14.745284905915591],[-89.72984195345042,14.743620218637664],[-89.74920225904742,14.74179534133667],[-89.75742809245814,14.744409602305389],[-89.76250006617975,14.748331492580874],[-89.76860936975731,14.750387567634798],[-89.77238014553201,14.755939989831424],[-89.77576069000074,14.765314050195736],[-89.7788063198409,14.767643147949862],[-89.78479275224892,14.769311217944717],[-89.78886062750965,14.774347348709185],[-89.79603131646797,14.777658013007343],[-89.80389579891407,14.785728537484188],[-89.80964316501928,14.788608316847869],[-89.8122883235168,14.791402196274518],[-89.81203625592522,14.797337626496912],[-89.81851664447628,14.807169721346414],[-89.82615923491248,14.816062928611682],[-89.82597380263606,14.818476819144204],[-89.82303659501707,14.82187076061302],[-89.82294406876223,14.823241924349873],[-89.82465383559455,14.825851281945893],[-89.81988997486246,14.829941127532898],[-89.82392816694362,14.837131160612598],[-89.82293917673357,14.841170472164462],[-89.82015758054803,14.843376864273814],[-89.83289050019961,14.85410462188197],[-89.84153115985738,14.856624354953759],[-89.84292072017114,14.858899681200386],[-89.84226472648749,14.861397425088674],[-89.84439215910977,14.863366875013416],[-89.85373648028516,14.865416229841593],[-89.86154300846505,14.86416423233681],[-89.86267017050315,14.86562436943085],[-89.86210917956105,14.871755615932747],[-89.86955139365368,14.871198184995231]]]]},"properties":{"FID":9,"DEPARTAMEN":"JALAPA","AREA_KM2":2034.222,"COD_DEP":21,"COUNT":7,"REGION":"Sur-Oriente","REG_NUM":4,"POBLACION":242926,"VIVIENDAS":54139,"Perimeter":244.347375319,"Area":2029.77705738},"id":9},{"type":"Feature","geometry":{"type":"MultiPolygon","coordinates":[[[[-89.60988101564169,14.501445168458906],[-89.61647192051433,14.507485093769965],[-89.62116610344665,14.510111025334105],[-89.6235813221158,14.513349560318902],[-89.62257084823466,14.52630228335068],[-89.61981437494288,14.539360659234621],[-89.6195514128913,14.545598419122966],[-89.62143774092158,14.547598237345138],[-89.63766954887527,14.55470348324912],[-89.64401771231127,14.558553699816455],[-89.68161024192196,14.530763150877425],[-89.68137637879202,14.526291977994525],[-89.68854669651235,14.51630544701786],[-89.68852300814396,14.508751792766551],[-89.69114010634917,14.497392708482467],[-89.69472002072851,14.494461537989201],[-89.7010834335678,14.491833512104526],[-89.70545679083622,14.48583231682965],[-89.71041152373604,14.481860391178113],[-89.72088591140394,14.481741638177601],[-89.72927536243463,14.484708278404698],[-89.74112224290953,14.483746634213302],[-89.74565245335788,14.485531692753424],[-89.75095502493912,14.485671703072585],[-89.75546295264701,14.484342454753952],[-89.7588035410114,14.484864853536777],[-89.7607235699752,14.481989679791528],[-89.7765094726764,14.48431060984701],[-89.78224532783078,14.482168112430907],[-89.78631012861734,14.483083782086506],[-89.78774247374002,14.481473621035148],[-89.7905304447015,14.48116523516314],[-89.79559448524834,14.482718540476027],[-89.79576511671898,14.483580897858744],[-89.79185993669314,14.487506059077557],[-89.79300613085542,14.489843339242038],[-89.79845217371384,14.490342038004163],[-89.79923288162365,14.488612304438487],[-89.80281116839969,14.49071407623492],[-89.80573341611557,14.490664691485481],[-89.8083229975736,14.492206672072447],[-89.80916281973187,14.498356870610248],[-89.81277269254028,14.500738875308908],[-89.8164901218841,14.505165186337683],[-89.82250510409793,14.508372038996043],[-89.8224390191652,14.50975489529943],[-89.82036416902598,14.511451378423809],[-89.82074853540169,14.512605576689367],[-89.82288023332862,14.512567882298812],[-89.82747824920513,14.50990664922515],[-89.82994638302047,14.510364411188991],[-89.83366652485923,14.513049022176226],[-89.83666520201292,14.511275703979384],[-89.8402330162482,14.513232423307828],[-89.84420254885598,14.512112049989973],[-89.84537468123823,14.508090486066894],[-89.84462696810499,14.504239483567229],[-89.83747917360235,14.498669097642086],[-89.83530219056168,14.494236747436396],[-89.83574283959794,14.49330926422144],[-89.83954734286178,14.489667446420953],[-89.84758349149276,14.48958924733016],[-89.8535636609628,14.487154711878036],[-89.85657912086008,14.484073094014008],[-89.8636000364155,14.467085004402325],[-89.8664685707574,14.465114132758448],[-89.87467759557104,14.465047295448981],[-89.87904083292881,14.4670161818618],[-89.88952498297164,14.458722298616037],[-89.8930167823258,14.432924733822118],[-89.93395702421623,14.461656820063864],[-89.94023090260409,14.462460937588096],[-89.95614242748306,14.458838495020585],[-89.97226946075652,14.45694135288112],[-89.98135715352585,14.454758700071304],[-89.982728528305,14.45357070001043],[-89.98222039288834,14.449079360952826],[-89.98413275547534,14.445695936701087],[-89.99130127783675,14.440874953130212],[-90.00584759498638,14.43920449108552],[-90.0122611464096,14.437530554705864],[-90.01970729122249,14.437639544741044],[-90.02322638292976,14.436201836839205],[-90.0280467228479,14.432024917086805],[-90.03203646225772,14.430375111973845],[-90.03073232513911,14.424556288828493],[-90.03192531234882,14.423249397287723],[-90.05793672930643,14.420247383099536],[-90.05911044033819,14.416116707387856],[-90.06131709077688,14.41270557592109],[-90.06705091724665,14.40970742083424],[-90.07023440810971,14.404429804599655],[-90.073108889409,14.394237520602669],[-90.07695787783213,14.3868704586334],[-90.07738897096787,14.383111982135672],[-90.0775926649314,14.368515345387737],[-90.07844023994667,14.364512506413563],[-90.07701804126607,14.36336490227368],[-90.07335544121301,14.362948233257434],[-90.07141790722343,14.361049147848613],[-90.06966948040024,14.349963053290145],[-90.06602115626369,14.337222187314554],[-90.07997400478426,14.33965001879305],[-90.10177653391627,14.348226565309266],[-90.11517958540244,14.350431275644222],[-90.12156767929436,14.350337374662475],[-90.12820873483813,14.34888822236526],[-90.13338762859198,14.350862280320072],[-90.13510437432292,14.349769884109431],[-90.13507743677235,14.346288945382884],[-90.132480663705,14.342877408816998],[-90.13176465965108,14.338040151277285],[-90.13250110821791,14.332669527547406],[-90.1338376659181,14.331732832303029],[-90.17587223608982,14.332833150035068],[-90.18577598708342,14.33419729753732],[-90.18809945060612,14.301851410682682],[-90.19137956590758,14.29411236841714],[-90.1936123869551,14.292520840998693],[-90.19603349640226,14.292221983820317],[-90.20838100614867,14.299024050727391],[-90.21089642125335,14.295404527945909],[-90.21294928666214,14.288162094812158],[-90.21194660227862,14.282577404539746],[-90.20973550065717,14.278010493278577],[-90.20975525614028,14.270770198699614],[-90.2072486765147,14.267362735185632],[-90.2112333877621,14.262180835446191],[-90.21149779927156,14.256636948046953],[-90.20954511892565,14.25314229565224],[-90.20609548190421,14.250893497898915],[-90.19368959544956,14.261496139905004],[-90.16521506985285,14.238124034460341],[-90.12732836822347,14.220436077496062],[-90.09091001746224,14.201930070565112],[-90.08756847947778,14.195652020714471],[-90.07823196292145,14.186399500431666],[-90.06753331414117,14.181095976362464],[-90.06659465121166,14.179543504943062],[-90.06893889803955,14.177741089918392],[-90.07950821601649,14.175654089373412],[-90.08427187942416,14.172346749636718],[-90.0844395124223,14.16887166194063],[-90.07909481530292,14.163432868128629],[-90.07892253978468,14.16075632587225],[-90.0822548940229,14.158790774912086],[-90.08969944296473,14.156659464682704],[-90.09044231083305,14.153927399927962],[-90.08323914894471,14.142548299914075],[-90.07628122620777,14.127417256264586],[-90.07292367668303,14.122162985792011],[-90.0679303221114,14.11620914333613],[-90.06360632143989,14.113012337567778],[-90.07540518856372,14.081605745520898],[-90.08236687667515,14.066512611431277],[-90.11239050156227,14.070767610926534],[-90.14297204345534,14.07755123237026],[-90.1451683595912,14.064848924956562],[-90.18174114588145,14.029821593294116],[-90.18050989275679,14.027856277558742],[-90.17548110333658,14.025275367120258],[-90.14794706464396,14.013837320903267],[-90.1285171255552,14.004506900814784],[-90.13834217306513,13.99466652905325],[-90.1648395640919,13.97202486248242],[-90.16689400443792,13.973580929305022],[-90.16714857234878,13.975688400244287],[-90.16285328260827,13.983868785861343],[-90.16286746020526,13.988462932662284],[-90.16567890116222,13.990477236634057],[-90.18294447145088,13.98996148511733],[-90.19549677993447,13.991548765402129],[-90.20044421450228,13.995279867801658],[-90.20514704564854,14.001514575883943],[-90.20699988781067,14.001476099261726],[-90.21046778864047,14.00337673460879],[-90.21334823618709,14.008017576690335],[-90.21558798534369,14.0094614390566],[-90.2261065003577,14.01091895302963],[-90.24509023725632,14.009973814065313],[-90.2496583839214,14.007262845089837],[-90.25639147521491,14.006858201393975],[-90.2612110247877,14.005166015396904],[-90.27199797145877,14.004886882451375],[-90.2754664402123,14.003910837871942],[-90.27798048873044,14.001938300690371],[-90.28198392393296,14.001681761123665],[-90.28246666861018,14.000062372600915],[-90.28601897037345,13.997749085550726],[-90.28849668438745,13.991369027590089],[-90.29102222571645,13.988493138167119],[-90.29695719678722,13.985799752189088],[-90.29729578955197,13.983144415858378],[-90.29436822414057,13.978683334711203],[-90.29512070293654,13.972321158729203],[-90.29340587227114,13.969415990316367],[-90.29345593560687,13.966467257371544],[-90.29058723500988,13.958870108232498],[-90.29035637188963,13.953398030654837],[-90.28899842981123,13.952514591429987],[-90.28542301663327,13.952871020280178],[-90.28401072759405,13.951201080173032],[-90.28395712928291,13.946250396628235],[-90.27678091926364,13.942346957570999],[-90.27498727330146,13.936686928331653],[-90.26964218036287,13.932625441798953],[-90.26558278587218,13.9331252387132],[-90.26324925893748,13.929507321172526],[-90.24979600362225,13.928777638947647],[-90.23328466862992,13.921805925168675],[-90.23170572362767,13.920298727122981],[-90.23041561571652,13.914631879058222],[-90.23197626798617,13.913448264902007],[-90.23604295872764,13.913469574277588],[-90.236695678576,13.909315155733625],[-90.23282672550738,13.906765836326295],[-90.22982319804177,13.907209335758427],[-90.22875976018817,13.906341408444126],[-90.23106106790497,13.901869280784322],[-90.23060234699287,13.89928298946919],[-90.21913720821253,13.898333995585059],[-90.22088469010387,13.885309694860103],[-90.21988885866409,13.884404132645983],[-90.21085798125833,13.883594358837048],[-90.20185081598585,13.868681437553587],[-90.20183833438763,13.86793950063633],[-90.20606981362182,13.867828698432966],[-90.2111503292366,13.869633379193111],[-90.21100332807826,13.865882063897658],[-90.20713597539986,13.856663126475695],[-90.21340793135228,13.857430152876896],[-90.2215759405605,13.848217184888295],[-90.22331735374308,13.842963005253543],[-90.22190217757097,13.84171964540929],[-90.21218392729648,13.840402232975713],[-90.20527124536241,13.840786367698573],[-90.20495210191768,13.83930703586484],[-90.20990755970266,13.829070928083151],[-90.24120195878666,13.831107518984787],[-90.24183615617086,13.82607097748808],[-90.24041720993347,13.818722653016808],[-90.23622535404122,13.807705173137704],[-90.24136876338535,13.802912423113636],[-90.24172987485306,13.799959367584817],[-90.23652545752806,13.795522226471762],[-90.23612274069919,13.794255367066498],[-90.2361976098082,13.792361585866077],[-90.23843542490367,13.788380708298236],[-90.19941744989077,13.772321972008598],[-90.19773352414013,13.773171048589491],[-90.20060277634933,13.775121997274411],[-90.19835599691464,13.776429843326259],[-90.1925558204995,13.774263656779635],[-90.18865089795406,13.774259708267815],[-90.18837924739299,13.776255033662029],[-90.18951189822243,13.777894947415438],[-90.1885333946531,13.77862555332198],[-90.1872349731691,13.777806820998107],[-90.18649054199317,13.775244385188195],[-90.18451153348485,13.776228856624817],[-90.18399012845838,13.775686587053787],[-90.18435908438332,13.77309286159175],[-90.18312143107718,13.772797559856201],[-90.18156378934725,13.77433442171047],[-90.17867953321799,13.771100508830617],[-90.18795869193507,13.76911685126223],[-90.1924085157448,13.771026091528206],[-90.1948315474619,13.773143621017265],[-90.19493790223643,13.772023676161535],[-90.17923093126858,13.76389333906737],[-90.13668610784269,13.745546825941403],[-90.13063467680915,13.745456126928145],[-90.1316823867331,13.744256895922396],[-90.1288387951161,13.741376434364799],[-90.12757531388677,13.741659773810717],[-90.12781637875092,13.743059162138275],[-90.12522970198904,13.741561305531125],[-90.12239163296712,13.742210111862821],[-90.11915108829243,13.747058565211132],[-90.11759600871629,13.74752585066232],[-90.11539055068988,13.745788489231288],[-90.11667113072923,13.74109104617684],[-90.11577350844797,13.739507856641538],[-90.10925888240295,13.741845343521804],[-90.10323202861524,13.739775167439984],[-90.10232640919158,13.74119833492269],[-90.10256791622587,13.746773833014716],[-90.09479539453851,13.750599873279933],[-90.09281632941017,13.753645077228693],[-90.09277558879191,13.755260159219084],[-90.09410232982313,13.756548169468243],[-90.09943707696264,13.756086083499973],[-90.1015434266728,13.757847254399298],[-90.10123560754505,13.762113435895532],[-90.09748288017477,13.765492277646263],[-90.10301061403867,13.772866429611058],[-90.10653804839637,13.780849216102615],[-90.10791554210611,13.781409594084025],[-90.11125972163141,13.777406000979505],[-90.11422063857957,13.776854814521768],[-90.11593410203245,13.77865194834604],[-90.11795302869749,13.784127529749126],[-90.11820344367635,13.787300681336587],[-90.11508586885537,13.793866444476487],[-90.11740867696149,13.796519747462742],[-90.11759557381393,13.798184947785506],[-90.11384847412656,13.798718984408714],[-90.11275491308314,13.800281067979348],[-90.11459730829064,13.805879931884363],[-90.1092096298478,13.806322328704812],[-90.10741113518195,13.809723086545045],[-90.10729179011089,13.812699937501359],[-90.1094864750668,13.817360282731956],[-90.1101363609592,13.821617438026895],[-90.11308628437845,13.827064546378082],[-90.11289361414507,13.832614632266905],[-90.10089764574752,13.8418322001607],[-90.09619741759737,13.850115083512415],[-90.09497728278401,13.856804421036118],[-90.09319962159013,13.858519656079865],[-90.08911758566339,13.859379927615212],[-90.08618690930167,13.86237403211937],[-90.08125085879315,13.875337670157855],[-90.06711759558905,13.880055618836902],[-90.06645915064708,13.88146114621824],[-90.06831312436766,13.8852382705482],[-90.06707637948352,13.886636853006586],[-90.05322336068168,13.890326467931809],[-90.04756956783808,13.892882894416475],[-90.04201774600509,13.89227039839291],[-90.03690102921678,13.896428207623309],[-90.03592266308274,13.898617703366453],[-90.03559782462403,13.904660209790324],[-90.0378150990457,13.91068394302904],[-90.03769105138356,13.915568371505177],[-90.03637822514453,13.916379899783886],[-90.03102490530428,13.91638585126526],[-90.02936816286406,13.918243029051782],[-90.02885034077956,13.921547791038577],[-90.03105888973622,13.926662700526961],[-90.02789420415283,13.928441629435811],[-90.0251035102041,13.936524338391683],[-90.01945271899758,13.938736686665022],[-90.01549058334335,13.943008384594403],[-90.01148680127577,13.942515572044847],[-90.00919669348828,13.94375967711807],[-90.00754393724445,13.948503236069573],[-90.00230458364257,13.950821758577991],[-89.99957536186774,13.955664832458496],[-89.99466760741471,13.956149436581656],[-89.99228113033027,13.954827358441115],[-89.98887933589533,13.957993472133836],[-89.98663944816774,13.957133733765478],[-89.98100991809501,13.960807151346362],[-89.97889440466915,13.960915187127215],[-89.97696450587638,13.959642669109126],[-89.97446256114227,13.964869717841193],[-89.9686379895137,13.964827569934267],[-89.9639464515563,13.96886779211635],[-89.96101464327394,13.969737573570852],[-89.95758276276227,13.978576270907169],[-89.95282938062174,13.979200699778941],[-89.94776918896959,13.982270720996379],[-89.94647652210627,13.98457080059386],[-89.94274636603762,13.98486584740702],[-89.94120377167691,13.986479798734212],[-89.93671709879486,13.98759713831808],[-89.93551825997685,13.995409187538359],[-89.93303361875597,13.993520866227184],[-89.93080798269953,13.993894554757185],[-89.92823811594869,14.001161994321235],[-89.92819091257651,14.005493753153777],[-89.92549017444931,14.006420098764606],[-89.92112899432648,14.005723542265105],[-89.91988444238837,14.007245143112854],[-89.91884330539656,14.011584540500362],[-89.91434229867905,14.00984193417378],[-89.90713758264539,14.014209849863672],[-89.90671363611851,14.018108902681732],[-89.90454533574447,14.021730532811702],[-89.90561768348245,14.028145577158233],[-89.90459762362194,14.033293316093372],[-89.90077650369483,14.034537946227516],[-89.89732580040908,14.038623871790984],[-89.8914628521275,14.041829866912053],[-89.87577382456321,14.041917619718067],[-89.86884181512366,14.039629095297698],[-89.86564278766372,14.040302121236326],[-89.85907610011091,14.043922509266748],[-89.86109431561479,14.048537063192704],[-89.85782515089461,14.050145897376956],[-89.85718869549328,14.055730499005588],[-89.85571368934825,14.057396491925713],[-89.84688577370954,14.055751918316743],[-89.83929796179157,14.057104225399572],[-89.83601339636785,14.055654818769472],[-89.83588277075087,14.05851101269606],[-89.83147805011478,14.060361879880153],[-89.82607904670037,14.058013211378883],[-89.82400737338108,14.06230550615248],[-89.82195334480126,14.060337098042464],[-89.81813669481652,14.061837638510296],[-89.81559781789478,14.059359394525027],[-89.81165356488219,14.057678622141973],[-89.80969547951207,14.055431489132955],[-89.80614987335836,14.055942179427362],[-89.80432946289373,14.05319457464461],[-89.80119644904812,14.051557131788202],[-89.7995776012682,14.052071804313874],[-89.79511389127913,14.04744710900419],[-89.79286999157948,14.047684821535569],[-89.79047808264478,14.0462241512711],[-89.78722959891704,14.038915731490022],[-89.78040847999652,14.035375766641625],[-89.77832152638024,14.033327660217642],[-89.77440481667534,14.03221449774628],[-89.76626433305431,14.033881118701741],[-89.76073002069654,14.033907474978616],[-89.75886069872918,14.031894883718405],[-89.75600542087639,14.032504429687206],[-89.75406462934822,14.031507752944618],[-89.75252523983693,14.033651801631681],[-89.74680707603,14.035405557095352],[-89.74154828575612,14.034631591385198],[-89.73879172469003,14.032306706059614],[-89.73672714218306,14.031977506954819],[-89.73569559086086,14.03376033908915],[-89.73596086407456,14.036822476793503],[-89.73926661210655,14.039918888050273],[-89.74188290361965,14.04084691844695],[-89.74329705998167,14.043522762863372],[-89.74327310543084,14.046033629271918],[-89.74493361920283,14.048254576527425],[-89.74320306216012,14.055843812957944],[-89.74579871297819,14.058244420267005],[-89.74632114505503,14.06009338113811],[-89.745468330329,14.063821019031229],[-89.73912131072018,14.07760830083035],[-89.73938144485727,14.082414089723645],[-89.7364272784394,14.084402221990596],[-89.73603654032607,14.08813715708535],[-89.73294202602833,14.093802594462],[-89.72601319698269,14.118874085571573],[-89.71356189334564,14.138085459710405],[-89.67208235168061,14.17365468285259],[-89.66558541097423,14.185479437903059],[-89.62797082686586,14.204482291706972],[-89.58555189394042,14.202063387927584],[-89.57998325934113,14.202658610148369],[-89.57394720157934,14.205450845833143],[-89.5716602199045,14.205423697611543],[-89.56857884808741,14.208331474871853],[-89.55811826896046,14.209849995314174],[-89.5512230574454,14.220223425323997],[-89.54828610876385,14.221552015800958],[-89.54290783314872,14.221280124515555],[-89.5374223069723,14.217155321265805],[-89.52523746402012,14.219457440473699],[-89.52176286313052,14.222806686748891],[-89.52202823923784,14.224362083608314],[-89.52646531750305,14.223090669445853],[-89.52967342759139,14.22442481757122],[-89.5243515906928,14.22625099099632],[-89.51903748642869,14.2318323970082],[-89.51900897602056,14.235087365340897],[-89.52320696252391,14.236714779842135],[-89.52210404709447,14.24142550980911],[-89.52632282151778,14.244575401725534],[-89.5424002940951,14.265968959812847],[-89.54429024748642,14.267181223670272],[-89.54478398704138,14.265570252959082],[-89.5477353240934,14.270891768395801],[-89.55027818259931,14.271440933861145],[-89.54874471273878,14.273707122334855],[-89.55046147287985,14.275205719065037],[-89.55008993382408,14.276276838639381],[-89.54798906038695,14.275990220484807],[-89.54857632266896,14.277162130170764],[-89.54704936003098,14.278807764508732],[-89.54728139806787,14.285513883714042],[-89.5444683888564,14.290519257720351],[-89.5455509430393,14.295133248863973],[-89.55241297208242,14.30217489260348],[-89.5554363597601,14.30276603434908],[-89.55736037766367,14.307915817744558],[-89.56020448737546,14.309039188659133],[-89.55968159221031,14.311799628200653],[-89.56368528997886,14.314407851269317],[-89.56888708374827,14.316050487826343],[-89.57214229569668,14.31495893590672],[-89.57802664327596,14.314831693668896],[-89.58170281803541,14.316201555845586],[-89.58894724074247,14.310893730037332],[-89.59187233366458,14.310925580755072],[-89.59266362271312,14.313052790797327],[-89.59204878904673,14.318706545710207],[-89.58973683999274,14.322817008134754],[-89.59169225634294,14.32717498229324],[-89.59019663739437,14.330754373545226],[-89.59073738248325,14.33368370996987],[-89.58970534883527,14.340351549637857],[-89.5883026394546,14.344854181322226],[-89.58635137242781,14.346751202336254],[-89.58427184645774,14.348059560629332],[-89.58035206137127,14.347149902916941],[-89.57409858535969,14.351891492783198],[-89.56576892512408,14.350185404153857],[-89.56449287495394,14.351282906568462],[-89.5674996101363,14.359422966004125],[-89.57326495788539,14.363459401584262],[-89.5777861502275,14.371640543527276],[-89.57684135061454,14.376290689359536],[-89.57958050815004,14.382543508063554],[-89.58007482160906,14.389231009293512],[-89.57895616441373,14.394798312934705],[-89.57952040163667,14.398414096885185],[-89.57882126249193,14.403225769672769],[-89.57646609600889,14.407076814816238],[-89.57596183580354,14.414355779913077],[-89.57378448425224,14.416749154674905],[-89.54099867436304,14.41564655696155],[-89.54252949807145,14.412890892001464],[-89.54119392011513,14.408172673354517],[-89.53563959399393,14.402378151163429],[-89.5354607163525,14.398369740955978],[-89.53321189728639,14.395714359909075],[-89.53347565288419,14.391979881234832],[-89.53622337469102,14.386797997384038],[-89.53587163128809,14.384348745344418],[-89.53010226634558,14.379176210274588],[-89.52538185999782,14.383135190769126],[-89.52052800209674,14.383855895942293],[-89.51829745469739,14.386724089179923],[-89.52032123283117,14.391295611385033],[-89.5169683056436,14.392707432601004],[-89.5157256851867,14.39751062802372],[-89.51162514536914,14.397672368546198],[-89.51001036734742,14.405772717182534],[-89.51237137962897,14.409311196807147],[-89.5127345211091,14.416848401532887],[-89.51543236037375,14.417869961221475],[-89.51745883321888,14.420076522676833],[-89.51941637525363,14.419346034795398],[-89.51918297448242,14.423338152409762],[-89.52149935737187,14.42678680539132],[-89.51843739986826,14.432231110280824],[-89.51205507399743,14.436232665829325],[-89.50598071170957,14.438073250036005],[-89.50192958744694,14.445243589969458],[-89.500988957846,14.45118842999447],[-89.50241303840102,14.452380830131597],[-89.50281723078552,14.454372738859664],[-89.49900850682374,14.464291813084126],[-89.50067101195782,14.466381440421817],[-89.49960662784837,14.468535407893148],[-89.50328721999252,14.468244916600645],[-89.50325713776924,14.470866756548913],[-89.50245670683422,14.472249488056466],[-89.49940152054627,14.471460416090695],[-89.49964495950641,14.475576869185891],[-89.50320057418077,14.477393429188396],[-89.50526419116285,14.480202141376648],[-89.5128354791512,14.483762945234467],[-89.5130458168051,14.487159049488756],[-89.50868408218516,14.491911181519345],[-89.51511374187851,14.4940738980023],[-89.52048952519782,14.493797102289653],[-89.51970498144932,14.496385226594334],[-89.52169137901234,14.4989704391716],[-89.51864259196603,14.502038376889637],[-89.52686992098661,14.511344184324152],[-89.54520108811006,14.513277184743028],[-89.54504271660277,14.514636820739705],[-89.54265531957293,14.514946902126605],[-89.54264696233027,14.516229758695971],[-89.54848168956991,14.52000787799243],[-89.54791812250927,14.524710627166568],[-89.54918617758834,14.526074361343422],[-89.55332454444975,14.525764054836285],[-89.55796972316881,14.51931695235087],[-89.56515917764156,14.51269485247862],[-89.5649791726924,14.509611644657804],[-89.55564739323819,14.508651002348337],[-89.55017510699771,14.496624188474561],[-89.54908730496197,14.488079755524062],[-89.54967873381923,14.486570751106994],[-89.55288167136733,14.48345601351263],[-89.56086739161162,14.479861751627519],[-89.58249434306647,14.474978710408035],[-89.58970448014998,14.477156417077637],[-89.59318452066479,14.482965360624831],[-89.59262276357538,14.494028374897654],[-89.59092577411349,14.50221314520167],[-89.5920679661654,14.504587058022732],[-89.60060493438876,14.50414108439422],[-89.60589793021913,14.505342813411328],[-89.60830572170428,14.501599564438537],[-89.60988101564169,14.501445168458906]]]]},"properties":{"FID":10,"DEPARTAMEN":"JUTIAPA","AREA_KM2":3324.212,"COD_DEP":22,"COUNT":17,"REGION":"Sur-Oriente","REG_NUM":4,"POBLACION":389085,"VIVIENDAS":94807,"Perimeter":455.853775284,"Area":3316.68629367},"id":10},{"type":"Feature","geometry":{"type":"MultiPolygon","coordinates":[[[[-89.15155101431242,17.097341091588312],[-89.15330420147677,17.32901796086988],[-89.15430751827651,17.35870740715021],[-89.15691863609902,17.81683548880844],[-89.33743645263738,17.81808742995669],[-89.91606670322447,17.81945337049021],[-90.98974748712595,17.817043364966043],[-90.98974865718331,17.25298892654039],[-91.44451463877233,17.253620118000224],[-91.43818361694859,17.234614612285267],[-91.43438803359966,17.22841541218859],[-91.43143333560755,17.21870184648306],[-91.42461605698851,17.210897546511934],[-91.41390485286449,17.205823088606294],[-91.40717257236453,17.204433709138723],[-91.3897070850101,17.206032131894155],[-91.37926338458192,17.20501312458551],[-91.37434955425552,17.202411735488752],[-91.3652175471112,17.19458695747026],[-91.35640210666934,17.1903935975647],[-91.34873431474068,17.177010364128765],[-91.34892860132113,17.173381631160847],[-91.35202613198172,17.16371778528019],[-91.35202663063288,17.161066767887316],[-91.35071948079772,17.159541387475045],[-91.34392118426666,17.157971048046736],[-91.339789407814,17.158850915043637],[-91.33724009691186,17.16152500268505],[-91.33197433385943,17.17771964949043],[-91.32893041759039,17.181258109459264],[-91.3243972690494,17.182868479327094],[-91.31946279098683,17.18271673290106],[-91.30999123981245,17.179541597289333],[-91.30205852425041,17.180387633602727],[-91.28694827223242,17.178077684871386],[-91.2794118504491,17.179721358099357],[-91.2759737521409,17.177115619092863],[-91.27228552059148,17.17254010279595],[-91.26619810101948,17.169369362145794],[-91.26409949725016,17.16578664079324],[-91.26364005632689,17.16288779657773],[-91.26481931016302,17.15565900047956],[-91.27040179081217,17.148289463819914],[-91.27348686340966,17.140408213292716],[-91.27139097679316,17.119007709574767],[-91.26858334128687,17.10944958546884],[-91.26412983646141,17.105091114155833],[-91.25760298463818,17.102116439675676],[-91.24228031327671,17.100982183614725],[-91.23504789611707,17.10158681631992],[-91.22807988912771,17.096337134827454],[-91.22507860410892,17.09285803752341],[-91.21893858906209,17.080931074404543],[-91.21482584568568,17.062920381076868],[-91.21456679682981,17.053607799178973],[-91.20935211465715,17.05164628309934],[-91.20505171391689,17.046173275718186],[-91.19435957730256,17.038393586514253],[-91.17775777260435,17.016962890831163],[-91.15940700925124,17.006664199171215],[-91.15216635956953,17.003814489580122],[-91.14070035766886,17.00689512029604],[-91.13685763548202,17.00690402590625],[-91.12800313953079,17.005731736195596],[-91.12160880480032,17.00159104058427],[-91.12068208408795,16.994643228716424],[-91.1229948963154,16.98374401801885],[-91.12277218137793,16.980588571080503],[-91.12121014251485,16.97750887929095],[-91.11828189538188,16.97497225841892],[-91.10924631267281,16.972360985008656],[-91.10283582058422,16.967877457827083],[-91.09934479391839,16.963753033790013],[-91.09528513069274,16.953127920590845],[-91.0922761134273,16.950353051505292],[-91.08238858100674,16.945067324257526],[-91.07953897473097,16.942630360179926],[-91.07341831670261,16.935607592315407],[-91.07135395179121,16.930694350739685],[-91.06447320161618,16.924864763778086],[-91.06457845327205,16.920880061441483],[-91.07272674784244,16.915937910623317],[-91.07411277739492,16.91353062418949],[-91.07347170711883,16.909999668726908],[-91.06644748147241,16.902768374012673],[-91.05914432347011,16.89957527974045],[-91.04112437300486,16.895417929640622],[-91.00693031838762,16.88524300720319],[-90.99844405259081,16.880625785286398],[-90.99426347020781,16.87674162284002],[-90.99236952966366,16.873207323640436],[-90.99074517815538,16.864814820391732],[-90.98811236694944,16.863620096451402],[-90.98514064835467,16.86402798124935],[-90.9838442333081,16.86528013626031],[-90.98138130412207,16.869187241386484],[-90.98049818011368,16.873428362592463],[-90.98114756961967,16.878323804038914],[-90.98609323416701,16.89022750177278],[-90.9858821898874,16.894969914935423],[-90.9837121012627,16.899982149322224],[-90.97973334410327,16.902035625858545],[-90.97244166551984,16.902876029848887],[-90.96431805920605,16.901052767534736],[-90.95964742194322,16.89783050247057],[-90.95676269490764,16.89364909018383],[-90.95531753772066,16.888637268827658],[-90.95545361573458,16.884552626047764],[-90.9589715349268,16.87848579979755],[-90.9692918579109,16.873875525214633],[-90.97268672997025,16.87131046754877],[-90.97475825509461,16.8670596818318],[-90.97413707378307,16.863825813444212],[-90.97182751687667,16.861477615948008],[-90.96873683988409,16.861056262617915],[-90.95398052871448,16.865640426810906],[-90.94552550609212,16.86415547339954],[-90.93428820428417,16.86044559902516],[-90.9322875749834,16.857782772690342],[-90.93194797886517,16.855092642161587],[-90.93371063092295,16.845649885120203],[-90.93338892365557,16.842876360204492],[-90.93203943522711,16.8400947461183],[-90.92671239609199,16.83406679415704],[-90.92425293480393,16.82549283484548],[-90.92202886726642,16.822824305174198],[-90.91989039735812,16.82177270992698],[-90.91161995703744,16.82211457592268],[-90.89902204873663,16.824909971488566],[-90.88575887897258,16.826077137511902],[-90.87578480750729,16.823978746024874],[-90.86068157661417,16.812591107782932],[-90.85919951543457,16.810191719561494],[-90.8568012913252,16.80058347261141],[-90.85473084596416,16.798494137551835],[-90.85168576901866,16.79748438764811],[-90.83979897291562,16.79649713864067],[-90.80848382431603,16.799769465286385],[-90.80372588375351,16.799400265560305],[-90.80208058674495,16.79811678216027],[-90.80137047927278,16.795491549798072],[-90.80197585324636,16.790819455855125],[-90.80456383193652,16.78464173297833],[-90.80287501636477,16.77761997959505],[-90.78189857032366,16.76923283904964],[-90.76923728746293,16.765876646137304],[-90.76109259066519,16.762679500629975],[-90.75841593985199,16.75993908871798],[-90.7578700446701,16.753560826928375],[-90.75363783623736,16.749807461017113],[-90.72490276564837,16.73199514280493],[-90.71719328518958,16.729201033214537],[-90.71177405861283,16.72565514913669],[-90.70965831044572,16.723002879008067],[-90.70842975913932,16.719069744851655],[-90.7103332673168,16.71127215445015],[-90.70959338582026,16.70630556316668],[-90.70737581615592,16.704200963747613],[-90.68392331095205,16.69035864357099],[-90.6780854294355,16.662773495834344],[-90.67369152685565,16.65655200992215],[-90.66530977802503,16.648752147210722],[-90.65946997634106,16.641520470984894],[-90.65939175195143,16.636917011619193],[-90.66343552226814,16.631122408218936],[-90.66385017505829,16.628508474542876],[-90.66196433825046,16.621754992436557],[-90.65710216863319,16.610800111597907],[-90.65577512840757,16.603044543522174],[-90.65570666721875,16.595509809736225],[-90.658574738173,16.591574141991966],[-90.66877623847033,16.58921918616308],[-90.6695735130554,16.585540150002142],[-90.66834526653797,16.582373657601067],[-90.66573428651793,16.579635431738367],[-90.66025742304073,16.577780763415326],[-90.65378381752028,16.577458330506516],[-90.64703306137406,16.57855534325926],[-90.64383468670535,16.581442614953577],[-90.64237019515626,16.584489499703533],[-90.64220038682647,16.590735345132245],[-90.64412895141369,16.595112460713942],[-90.64409718975455,16.595844941713747],[-90.64250323001495,16.59605383992551],[-90.63597640975017,16.591422366701817],[-90.62797302707118,16.578220405620876],[-90.62881009727758,16.575506375943394],[-90.6391607724085,16.570270583480067],[-90.64467667482134,16.566036504858282],[-90.64862773092896,16.56029180227495],[-90.64852656762046,16.5501979604532],[-90.64987229377749,16.54498498014103],[-90.6454624832647,16.53729513056466],[-90.64480157564972,16.534020923235463],[-90.6470732874154,16.5180255898587],[-90.6442788789326,16.514672000182852],[-90.63899360250669,16.51325615644595],[-90.63452819556807,16.514258024048655],[-90.62139174866937,16.521363752426442],[-90.61685804891188,16.520852470034423],[-90.61295339567255,16.51782910936819],[-90.61095762297828,16.514928031610292],[-90.607761711815,16.506974861597616],[-90.60752799734837,16.50076064112906],[-90.60833033519796,16.49804627391908],[-90.61297692820554,16.49255290819833],[-90.61839201054515,16.489845928618223],[-90.6249425590454,16.488116006301343],[-90.63188936371898,16.48968983245039],[-90.63479838539438,16.4892022029654],[-90.63626151473528,16.48677857220045],[-90.63674255495091,16.483208999763658],[-90.63454456258184,16.478930507343826],[-90.63008167502201,16.476472581048675],[-90.62343403689704,16.476219903373785],[-90.61859039932236,16.478984388494016],[-90.61528919764186,16.48551518965039],[-90.61249733899164,16.487951705035044],[-90.61003010247357,16.48834583198677],[-90.60403897411783,16.487122134481176],[-90.59566245431581,16.488913950578418],[-90.59425285405905,16.487204001864583],[-90.59546516568551,16.480629297114877],[-90.5951342700145,16.473638251020212],[-90.59237364818698,16.4701354767232],[-90.58882274212483,16.469037712145788],[-90.57034574610155,16.474344445534467],[-90.56367805923841,16.47769159830491],[-90.5448511781461,16.481086979867406],[-90.54398389751869,16.480168984576903],[-90.5442094650046,16.478289382224304],[-90.54829458039951,16.471189918180066],[-90.54753598916997,16.46749443055354],[-90.52966173898591,16.458026652591972],[-90.5266102731636,16.457368498634956],[-90.52394230118146,16.45834865856258],[-90.52066296319188,16.46549099386381],[-90.51600049451491,16.468433500509942],[-90.512931087084,16.469128711680636],[-90.50599284032552,16.46829191971993],[-90.5017489697651,16.46548858190277],[-90.49932443358111,16.462572546272078],[-90.49732857650658,16.45497813960036],[-90.49482149489572,16.453082913192617],[-90.49119927884908,16.453882995639447],[-90.48503040622332,16.459448797794636],[-90.48157636217432,16.459673750722285],[-90.47933317149749,16.458780761199264],[-90.47821947457811,16.454149424332673],[-90.47937142983587,16.45047797269442],[-90.47994193826295,16.440137941826638],[-90.48169921090101,16.4358741928717],[-90.48715710521058,16.428313817262243],[-90.48728235093098,16.42394123287587],[-90.48568770316525,16.422723040550512],[-90.48168880381739,16.422431205020263],[-90.47366727945166,16.423688547522968],[-90.46255511711033,16.420246289367938],[-90.45844115948107,16.419952629156313],[-90.44588787201135,16.422997718559202],[-90.4351099362782,16.42217753108426],[-90.42252771514643,16.423888531593082],[-90.41879930163337,16.422310595271757],[-90.4170744808701,16.420535978514398],[-90.41345843458025,16.40870207152204],[-90.41106783725101,16.405143257123523],[-90.40912684085635,16.4040749685577],[-90.40671035619154,16.40415691929057],[-90.40390487633566,16.405875641632665],[-90.39985905768268,16.412597477457798],[-90.39715826539727,16.415050116911157],[-90.39118547493457,16.412777776698256],[-90.38847632958671,16.41068025481297],[-90.38880330613442,16.406864861228765],[-90.39167046177022,16.402282807740082],[-90.39429502032989,16.400362175627787],[-90.4017365988903,16.39765661716123],[-90.40284661264552,16.395494704422806],[-90.4027868949891,16.39303042966242],[-90.39712643303372,16.384589820992787],[-90.38612958773054,16.376266907338923],[-90.38166723431513,16.37461272959518],[-90.37587458169443,16.374452491236482],[-90.37340677519308,16.37324527033432],[-90.37093597569125,16.368818061701404],[-90.37164153924705,16.364076020018302],[-90.37547370516862,16.359661991546957],[-90.37977848671557,16.359337389429932],[-90.38192168459624,16.36071886739412],[-90.38495525091045,16.36777227512864],[-90.38725078120233,16.370764458734072],[-90.39208386201636,16.372944717833054],[-90.3968583223784,16.37360335709222],[-90.4013249566143,16.371504389468566],[-90.41108566288722,16.362010972386834],[-90.41242858347589,16.359585374913703],[-90.4133289461369,16.35404608418508],[-90.41294284948764,16.350200351811655],[-90.41101463991528,16.346468903801902],[-90.4087476729005,16.345774906577176],[-90.4076316930768,16.346693761423147],[-90.40793914801725,16.35648853325493],[-90.40569765073738,16.359080288339978],[-90.4032077581418,16.359538463266716],[-90.40148710622938,16.357496273847904],[-90.40034004290479,16.3503782658713],[-90.3991935317533,16.348388313970723],[-90.3970967715979,16.34698613496521],[-90.38407829624062,16.343849938755714],[-90.38269280599525,16.342567110234498],[-90.38228364097108,16.338698531742835],[-90.38458311534387,16.33526437878213],[-90.38791131943437,16.333950815917547],[-90.39535028095003,16.338216856526188],[-90.39861114121855,16.33854615655288],[-90.40027626812251,16.337789926993533],[-90.40466500538332,16.331072061240327],[-90.41022184336109,16.32809875023994],[-90.4122640196548,16.32577992815869],[-90.41251016894626,16.321955499069414],[-90.40971566156846,16.31765795837182],[-90.40927465670728,16.314477687496243],[-90.41021564187994,16.311114534533285],[-90.41318873724913,16.30706611154949],[-90.41857644533292,16.3046684685944],[-90.4291233242137,16.305041004686846],[-90.4355863171806,16.303054537677998],[-90.43844336533886,16.30078027545031],[-90.439492555005,16.297907111452798],[-90.43902220541865,16.295147627636453],[-90.43406268628102,16.29118090949246],[-90.4405790549211,16.28504329785651],[-90.44110584575353,16.28165231655642],[-90.44041587534583,16.278114508179044],[-90.43835346300345,16.27584721515523],[-90.43378662821989,16.27398761857809],[-90.42799079744513,16.27360673706158],[-90.4272464788993,16.27246411360655],[-90.42756995493723,16.26840682915922],[-90.4241868759793,16.264085430419712],[-90.4234644031356,16.259569451373757],[-90.42595742077766,16.25522694382493],[-90.42985838951597,16.253919456568667],[-90.43342987410243,16.25498457288655],[-90.44144874265112,16.26052033522179],[-90.4470287852527,16.260888034749176],[-90.45176775439401,16.255238786594433],[-90.4551985506193,16.245821751236264],[-90.45423386042474,16.242225335856563],[-90.45073651165862,16.240717751557057],[-90.44716730667082,16.241295776238896],[-90.4429373657622,16.244931193642046],[-90.43997499055484,16.24476218940966],[-90.43737743481152,16.2376808974345],[-90.43185789785232,16.234461750284392],[-90.42977376111439,16.232150142967942],[-90.43118400093648,16.229746522093286],[-90.4375557001019,16.231045268228925],[-90.441792496295,16.230386240989215],[-90.44706838883141,16.22758536503146],[-90.45257237387517,16.223077651868543],[-90.45615046347551,16.214684089088763],[-90.45703353583215,16.208521972516557],[-90.45392137787165,16.18606109379413],[-90.44980409863243,16.18285934264916],[-90.43815153369033,16.17961090964397],[-90.43299683122399,16.176661715023045],[-90.42838638940398,16.172521056354636],[-90.42724571541892,16.16835569111985],[-90.42686222248113,16.162512659026113],[-90.42774799814978,16.161501560740597],[-90.43942737977832,16.155448284686873],[-90.44782334638157,16.154593887986714],[-90.45132398101185,16.1503069091338],[-90.45103657813114,16.145840198689978],[-90.44900137075749,16.143352176591097],[-90.43556844293211,16.141148423473552],[-90.43043948697876,16.13808895705074],[-90.42996815610239,16.135463831252704],[-90.43231220725352,16.130008180978297],[-90.43170823873578,16.121631095960314],[-90.4329110339687,16.119203389749835],[-90.43471933611839,16.11787025125553],[-90.4389906670642,16.1179215643863],[-90.44922196970633,16.124350070369495],[-90.45354876747173,16.12542247003359],[-90.45552186716351,16.12380319314362],[-90.45879150864306,16.11416246192363],[-90.45890905063476,16.10676942802953],[-90.45718810350573,16.101220899088624],[-90.45787997316702,16.095590442561875],[-90.45657475905672,16.09344317865894],[-90.45324986724688,16.093026454603347],[-90.44944768145419,16.094045828554883],[-90.4476880808469,16.095157288057198],[-90.4443787264116,16.100734915549175],[-90.43497983231372,16.1065611758836],[-90.43031586331784,16.10672751628456],[-90.42711632497254,16.103691298479898],[-90.42669404420556,16.100844341246457],[-90.42766897720169,16.098236640938453],[-90.42972961252741,16.09692914126646],[-90.43548057508268,16.09617742707414],[-90.43772392937203,16.09496010175023],[-90.44011869274902,16.092679841770472],[-90.4430154753688,16.087031852703],[-90.44752964250597,16.082422681495753],[-90.44757764416794,16.08044735234841],[-90.44379529280874,16.07664682582356],[-90.44451747350102,16.07382145371984],[-90.21346568674078,16.045132633389088],[-90.07713349548999,16.00216883541295],[-90.07169748451354,16.001808046450666],[-90.05061080499314,15.989914474009817],[-90.04748178934247,15.990581492911861],[-90.04702886963356,15.991783052752597],[-90.04501315253195,15.990540776607215],[-90.04321514267936,15.9917542943179],[-90.04233360457806,15.995474992505034],[-90.0384657259426,16.003073574219947],[-90.03969583531182,16.011576585376858],[-90.03574904247702,16.015199596947557],[-90.03145135177502,16.01042309909134],[-90.02690729389634,16.007323845958503],[-90.01621215724526,16.009840385706404],[-90.01312547990466,16.00885381759326],[-90.01110962021893,16.00464941778972],[-90.01135617071971,16.001216966872597],[-90.01289068010075,15.998277636564325],[-90.0170670926145,15.994669532898914],[-90.01642692112809,15.99216159979977],[-90.01463039118553,15.990948071454625],[-90.01248545277973,15.990762485520795],[-90.0107673730168,15.992005030718678],[-90.00545347252786,15.999468705926766],[-90.00065389024704,15.99786099791508],[-89.99763344806163,16.000699299650304],[-89.99100942333443,16.001701425373227],[-89.98946785555626,16.001080463018944],[-89.9880064997391,15.995148863872728],[-89.98342500276495,15.995279827222188],[-89.98326439281568,15.992375644693583],[-89.98191232541643,15.990992036594022],[-89.97960196263647,15.994404393339615],[-89.98231147954137,15.99930046558087],[-89.98175404405596,16.00603217521792],[-89.98703923032318,16.006500355586954],[-89.98773715800941,16.00805085402555],[-89.98378726381722,16.013930154072252],[-89.98041827389372,16.014422287059425],[-89.97909041203928,16.012974646139323],[-89.97820541567016,16.00765273530338],[-89.97270855115147,16.007294219687562],[-89.96496154807976,16.005024475014327],[-89.96060003745613,16.00040170497296],[-89.96104030184378,15.99883679307665],[-89.96475297800926,15.995543846445761],[-89.96636272302791,15.987850797137037],[-89.96401997031867,15.987446361949678],[-89.95852036128524,15.991591020658994],[-89.95396146758159,15.99174312962171],[-89.9545410311967,15.989726478189],[-89.95882174994149,15.987712581798592],[-89.96197129649325,15.982831509801096],[-89.96232224536173,15.980724677027009],[-89.95792054210399,15.978946807389935],[-89.9501380582588,15.979564529927337],[-89.94811253265986,15.978487229917647],[-89.94676894882163,15.976183695727476],[-89.94680502712012,15.97130716234758],[-89.94797934108651,15.96876848927459],[-89.94728584190928,15.967376007918102],[-89.94575167997343,15.967564162743109],[-89.94171719236009,15.971864669684722],[-89.9391014241939,15.972667186678608],[-89.93683243363645,15.97080755018655],[-89.93745162934147,15.965346805695905],[-89.93311590855782,15.965137176776476],[-89.93142093607545,15.967495630834655],[-89.93149337764928,15.972768683744512],[-89.92956056290014,15.974000685884366],[-89.92230181815782,15.96629084904355],[-89.91948116980281,15.966189526179326],[-89.91701314719596,15.969116891332902],[-89.9152916658841,15.969042547690876],[-89.91438675307222,15.967301593504281],[-89.91425988634649,15.96058314478016],[-89.91216630584367,15.95982513036691],[-89.90807307016681,15.962111686356762],[-89.9058771818138,15.962167023566689],[-89.90447195679516,15.959776652456766],[-89.90525403972319,15.954546461813399],[-89.90136074009247,15.953812132625082],[-89.89965386906673,15.954428623363206],[-89.89721004957558,15.957332388276738],[-89.89971746830075,15.962726189687979],[-89.89944995351051,15.966006684412415],[-89.89678221264516,15.967720990720371],[-89.89317325114315,15.966730991898315],[-89.88983663950921,15.96295376797016],[-89.88926132174059,15.95809345689854],[-89.88742493738334,15.95553651033096],[-89.88843748078861,15.953576044247965],[-89.89354549358661,15.951674708986248],[-89.89630055003198,15.948442518308942],[-89.89619013076691,15.947317931385365],[-89.88996274307941,15.946548638267602],[-89.88365007486905,15.943000380953036],[-89.88343671934378,15.94193638250556],[-89.88677443367871,15.939798492360087],[-89.88632879104244,15.938101359016548],[-89.87924793669497,15.938875845157774],[-89.87682751016466,15.93533413631208],[-89.87372715397561,15.932844582244236],[-89.87158297768288,15.934553795376393],[-89.87016778428277,15.934459884762727],[-89.86760061433581,15.923965959453348],[-89.87156654304853,15.91913436044291],[-89.86837150537606,15.912915583214899],[-89.86448382419066,15.913501294993457],[-89.86335197580317,15.910830345004378],[-89.86391458452914,15.90911061616713],[-89.8610585796423,15.908982185397917],[-89.85960209099919,15.907467843850052],[-89.85808413561381,15.90747057822559],[-89.8568289108339,15.905315847061395],[-89.85118122437477,15.90591858434174],[-89.8493888742322,15.909608905596544],[-89.84480029641584,15.910159200673926],[-89.84371427579977,15.911068762641348],[-89.84085675503901,15.91107660004815],[-89.84059333817649,15.907560566023388],[-89.83662131032888,15.907804838292801],[-89.83470179718907,15.908986534883141],[-89.83394283540126,15.90777797171764],[-89.82733133172222,15.90800138448606],[-89.82434136016309,15.905867280185442],[-89.8239642349821,15.91038393534669],[-89.82305497455135,15.91139529631147],[-89.8191621037308,15.909905779442868],[-89.81682760039817,15.91069859203824],[-89.81008031667886,15.909031365775474],[-89.80627395052751,15.910122806919288],[-89.80441141831668,15.908540076597005],[-89.80094451832576,15.909956954767962],[-89.79486933340796,15.90934879121124],[-89.79183836430846,15.917055728228659],[-89.78628513235365,15.918084665028577],[-89.78606981331765,15.920401735437498],[-89.78156444847806,15.922926783282234],[-89.7760996416272,15.92319159735844],[-89.77233435128649,15.924937516526127],[-89.77094052473056,15.924324168534246],[-89.77030392073262,15.921870247796873],[-89.76708871674117,15.920290659900585],[-89.76034285203285,15.921720810553124],[-89.75693721622353,15.928044577989374],[-89.75716507787392,15.931319561150667],[-89.75452041578659,15.9315393049222],[-89.75020842423883,15.934696203157861],[-89.74880636453857,15.938575157485563],[-89.7471683674326,15.93968682989067],[-89.74726895873138,15.942958746362436],[-89.7451885247955,15.943729675674012],[-89.74366233190312,15.94264581486946],[-89.74269438215782,15.943359058306656],[-89.74252467845724,15.946751010387832],[-89.74673811979709,15.95051845224064],[-89.74660658863135,15.952343507068857],[-89.74030053101379,15.958852043774527],[-89.73213823487231,15.962517686084988],[-89.73026381643923,15.965599305346027],[-89.72768449859278,15.964930385729641],[-89.72105610016393,15.966891164461126],[-89.71617077681172,15.966001868485678],[-89.71479505153803,15.964277999820169],[-89.7121068607812,15.967174323336968],[-89.7101977977302,15.964540634158139],[-89.70710122576054,15.963518258478079],[-89.70605263162643,15.961305091153426],[-89.70322404701326,15.961089109549228],[-89.70111197102524,15.963809034049845],[-89.70185111902313,15.969313694531735],[-89.69926582926351,15.972926828025132],[-89.69841784157009,15.97637025685922],[-89.69132389849838,15.977915475457547],[-89.68885316045325,15.980716588829518],[-89.68614937797882,15.981833817696991],[-89.68025795189244,15.977300233807219],[-89.67779326883444,15.972805974276746],[-89.67184428099414,15.975305957760433],[-89.66875072001106,15.974110431494019],[-89.66620888198852,15.974256087257972],[-89.66629296037887,15.977664094200748],[-89.66347100599681,15.98242172082036],[-89.66090083317968,15.981949612301023],[-89.65739307719207,15.978057344733855],[-89.65151858760989,15.974522005964635],[-89.64953203270733,15.978132412491076],[-89.64821228261849,15.985332481275943],[-89.64628402472786,15.987709265077472],[-89.647473702556,15.991356775703284],[-89.64529634929207,15.991075655417404],[-89.64131524442419,15.993358235487737],[-89.64120686724293,15.995270298789112],[-89.63973075043091,15.997316676411206],[-89.6400207310114,16.00058904108832],[-89.63758745289401,16.00032977252591],[-89.6362798816585,16.001850666850345],[-89.63610555124633,16.005954143496044],[-89.63839370215572,16.009588439690695],[-89.63841357063683,16.012581243632834],[-89.63374300847522,16.017158076120687],[-89.63003410581697,16.017122393776816],[-89.62830191621056,16.01848984433191],[-89.62471827189316,16.016521995085608],[-89.61940804995042,16.018361095699436],[-89.61660584119338,16.01558399012537],[-89.61772363919718,16.01273894643145],[-89.61606216819725,16.011295511275748],[-89.61198017499079,16.014054249011217],[-89.60778475631052,16.013234190356798],[-89.60556874910242,16.014335389022822],[-89.60354380580945,16.011660722474456],[-89.60061670183345,16.01149023615093],[-89.5984120683247,16.01463836510075],[-89.59652902972918,16.014608491446257],[-89.59390718156209,16.012879992250905],[-89.5939506551564,16.00811905929068],[-89.59063149797181,16.00922853490339],[-89.58965438835473,16.013351765501035],[-89.59589512171009,16.01975498432067],[-89.59504758311286,16.021023327290816],[-89.59381417070797,16.021071437757982],[-89.58764908886344,16.01776778856307],[-89.5873586949885,16.013646983635407],[-89.58257791502785,16.011041134905632],[-89.5816904145427,16.01194884348918],[-89.58161251178286,16.014467172314657],[-89.57678301939471,16.0160544274328],[-89.57592743084369,16.019156084325573],[-89.5732485603171,16.02145794699168],[-89.56829064304237,16.022390745209105],[-89.57024884355774,16.02621211852039],[-89.56584423655067,16.0307970255577],[-89.5635881597517,16.028770508279507],[-89.56175717947974,16.03178871505473],[-89.55786496758255,16.030231212385388],[-89.55670270678678,16.032248004736527],[-89.55367108756488,16.030005838653135],[-89.55050254775871,16.031012073111],[-89.54732292777263,16.029274056052234],[-89.54691649626415,16.029908381426488],[-89.54908244523055,16.0330923588315],[-89.54672078548623,16.033852011348845],[-89.54859472872795,16.036446834018683],[-89.54813742639664,16.042062906908935],[-89.54544138299805,16.0432955318914],[-89.54407216716461,16.042452038954163],[-89.54131650350202,16.04308226546346],[-89.53947182116922,16.045515518126262],[-89.53665642361972,16.04558282171984],[-89.53452899576293,16.048235969827317],[-89.52890504628849,16.05066429458725],[-89.5278393481599,16.053076190743734],[-89.52642956320162,16.051883291606906],[-89.52409930133652,16.05280110572523],[-89.52224917361688,16.049521623864933],[-89.52024455043427,16.04845442239534],[-89.5187470676342,16.04425773656274],[-89.51345305296532,16.045093384741065],[-89.510459123098,16.043391707897474],[-89.51183820931955,16.036993241619097],[-89.50836953950736,16.03653168013059],[-89.50744447605017,16.04023871962874],[-89.50394028887254,16.04043991341071],[-89.50456429353551,16.043357610439042],[-89.50339478131785,16.04572251129783],[-89.50129760869503,16.04461979549246],[-89.50081606084935,16.041564521952257],[-89.50152407330287,16.03526239724138],[-89.5013695113473,16.010089697150406],[-89.50045550747775,16.00206306777967],[-89.49998147744068,15.84441862449209],[-89.49297581375617,15.849448979588153],[-89.49186853194135,15.85285077279653],[-89.48898097041503,15.855161987211208],[-89.4866082641414,15.853689471741937],[-89.4827474257316,15.854216826790108],[-89.48160084517592,15.85762127531711],[-89.47843091991695,15.859201135329458],[-89.47765657657297,15.860832370982903],[-89.47188847250143,15.860533030207387],[-89.46729083464476,15.862097307910318],[-89.46508155698488,15.861854748581806],[-89.46401565950458,15.860715869705725],[-89.46405747755888,15.855712878858345],[-89.46121134210514,15.85363103902767],[-89.4600167580535,15.849918834999466],[-89.45528985003071,15.8478219672986],[-89.44785468343198,15.850002757388385],[-89.44283661504959,15.848601477028286],[-89.4389993727566,15.851111803998293],[-89.4378973762364,15.854096929331195],[-89.43431787204025,15.854369663131104],[-89.43321535874111,15.855590248469872],[-89.42944615174237,15.85647463202397],[-89.42667151256761,15.858924368872167],[-89.41880712116308,15.859705888369469],[-89.4170541646178,15.858649093139428],[-89.41480021228033,15.85936198507308],[-89.41229556001359,15.856195428708924],[-89.40687461540298,15.859093975539293],[-89.4059170656814,15.861660433640218],[-89.40361279854436,15.86392470791073],[-89.40335445285002,15.86613386152511],[-89.40104106485622,15.867627406601718],[-89.39884620686684,15.867008733724239],[-89.39529843360837,15.861919190655025],[-89.39191547670842,15.861885344565163],[-89.39269646124147,15.86796894083216],[-89.39179624179874,15.868580040559976],[-89.38943526501498,15.86757267709157],[-89.38811576650603,15.869014971162182],[-89.39172508065509,15.873882275255847],[-89.38835908761789,15.874161115069636],[-89.38578052568336,15.87172635209827],[-89.38210574698725,15.875068468598691],[-89.3825464103268,15.876271671246306],[-89.38752802270815,15.877361304465085],[-89.38988198860808,15.881380736018679],[-89.38837848580154,15.882774812407355],[-89.38375660586736,15.882876868724377],[-89.37999838694749,15.887642337158915],[-89.3797768839244,15.889695212584925],[-89.38102180925827,15.892432627056166],[-89.37777043994846,15.901131273451329],[-89.37752693280702,15.9056758061467],[-89.36622446544824,15.916904548335415],[-89.3638071071796,15.918361929774692],[-89.35504646960455,15.920493896519412],[-89.3436127027693,15.919104485410289],[-89.33803498312321,15.920319520220927],[-89.33646408582796,15.919643051635134],[-89.33509980873464,15.916511993327417],[-89.33074854912844,15.914392780563501],[-89.32476227983341,15.915195550457483],[-89.31735576709367,15.919115550454892],[-89.3145519487508,15.916407665347984],[-89.30709800431735,15.9178447375894],[-89.29252492493619,15.91447672436328],[-89.28816676967372,15.9152737171219],[-89.28545162027673,15.91471257682115],[-89.28080888011654,15.91592864705447],[-89.27326960891573,15.915105864585959],[-89.26705328163739,15.919591587982602],[-89.26345580807256,15.919876686704736],[-89.25893386431174,15.916422147805362],[-89.25547727891572,15.91722280475996],[-89.24905664191564,15.91653027633262],[-89.24087908493762,15.911503691626647],[-89.23797397464725,15.911207132980808],[-89.23193506303578,15.906161188847928],[-89.2301946440416,15.902890124694371],[-89.23030799744332,15.898063263570162],[-89.22712372553352,15.897873392507408],[-89.22579348844688,15.896611628621875],[-89.21980781053209,15.992436151170162],[-89.21650725324402,16.064117721307593],[-89.19824298765535,16.339515301934238],[-89.19687321963885,16.350133500799547],[-89.19537148278258,16.385252972892143],[-89.18944831325011,16.46534902646061],[-89.18105281996421,16.60858980423307],[-89.17338547272966,16.706225231658387],[-89.17005309515947,16.767732989626065],[-89.16751706462098,16.795066557807644],[-89.1536906369005,17.012436896703928],[-89.15155101431242,17.097341091588312]]]]},"properties":{"FID":11,"DEPARTAMEN":"PETEN","AREA_KM2":35999.924,"COD_DEP":17,"COUNT":12,"REGION":"Petén","REG_NUM":8,"POBLACION":366735,"VIVIENDAS":81652,"Perimeter":1046.16732386,"Area":35926.9279395},"id":11},{"type":"Feature","geometry":{"type":"MultiPolygon","coordinates":[[[[-91.54440808894496,15.11611180464046],[-91.51146463550354,15.146114074897033],[-91.51981526577522,15.20761813838237],[-91.5684039262864,15.226174863711572],[-91.57804485943387,15.198121400507109],[-91.58576500093903,15.172019996446375],[-91.58677629231485,15.17109196623371],[-91.62716744847717,15.149287961979661],[-91.66846776782013,15.147228222764532],[-91.67400058141686,15.144166063260778],[-91.67695835798756,15.144307704788105],[-91.67835361977043,15.143468469379142],[-91.68081901706665,15.139437921036293],[-91.68531751472293,15.139372637769457],[-91.6860908475754,15.13666881104822],[-91.68828189869247,15.133992428390389],[-91.68681587316105,15.131985148676288],[-91.68712682893081,15.128993895130677],[-91.69205540098072,15.124200131341835],[-91.69342235536614,15.118171055146961],[-91.69411391298371,15.117299390175777],[-91.69813375319984,15.117644587052373],[-91.70297647714604,15.109859227289705],[-91.70320142784857,15.102501536513147],[-91.70097581954661,15.100430110617333],[-91.7004733473083,15.095946079866167],[-91.69380070464759,15.089017617959447],[-91.69403878967412,15.084213570950212],[-91.69299103822073,15.082401965730742],[-91.6862573120163,15.078898790808555],[-91.68538895078211,15.075158349041194],[-91.6837022595451,15.072696707093572],[-91.67624989889295,15.069835385235306],[-91.67625661622859,15.066868347666771],[-91.67304945843735,15.061449895065362],[-91.66625132240303,15.057901749466424],[-91.6631982064879,15.05711433619176],[-91.66013552559257,15.058046500716998],[-91.66004461046184,15.053990828581833],[-91.66941127757622,15.008736417322034],[-91.67101612014461,15.002053468465425],[-91.67251411648401,15.00145884579321],[-91.6751426452908,14.986029677985954],[-91.67718487410018,14.968428767949858],[-91.67458137827357,14.956609660761586],[-91.6752081168626,14.954003242350623],[-91.67744249646879,14.950483010384575],[-91.68140595691897,14.946889127265322],[-91.69584263846252,14.938553087505264],[-91.70064903740575,14.932387445059929],[-91.70449082308298,14.929296349678914],[-91.72555044522487,14.9238837383968],[-91.72426197997991,14.917831502026628],[-91.71689347222105,14.91305935535288],[-91.71301776175501,14.907668250917789],[-91.71282221078688,14.900198418802779],[-91.71957598609933,14.897128994696532],[-91.72309186774221,14.89328994298942],[-91.72501410386458,14.89310968616981],[-91.72873753274416,14.894764236599203],[-91.7305781129928,14.893649035504065],[-91.7342853463158,14.894306816710795],[-91.7370234540234,14.892793135066164],[-91.73800140043348,14.886068689721652],[-91.74060278190981,14.881667240004024],[-91.74191873639421,14.880633799223766],[-91.74442665468185,14.881114200769785],[-91.7528270461965,14.878017691861018],[-91.75683102878827,14.872679020734505],[-91.75582826411683,14.868649895133455],[-91.75715684712168,14.865281978964974],[-91.75691699711462,14.861416303453177],[-91.76116509193562,14.85526076670211],[-91.76225601927823,14.851571752562931],[-91.76643503513075,14.847189720135272],[-91.76697609207328,14.842935010428294],[-91.77323420217215,14.83245888880367],[-91.7706579601178,14.824822541443968],[-91.77961137376344,14.81616621122582],[-91.77984863758658,14.804901886364528],[-91.78109051913995,14.801416915955395],[-91.7776614182096,14.798001002638555],[-91.77532891669209,14.793625893658245],[-91.77800156729671,14.7918027771368],[-91.77892189260562,14.787243783628588],[-91.77887005119635,14.78478022024206],[-91.77611146262885,14.782579151992106],[-91.77594418694132,14.781240403957767],[-91.78107335230784,14.773178230898365],[-91.78106578848559,14.766723903067286],[-91.78352501379929,14.759984265426157],[-91.78636133233094,14.756092923400196],[-91.78810022514028,14.741505267151615],[-91.79152055703679,14.737553614315793],[-91.80019036343187,14.732884527587828],[-91.80709839069257,14.73432138978426],[-91.819438961521,14.731708898120182],[-91.8205775092086,14.730929372769081],[-91.82342781973362,14.724235236704383],[-91.82857497327822,14.720365180858838],[-91.83449386154648,14.719035676059077],[-91.83668387157732,14.717433074817578],[-91.84464274136401,14.718152019329276],[-91.84890003268094,14.72170892306585],[-91.86121793648557,14.719009256607062],[-91.87088170316369,14.71909949855012],[-91.87489032324044,14.720073844305652],[-91.88020342091626,14.717743553859188],[-91.88852650309055,14.719842484750478],[-91.8938073561565,14.719507292373764],[-91.89563314939957,14.720874260843862],[-91.89996701934082,14.71802920634406],[-91.90128305388664,14.720922598561417],[-91.90478316579251,14.72344438187682],[-91.90834358821874,14.722612560561268],[-91.91173156805164,14.72564334940861],[-91.91432826544438,14.72564536890082],[-91.91617530618849,14.727097035982375],[-91.91807826360034,14.726044860895719],[-91.92204619352042,14.72663627936168],[-91.92837508857112,14.730694129242325],[-91.93077774278058,14.730026103324938],[-91.9326417353768,14.728145330757592],[-91.93514926632126,14.72834784998288],[-91.93765071272443,14.725492505259064],[-91.94106481460983,14.727780593966902],[-91.94350620780968,14.7282166301274],[-91.94580124346902,14.722748788651161],[-91.95272660548397,14.720751829343754],[-91.95327837359306,14.714852249989923],[-91.9564043188616,14.713528407543738],[-91.95923771112056,14.71402931913604],[-91.96352378373167,14.716447558883818],[-91.96992505681692,14.714480488092743],[-91.98531117054047,14.713168606765029],[-91.99444040049596,14.715671860801367],[-92.00338469017932,14.71574214444222],[-92.01041691464782,14.718871964397911],[-92.01410956703148,14.717985940433472],[-92.01840086934112,14.719012153364906],[-92.02462059697893,14.71863499962717],[-92.02934524952444,14.71580940311967],[-92.03650735233141,14.714310348960817],[-92.04123726149848,14.710360123755681],[-92.04907374993785,14.709245409429878],[-92.05803262065689,14.695597094438101],[-92.06151454668102,14.69336353629518],[-92.06880430498785,14.684258684341266],[-92.07113841063767,14.684226222212228],[-92.0781017340465,14.68830974720082],[-92.08227439024512,14.686839127305177],[-92.08701735330209,14.679267225667902],[-92.09006294350651,14.665350050728446],[-92.09180143764276,14.661640074177333],[-92.09357125471945,14.660883058413349],[-92.09899930390114,14.661668079343832],[-92.10292845425072,14.660834594640887],[-92.10822767823764,14.650291112550565],[-92.11324020393013,14.645829544612393],[-92.1153054638641,14.641972566434617],[-92.12538786212586,14.634760115235826],[-92.12996822769189,14.62934047991203],[-92.1359308915997,14.627711627024718],[-92.1377068297687,14.62587505060222],[-92.13909976716022,14.62313863109686],[-92.13927309202005,14.619610034794789],[-92.1376670775574,14.617175561483123],[-92.13301777574873,14.61572651064249],[-92.08833072614455,14.593162670165418],[-92.08603087609006,14.592718602396426],[-92.08364551321594,14.59807819757276],[-92.05316992397623,14.587410869875487],[-92.05284809131356,14.5705343931499],[-92.05076463022688,14.566370715930217],[-92.04413911050364,14.562426951215903],[-92.0380213368873,14.560780244508058],[-92.01913378435384,14.548084796631068],[-92.00614730309684,14.545419625482854],[-91.99163009359533,14.536938735114969],[-91.97905932369858,14.534291986600637],[-91.9687120595766,14.534289621004687],[-91.94597265634802,14.52885244310817],[-91.93845977463434,14.528713450860396],[-91.93307880381879,14.530319651274661],[-91.92172613458719,14.529833775483324],[-91.91452114009697,14.525680464245639],[-91.90006055642601,14.512052867891134],[-91.89813705485446,14.511182771172761],[-91.89483167608306,14.511449732099319],[-91.88899161646133,14.507694239796676],[-91.88676930621067,14.507680321046324],[-91.87954786195198,14.513997753948178],[-91.87226551402668,14.513938006598568],[-91.86732774397095,14.50833763987136],[-91.85655293882995,14.505721420630238],[-91.84789129457634,14.499144276802685],[-91.83702514425654,14.497392337098347],[-91.83164938862461,14.493947419664474],[-91.8250671119313,14.494121384152658],[-91.81766242569213,14.496284328045139],[-91.80682265854861,14.493809083695227],[-91.80557479842707,14.494875102007788],[-91.80370823358764,14.501548339267808],[-91.79874969284886,14.50449262131031],[-91.80072493257791,14.511279233097634],[-91.79804802349749,14.5145876839671],[-91.79953191255323,14.518284674412488],[-91.79612632272539,14.523331793264296],[-91.79538545113702,14.532801740591925],[-91.79184788393339,14.53261403504279],[-91.78943693485571,14.535043474755717],[-91.78629120594223,14.540314357586318],[-91.7851986232105,14.548769944824407],[-91.7820955418167,14.552235269074952],[-91.7822122810419,14.558764858414271],[-91.7807039469693,14.565445302561375],[-91.78446856878004,14.570655991413169],[-91.78602226599841,14.575494693433185],[-91.78425078858596,14.580538717969228],[-91.78345192634417,14.587095167896454],[-91.77782469048236,14.59369418042854],[-91.76065946623596,14.589470295074019],[-91.75445985953493,14.588989846818205],[-91.75283373433015,14.595271646392568],[-91.7534379871865,14.598410507133057],[-91.7519394887779,14.605085064324273],[-91.75402792838061,14.611715514176998],[-91.75284868388474,14.615981574987277],[-91.75364518058278,14.623618688369227],[-91.75227889373441,14.629959461831778],[-91.75066362280931,14.632191503398138],[-91.75008241991628,14.64240089992727],[-91.74871249821585,14.645551753891057],[-91.74313294254698,14.650760131231735],[-91.73307452631141,14.674389200370182],[-91.73214823191326,14.675202225101119],[-91.72795377054385,14.673927319329026],[-91.72777638384586,14.666860825210966],[-91.71258384933988,14.659385119609],[-91.71416334012557,14.661695540739592],[-91.7140425952802,14.663690340373016],[-91.71091944120299,14.671889930658926],[-91.70457879886811,14.682002581872418],[-91.70304891784235,14.689976997532312],[-91.69965754591225,14.691763647430658],[-91.69670932540632,14.69603518000182],[-91.69287979028373,14.698179700829693],[-91.68966963791864,14.702343438217937],[-91.68214833031865,14.708947005844406],[-91.67877869995799,14.71071083620196],[-91.67527538290854,14.70922533638864],[-91.67245796727777,14.709889426863256],[-91.66962825665331,14.712484435462274],[-91.66953338462004,14.71425107718384],[-91.6663357044701,14.713958124312981],[-91.66527119630834,14.712710220987647],[-91.6667926496666,14.706958679319158],[-91.66634017254634,14.698883969416194],[-91.66790055292668,14.693195903343042],[-91.66766549587577,14.686489630518889],[-91.67176534913727,14.68023417149072],[-91.67246130043422,14.668670037371475],[-91.67721080655464,14.659287132233974],[-91.68107931040961,14.647912688272907],[-91.68173971485781,14.642273580896365],[-91.68005814964751,14.640616620700383],[-91.67429304367981,14.640844870743651],[-91.67297348830938,14.641816993875805],[-91.66958027541536,14.649678822254845],[-91.66748125482496,14.652389916226555],[-91.66028686763508,14.654866043356611],[-91.65715496125289,14.654875100187079],[-91.65565133882573,14.653841582210854],[-91.6556527066898,14.652570435426687],[-91.65738680796032,14.650631348132622],[-91.65729179581211,14.644696482772622],[-91.65909039393631,14.635853952895976],[-91.65746009534298,14.62599281025974],[-91.65366477479476,14.619060339973197],[-91.65336749173585,14.607379799346843],[-91.6487570465914,14.610488653591414],[-91.63796822165932,14.62045272175607],[-91.63528097237503,14.628398337761995],[-91.63569157847373,14.634345192233605],[-91.63212349880021,14.636533227770746],[-91.62570658291193,14.644551651037853],[-91.62576882753187,14.653652253951257],[-91.60756690966501,14.653590322349785],[-91.60695763249639,14.652301985029709],[-91.60807527966782,14.649355131035614],[-91.60995730170248,14.64738906351196],[-91.60943167307505,14.641943214798017],[-91.61134294436322,14.633839699306622],[-91.60978464947331,14.632333289634227],[-91.60837161017027,14.627944238883373],[-91.60536644448393,14.627155679461916],[-91.6020234343279,14.62758872920955],[-91.59895665469453,14.629841393016903],[-91.59528750500444,14.630732246297969],[-91.59195258060943,14.633982011138691],[-91.5890178486856,14.639420478235195],[-91.59054823703552,14.642190067602751],[-91.59027476029095,14.644034648684412],[-91.58729794126529,14.649218595637933],[-91.58196907024163,14.65043921623703],[-91.57650903185437,14.648420667910196],[-91.57479255112735,14.650765963280321],[-91.5657130678434,14.652026464862619],[-91.56016297509932,14.657066442147343],[-91.55765007181226,14.66154437338725],[-91.55431594142003,14.663810521776343],[-91.53726585758673,14.681786170102779],[-91.53329028896145,14.683999341110395],[-91.52714057662183,14.68379770508555],[-91.51650761004686,14.685511779590364],[-91.5074638784669,14.694610088384144],[-91.49704443342942,14.701420170293252],[-91.49302582534071,14.705656976550953],[-91.49007188111007,14.706211712261945],[-91.48597101280436,14.717209905612728],[-91.48321970507182,14.720584798940006],[-91.4722927516678,14.72614179210905],[-91.46230847331528,14.738571543354343],[-91.4550933612037,14.741020376855861],[-91.4490166252613,14.741638395932888],[-91.4461109330798,14.744641148789068],[-91.44420917996875,14.763764000422244],[-91.40810200031581,14.801117507691893],[-91.40410574489464,14.819969765800664],[-91.40422882028997,14.82274763709461],[-91.41942622026296,14.845972604193816],[-91.42249343424018,14.849055417951616],[-91.43853735516775,14.85691430566367],[-91.44595629917686,14.863000035370726],[-91.44544805871574,14.871037401402505],[-91.44049389792904,14.87860169496385],[-91.4396385663784,14.882847312119763],[-91.43929586242388,14.890675610837485],[-91.4404588941393,14.891788471845638],[-91.45344101608252,14.894217393720385],[-91.45773289466406,14.895890187558411],[-91.46576622642868,14.896275151400209],[-91.47617502470189,14.894081592576898],[-91.48239803315587,14.890774107010017],[-91.48835234647856,14.88507170306211],[-91.49916914911199,14.884759749844102],[-91.50430854414738,14.891434460571084],[-91.52626026358587,14.945879924427413],[-91.54715369662284,14.940657173954998],[-91.55419383794359,14.939736935991387],[-91.52900520855206,14.959420589837455],[-91.53117155529556,14.961541679748997],[-91.5324418546033,14.970414525278608],[-91.53699756580123,14.974808341703863],[-91.54119468977395,14.985411624354219],[-91.53985775700184,15.001130355498397],[-91.54190745111285,15.026943232649861],[-91.54393640814835,15.037946117957661],[-91.54459817542687,15.059317725936975],[-91.54610298562827,15.069811067872358],[-91.54907069489724,15.112935321392065],[-91.54440808894496,15.11611180464046]]]]},"properties":{"FID":12,"DEPARTAMEN":"QUETZALTENANGO","AREA_KM2":2132.488,"COD_DEP":9,"COUNT":24,"REGION":"Sur-Occidente","REG_NUM":6,"POBLACION":624716,"VIVIENDAS":143085,"Perimeter":334.456386722,"Area":2133.23278649},"id":12},{"type":"Feature","geometry":{"type":"MultiPolygon","coordinates":[[[[-90.43292505767886,16.062732835073778],[-90.43831586508168,16.064906555809426],[-90.44451747350102,16.07382145371984],[-91.1075813938912,16.074335698832133],[-91.10769402976027,16.072184961444098],[-91.11200994659694,16.067045362535115],[-91.11199779356673,16.06325684145139],[-91.10741242620145,16.054897438127952],[-91.10718686609755,16.05274709760418],[-91.11827303967686,16.043119552246424],[-91.11828660794127,16.04055451569929],[-91.1170004271192,16.03821300469777],[-91.1183470540905,16.03623008390385],[-91.12655681429541,16.03429819110481],[-91.13197618242914,16.030858596890873],[-91.13237629084767,16.028466335274743],[-91.13031338590375,16.026180254993903],[-91.1240982485169,16.023927924890454],[-91.12703286060272,16.01695948805062],[-91.1272343989388,16.006932105705246],[-91.12953884611187,16.001816185259145],[-91.12901202457381,16.00076564590528],[-91.12591636790395,15.999935562777143],[-91.12041512922671,15.995982706270064],[-91.10949775184902,15.99574009240897],[-91.10694566188259,15.993009020737846],[-91.10403254807235,15.985351146204405],[-91.10034030545917,15.980283139930117],[-91.09423473994578,15.978609390863543],[-91.09779248985737,15.973734242465298],[-91.09728260933015,15.971842302182626],[-91.09462228491576,15.969615064971475],[-91.06404914689713,15.970533812534104],[-91.06122520200101,15.969883772185947],[-91.06744268175238,15.94606418911662],[-91.04816653684422,15.93877686768432],[-91.04712206089032,15.937657111269006],[-91.05177533204002,15.916772959279282],[-91.0528379273556,15.916005451114337],[-91.05934903491313,15.918905930112768],[-91.06161953564329,15.913109372386323],[-91.091535170841,15.803678279214552],[-91.09266169028874,15.80086094638598],[-91.14425389231911,15.83253567476708],[-91.15248371695229,15.83206488251019],[-91.14735575017882,15.82096383935435],[-91.14746463416989,15.819577666053508],[-91.15518639344714,15.809198321171838],[-91.16791301635291,15.801649799254754],[-91.1694900746699,15.79862904732537],[-91.16239677854564,15.795990353175064],[-91.15272107389606,15.790042464238502],[-91.14608591063197,15.783845656267712],[-91.13968112642414,15.775711191362591],[-91.15781111996296,15.751316409374425],[-91.15815403136502,15.716406315190248],[-91.16097455281252,15.713272916292551],[-91.16610750243072,15.713258481019079],[-91.16829548513245,15.711858089548173],[-91.1679294435814,15.708713640665723],[-91.16556311102401,15.703856896922792],[-91.16542844828669,15.700140560659],[-91.16739120451253,15.698286436113355],[-91.18440025621476,15.693333942564717],[-91.18894868046527,15.684521270106272],[-91.19083900321179,15.68343668541127],[-91.19341187404116,15.679782228839988],[-91.19647691236766,15.680017626242176],[-91.19739461865133,15.677352546020657],[-91.20112274701165,15.674962484275191],[-91.20027949997717,15.67133290405585],[-91.2007757845725,15.669648223308341],[-91.19865796849535,15.667975930261404],[-91.19874970901486,15.666621158011356],[-91.20505835999349,15.665094910428525],[-91.20867460800076,15.665941237689674],[-91.20979221769088,15.665329092741745],[-91.20979570794913,15.662250927238123],[-91.21288271752883,15.66328714726447],[-91.21444502123103,15.660333524295444],[-91.21695170590138,15.662143260382836],[-91.22124674619391,15.660066934117093],[-91.22100894124007,15.657098624176633],[-91.21642093079804,15.654650711384207],[-91.21703906822597,15.652067789727884],[-91.21620206037889,15.648161540625923],[-91.21438957332009,15.64556899632749],[-91.2155846497041,15.643939653662528],[-91.21734182414966,15.643632011283525],[-91.2235195632001,15.647859500525207],[-91.22524249468668,15.650173369474317],[-91.2305815814443,15.650627729736112],[-91.23362255817106,15.647651977613558],[-91.23342712442503,15.642373918616917],[-91.2314088328186,15.639425136449514],[-91.23657651881513,15.633388224724872],[-91.23301208366554,15.631915875328966],[-91.23383106485748,15.629597696684252],[-91.23594700271872,15.629306332807465],[-91.24061706175594,15.624777862584375],[-91.24305266945177,15.62417494798253],[-91.2444737502073,15.62272570163051],[-91.24690443220776,15.624205750845249],[-91.24895323665147,15.623233674994836],[-91.2512516166536,15.623962541793441],[-91.25235550693304,15.62087160953503],[-91.25903212689786,15.617949189664188],[-91.26418895379645,15.62058820637449],[-91.27105125347278,15.622542433138133],[-91.27271975852058,15.62179983351438],[-91.27260447081613,15.619143123452295],[-91.27557820341526,15.61864460366513],[-91.27650931984503,15.615607506542693],[-91.27992494960851,15.617045226505113],[-91.28172993530094,15.613694120904674],[-91.2822468844744,15.605296922170279],[-91.28680268097173,15.603327352820301],[-91.2902206873501,15.604465561392088],[-91.29161521127072,15.603564774294515],[-91.29352673714111,15.603924174240618],[-91.29464055606442,15.598199788702098],[-91.29062593754453,15.595713850663678],[-91.28458312901193,15.595784261872032],[-91.27834864524374,15.591585171111195],[-91.27584874029257,15.590939754155542],[-91.2735773134246,15.585759419979043],[-91.31953112254648,15.555507849238413],[-91.31952842860025,15.463392348685922],[-91.30524170866471,15.42865198265007],[-91.24046086171188,15.379325459636766],[-91.17127554076491,15.386463912871752],[-91.15905358158732,15.366205214339601],[-91.15796720822641,15.362513698651476],[-91.16699438897885,15.35276725438159],[-91.1741337382765,15.343222921304422],[-91.17695139261383,15.33268962825052],[-91.18162555570666,15.321849437198706],[-91.18275219475325,15.305411197624492],[-91.1846049430043,15.29610791500078],[-91.18822789029362,15.285413666193184],[-91.19163937455818,15.286035444650258],[-91.19522290510514,15.285254418181317],[-91.20484091786045,15.280327437352584],[-91.20808043287626,15.281670555623384],[-91.20922628526453,15.284122020618529],[-91.21066224548352,15.284754809888366],[-91.218234561505,15.284660452161198],[-91.22474220168345,15.285722071020958],[-91.23110774616595,15.284934261140114],[-91.23334987531645,15.28158784133098],[-91.23802910458741,15.281552418917071],[-91.24947870471637,15.27175424570613],[-91.25477395715482,15.270942660971247],[-91.25774346729541,15.269217039267055],[-91.26503869167742,15.269866730274074],[-91.27359155981999,15.268361415076631],[-91.2745176663263,15.269099452565184],[-91.27472746454085,15.272049540013303],[-91.27922245431253,15.272828575415657],[-91.2818279912618,15.274983682933813],[-91.28461234880231,15.274044790569256],[-91.28598005028395,15.275370216568728],[-91.28648019615356,15.278341733467478],[-91.28983922965946,15.27930166593628],[-91.29500061173873,15.275126146310331],[-91.2948004822153,15.270655559563858],[-91.29979885254438,15.267608350923872],[-91.30422885220214,15.26685000199583],[-91.30634177980671,15.267769740057757],[-91.30940241823633,15.271399987645689],[-91.31031603033935,15.274226612310592],[-91.31204220719934,15.27484288604718],[-91.31457110194992,15.271780103193972],[-91.31752815044258,15.270984425810974],[-91.31809365335883,15.268511230190223],[-91.32052845787702,15.269429868367821],[-91.32627298314912,15.267414527480692],[-91.32242044362806,15.26382375170585],[-91.32374056695444,15.25899847854806],[-91.31870083673246,15.25165831933336],[-91.31341605927352,15.248313126221287],[-91.31088127271683,15.24494109601618],[-91.31260704468818,15.239088658633456],[-91.31442574839349,15.238645922157943],[-91.31558214171594,15.236917115161445],[-91.31530898776771,15.232130759152612],[-91.31844922307484,15.228048938566419],[-91.31779292005744,15.219782464565498],[-91.32016480441122,15.218296565102511],[-91.32218637920846,15.219318239895266],[-91.323379523916,15.21865609645122],[-91.32067365999596,15.212957966160952],[-91.31716387477537,15.211894646392903],[-91.31652759599876,15.21063477588569],[-91.31859661981706,15.20756953876433],[-91.31840330077159,15.20539339881522],[-91.31970881347416,15.202359715049178],[-91.30795640599433,15.20272463039986],[-91.30776944927212,15.200420883216829],[-91.30966479416502,15.198785760619215],[-91.30939276721219,15.196424889122373],[-91.30400741610495,15.191435129979395],[-91.29903663055777,15.188600479249832],[-91.2994064231538,15.183751198152116],[-91.29663087656522,15.180632579490759],[-91.29592924241219,15.17594352910171],[-91.29455805732577,15.175115248986728],[-91.29153867822417,15.175870738362878],[-91.29137818612934,15.172828368831338],[-91.2877763936375,15.16690061514989],[-91.2850037037558,15.166936022717328],[-91.27578752918313,15.161323442596114],[-91.273087919359,15.162539796596144],[-91.27098228930952,15.160795233238092],[-91.26835289332395,15.162029011333178],[-91.26643023929236,15.16466900281926],[-91.26417334821569,15.16542999171255],[-91.26317960533002,15.163131334349758],[-91.25988217422179,15.161632800267853],[-91.25890271329499,15.158022674476687],[-91.253279774176,15.152771362574912],[-91.25317276749344,15.148094780731569],[-91.25091673981656,15.146078899808508],[-91.24849262473705,15.144779043768088],[-91.24060990546634,15.144679326775623],[-91.24075920847422,15.141669902432945],[-91.23643342564043,15.138157882642997],[-91.23588888109201,15.133203397626636],[-91.22785720318517,15.123800404404712],[-91.2141771399793,15.11689778601786],[-91.20805483789522,15.115777292571094],[-91.20582727763932,15.112681304411417],[-91.20612349650767,15.110503407494013],[-91.209585917994,15.109377458046616],[-91.21339896622193,15.101989100196395],[-91.23035353473014,15.104849360531725],[-91.24955717485466,15.113715395311013],[-91.25118898490753,15.116159101754427],[-91.25139754195709,15.122848442133305],[-91.25313199382401,15.126897088558238],[-91.2556506791129,15.129766743312992],[-91.25730894364854,15.129849582794774],[-91.26096692715342,15.126507911361774],[-91.26524161789028,15.050019815676258],[-91.27289227002973,15.0360754971755],[-91.26410891871723,15.022554972375847],[-91.26371501739617,15.019158349829395],[-91.26669061262152,15.001503474670837],[-91.26225324036706,14.995590685373594],[-91.25915004205038,14.988487158779146],[-91.25474334450735,14.981784839472374],[-91.24162105770482,14.98541535432553],[-91.23690877488895,14.985314550257575],[-91.23425171449206,14.983731620945465],[-91.23258847447359,14.981067353461313],[-91.23455372329923,14.974177932020632],[-91.24203078563767,14.962044053969068],[-91.23886859443375,14.955748753451475],[-91.23880694722973,14.95141364863259],[-91.24104253028638,14.94671327863721],[-91.21934315034456,14.946946182977353],[-91.17649854564203,14.896430844746295],[-91.16192834846353,14.894492280224288],[-91.1602109770653,14.89270380919592],[-91.15681306974987,14.88651198466786],[-91.15724823089184,14.873915316527043],[-91.14606999136106,14.866563871980373],[-91.13866140580065,14.869773104342437],[-91.13481367724626,14.870084145032669],[-91.12646964527286,14.857904184257833],[-91.10518709123025,14.84091166281718],[-91.10254095235004,14.83633178956861],[-91.1014302907171,14.831063076443183],[-91.10208820822028,14.829389878859141],[-91.1062113021522,14.8264393750137],[-91.11574768474642,14.82471590171476],[-91.11912704038443,14.823011812703982],[-91.12425668797296,14.817888959770395],[-91.12625707133621,14.813000339878348],[-91.13083650060754,14.807607348950617],[-91.13587614544608,14.805670172888806],[-91.13604543701837,14.80162174921591],[-91.1314229577899,14.796416175150252],[-91.11672774334163,14.785863231733261],[-91.11078553961045,14.783330566783748],[-91.10926416877321,14.783987977896038],[-91.10450423377839,14.782967262901229],[-91.10298260410104,14.783586219289564],[-91.09543886855778,14.800640177701798],[-91.0889713482503,14.810613165790539],[-91.08458253367792,14.815077109131433],[-91.07487822321937,14.806666399429993],[-91.07233132630306,14.805881482510637],[-91.07039551038471,14.806896612462118],[-91.057069663236,14.807871280225696],[-91.04977517879843,14.80961473458036],[-91.02109377127856,14.823309126456822],[-91.01983242631037,14.825324743361119],[-91.02022868098042,14.827718343663078],[-91.02350263201542,14.832640975643052],[-91.03601623527342,14.830859502732276],[-91.03992006469211,14.832938492225479],[-91.04486845901799,14.843614609798337],[-91.04521101799914,14.846845904024567],[-91.04273736490762,14.858461899856545],[-91.04116829015096,14.861432896075257],[-91.03287752308252,14.872813736524096],[-91.02497449456139,14.88048119630649],[-91.02620578001853,14.884678017166848],[-91.02699281351066,14.899464200173975],[-91.02934829624571,14.903887579987915],[-91.02801813869223,14.909513852717454],[-91.02113471459099,14.917670968826101],[-91.01715191740283,14.924264807441224],[-91.01485200825881,14.931132962926782],[-91.0056757348868,14.933124714854205],[-91.0030110776822,14.932771618044619],[-90.99902735948257,14.938055871751232],[-90.99631571096081,14.938005002607062],[-90.9931990784718,14.93634092880543],[-90.99068695595436,14.936637387928279],[-90.9893985668805,14.93414217212281],[-90.9845813045216,14.935528625295715],[-90.97421454093481,14.935596237181809],[-90.97302230561945,14.934947474658678],[-90.97246422051674,14.932953401175022],[-90.96583953228782,14.929377160213953],[-90.9628334453302,14.925701989042862],[-90.95430252540943,14.9241303338971],[-90.95140455492292,14.922192097706056],[-90.94454166658018,14.925911051517835],[-90.9429284312348,14.924413477926368],[-90.93455993425717,14.923623066893901],[-90.93240275423301,14.920769613605023],[-90.92690481193969,14.920344851600001],[-90.92266239024262,14.921877518767367],[-90.91947198029551,14.919826695714915],[-90.91776756355021,14.92076675408171],[-90.91641602161752,14.924986714636944],[-90.91142887638203,14.924051172369081],[-90.90988255549264,14.92611420417512],[-90.90466059280762,14.92957238585573],[-90.90274110220767,14.929378583490605],[-90.89981941983515,14.931066338681283],[-90.89317778107215,14.930577146450979],[-90.88747325977012,14.934821081320843],[-90.88134091157698,14.9330938065333],[-90.87400250687567,14.935597496604705],[-90.87145192615728,14.935199897328335],[-90.86935167734502,14.932663848699255],[-90.86638895946845,14.931658087104942],[-90.86139512830641,14.932534200303778],[-90.85429656438374,14.93140258460206],[-90.85098020743982,14.928414489423876],[-90.84818449116983,14.928794802281127],[-90.84807924484701,14.926881626820636],[-90.82448722698264,14.925966025626474],[-90.82134534292679,14.923699805542492],[-90.81853223059699,14.924716595330233],[-90.81480095105648,14.9237141680206],[-90.81280124516906,14.924755598850103],[-90.8103380574909,14.922413283999548],[-90.8077132219081,14.923761537531538],[-90.79995400203086,14.92211033490422],[-90.79702794260787,14.92309301135551],[-90.79431059440272,14.92131959085816],[-90.79105706882544,14.921156050374284],[-90.78538478450857,14.918826538847828],[-90.78041842765872,14.920327970303523],[-90.77893321424101,14.923006091475909],[-90.77273612113297,14.925462159088248],[-90.77124291025525,14.927776462288602],[-90.7697445697337,14.927657947013964],[-90.7654043320205,14.924915146719002],[-90.76266492791957,14.924515655735256],[-90.75899274403632,14.92591743236502],[-90.75316032154984,14.924443924477862],[-90.7482547317877,14.918913570086923],[-90.74196084881534,14.915554823174736],[-90.73713430376377,14.915617818190043],[-90.73381528934084,14.91418904393512],[-90.72811246714821,14.915857065315342],[-90.72588993149908,14.914428902075246],[-90.72203136861735,14.915940031524876],[-90.71908179218026,14.914844510310557],[-90.71606613081947,14.91572131846356],[-90.71452940571535,14.914634192523499],[-90.71344159159253,14.911733252198687],[-90.70886240279161,14.908358059584796],[-90.70386798812739,14.908612944193845],[-90.70098487832688,14.907677119658548],[-90.69889632064482,14.909623490197516],[-90.69571625438573,14.906855046936945],[-90.69361208364211,14.909173896605166],[-90.69053701375132,14.90925356576362],[-90.68673383251385,14.904544134116147],[-90.68002876814026,14.901718406759205],[-90.6802948075049,14.900083537318137],[-90.67924667330463,14.898731244860985],[-90.67133092855026,14.896096312773581],[-90.66369286988645,14.889699858362956],[-90.65940037281962,14.88957925977908],[-90.65717961909682,14.886985060592025],[-90.65352529262847,14.885310138599047],[-90.64995374885937,14.885377447012008],[-90.64713138849987,14.890349175026454],[-90.64076415510556,14.890832557491404],[-90.63783557698616,14.888957069224213],[-90.63304612025236,14.889797555200772],[-90.63033010608412,14.88606644245436],[-90.62450177571873,14.88687342514936],[-90.62205449650074,14.885602412420793],[-90.6224123852244,14.888069159411694],[-90.62044081832582,14.896298325059814],[-90.61890656718337,14.901017583614998],[-90.61648256987638,14.902633251433283],[-90.6160214231103,14.90723038280587],[-90.61443877789102,14.909104355349566],[-90.61616765717032,14.911561673771338],[-90.61563161483278,14.914677494519536],[-90.61932549388013,14.916828899756382],[-90.62146475380732,14.91931192238204],[-90.62547690993802,14.919515099498318],[-90.62766301382013,14.921866432365016],[-90.63152855855705,14.922948859371195],[-90.63353116819863,14.922337172566943],[-90.63416546644855,14.924816944239767],[-90.63879778640384,14.931894861876312],[-90.63735414762749,14.934595960658656],[-90.64257065598619,14.941492412134755],[-90.6427480348702,14.9482250174833],[-90.64447701261167,14.948652805406782],[-90.64714790929338,14.951596266060367],[-90.64828719750338,14.954868373949138],[-90.65454153234627,14.957627314627834],[-90.65992883142457,14.965688476149515],[-90.6586954206417,14.982658731307904],[-90.65551406466211,14.98776560294863],[-90.65539005116149,14.997067740801917],[-90.65772599036804,15.003410388216926],[-90.66123295399224,15.004601764936382],[-90.66621514435448,15.008829198271787],[-90.66721299877365,15.010777373338618],[-90.67915928524806,15.019930936160378],[-90.75548688217337,15.07507759594998],[-90.80677198276476,15.156149345777559],[-90.81476246087851,15.236135663125859],[-90.813088896201,15.23700030707909],[-90.80396427996729,15.236437987383388],[-90.79849633721504,15.239238428006004],[-90.79234727634359,15.240523136818226],[-90.78696964510033,15.234224588510068],[-90.7825987860256,15.225232118035663],[-90.77920354281318,15.22289573392072],[-90.77545042528779,15.222856335799575],[-90.76991922832755,15.225155133770969],[-90.76422524844911,15.222371058195181],[-90.7552206399844,15.223147486126816],[-90.73310329068804,15.26618556351272],[-90.75316894057318,15.278782567053415],[-90.74468736204093,15.30210790846285],[-90.71697735310396,15.285370939340227],[-90.6772132023359,15.351678420191597],[-90.67444255516206,15.350121572265417],[-90.63419620383324,15.311082145068339],[-90.63041022408565,15.250228746937294],[-90.61454733430956,15.248860134644236],[-90.5560056317691,15.247494638505554],[-90.55303527605642,15.240182069747533],[-90.54795553983047,15.22150443685419],[-90.54642756627422,15.214559908348523],[-90.54632428367847,15.209067320517391],[-90.5443702560703,15.207137579912517],[-90.54282279580073,15.210165076830018],[-90.53711541282185,15.213345746987308],[-90.53335650485724,15.21716646267133],[-90.52723755572062,15.227927270098911],[-90.52764331043429,15.236250684484814],[-90.52179797151693,15.240206206765656],[-90.520622357826,15.244846700844327],[-90.5141821310585,15.248717478008068],[-90.51345188849643,15.254384769647972],[-90.51147124242813,15.258416630346398],[-90.50930372010451,15.260139426539778],[-90.50371610115744,15.259329725106458],[-90.50271147436389,15.260726641674031],[-90.50268073653979,15.265587490247261],[-90.50127627415236,15.266315968049511],[-90.49767819355442,15.265605063993808],[-90.4953900248743,15.266844187882066],[-90.49642307297215,15.269432550205323],[-90.49898370325435,15.271559199879546],[-90.49890229703755,15.27356938427302],[-90.49596444610711,15.275340996127927],[-90.4928010981407,15.275821633254171],[-90.4909104204047,15.281820145335416],[-90.49065863883547,15.289535306944035],[-90.48909792677401,15.291839396209664],[-90.48406186894739,15.294858691430596],[-90.48194697839061,15.2975776622982],[-90.48235510506939,15.300758638795532],[-90.48088266242014,15.303351579591403],[-90.48120587160244,15.308863347352426],[-90.48500222198655,15.316691800612519],[-90.48532448225414,15.323554061199854],[-90.4924638656213,15.326522816676759],[-90.49981244574226,15.333101470786952],[-90.50319272037694,15.334660342821005],[-90.50890318725926,15.33371354536918],[-90.51171567055293,15.3358666900763],[-90.526253630525,15.340370169645055],[-90.54074865282506,15.341797448388846],[-90.54784818923075,15.339647664147371],[-90.55407780095386,15.341144536643018],[-90.56205046925237,15.339553786943299],[-90.56790969726224,15.342550382356036],[-90.57119235217955,15.342708114460105],[-90.57381979907075,15.341159163742674],[-90.58297900359096,15.343846849218393],[-90.59105060122337,15.342612960331078],[-90.59625081676997,15.344218415166225],[-90.59956695190837,15.3404891801095],[-90.60218910617886,15.342394220229428],[-90.60632960500685,15.343615392467678],[-90.60894547875098,15.342044413507184],[-90.61239592845332,15.343932251571813],[-90.61842822313538,15.34453429053553],[-90.6216484519988,15.346211757206142],[-90.62641948659262,15.346340515410972],[-90.63084931274378,15.348038640143999],[-90.6388747426168,15.34812716621971],[-90.65313765805679,15.352099305267622],[-90.65732422733387,15.354408722890678],[-90.66298598456818,15.359910280861504],[-90.66792752293222,15.35819582301245],[-90.67158160558992,15.360011572317426],[-90.68345590026351,15.361690422023136],[-90.68963009316182,15.365453070121207],[-90.6953355196834,15.366033927617083],[-90.69913119070657,15.370683091103158],[-90.69886529177963,15.372957069051045],[-90.70069058447132,15.375641143223206],[-90.70827342192385,15.380462543860174],[-90.70900262174138,15.383924683615447],[-90.71385690033077,15.389116487310439],[-90.71421532133998,15.39717346770424],[-90.71680517021113,15.404342013371522],[-90.7147481983312,15.412060206507823],[-90.71780351084344,15.416702702674696],[-90.71759249947156,15.420299729765372],[-90.71074842434443,15.427331630694983],[-90.7098798842894,15.431365671721451],[-90.70165153394971,15.44340388262752],[-90.68702562739169,15.440531269427005],[-90.67776676363418,15.441133542113436],[-90.66814602925133,15.435152307469831],[-90.66485659716692,15.434406246597595],[-90.66123606555894,15.43661201643904],[-90.65045355686854,15.446971077908213],[-90.64910646838486,15.452183134556211],[-90.65111434969377,15.459934401732301],[-90.6510912438749,15.468075184631576],[-90.64913623071004,15.470852802417413],[-90.64472827417842,15.472750569051708],[-90.64206923694064,15.475988133437482],[-90.64192038313902,15.48002936832665],[-90.64000974740053,15.483851927366372],[-90.62910856751641,15.488666868915073],[-90.62612943878555,15.493787751863843],[-90.62237090246192,15.495968621906457],[-90.61958626076597,15.500048033277114],[-90.6123857018986,15.498061906228433],[-90.6108954526307,15.502128059397814],[-90.60556163780956,15.50379130242369],[-90.60422849731331,15.505175990206766],[-90.60529237486013,15.511285481522789],[-90.60432608664242,15.517560404216574],[-90.60723314780266,15.526749031280767],[-90.60795980394458,15.538218806434362],[-90.61002113159205,15.54223983892213],[-90.61318298480371,15.54522822621727],[-90.61384012481929,15.5475898350378],[-90.61263201998712,15.550482318553993],[-90.61400224748199,15.552929571314422],[-90.61345491025334,15.555997469824513],[-90.61546950270457,15.560607448500363],[-90.61820373303999,15.563935594387928],[-90.62089885316281,15.571683206286005],[-90.62528525572093,15.57486315093401],[-90.63390453641057,15.57558839869724],[-90.63944071844575,15.57946931155249],[-90.64164073241618,15.582447083140986],[-90.64126344488614,15.587429890867059],[-90.63348221462967,15.591455668334437],[-90.63196897814576,15.593516085719012],[-90.63128313915841,15.600383641306935],[-90.62970606718496,15.603377241232948],[-90.63104606952395,15.606468931840437],[-90.63001181486803,15.610689111432661],[-90.6372575491399,15.611422173193636],[-90.63876028507491,15.616291922893794],[-90.64403021282155,15.619502599059489],[-90.64530002010913,15.623714851228575],[-90.64532440142649,15.633610896688756],[-90.65136551459561,15.637507304249272],[-90.65770975140542,15.639008230594213],[-90.6597956588137,15.641073370388932],[-90.65951037845302,15.642947185681939],[-90.6552884575045,15.64531306025343],[-90.65525555129952,15.648200261674928],[-90.66782485756373,15.650633633644587],[-90.68264755416071,15.649491114608557],[-90.68620379184723,15.648217590011962],[-90.6914571301348,15.64895058231912],[-90.69582244867183,15.653217864398286],[-90.6979113453881,15.652983476465254],[-90.716570054975,15.658399606190187],[-90.72183248584803,15.658353908233492],[-90.73334465228956,15.661166816611802],[-90.74175479294202,15.66367500841621],[-90.74572838191796,15.666115797780568],[-90.75487884095809,15.668008885895205],[-90.7742445390398,15.676270262863634],[-90.78237358819543,15.678319029448787],[-90.78682191633364,15.677242629087065],[-90.7929650885625,15.678504080662014],[-90.7938590602238,15.6796018076301],[-90.79403599937194,15.6844519540256],[-90.79034920877768,15.691170571753945],[-90.77829269634957,15.702619708276233],[-90.77097249071923,15.70303300796468],[-90.77117980564053,15.705035199333963],[-90.77877103059205,15.711354468845942],[-90.78332174407234,15.71893125560463],[-90.78670848445873,15.719610493929975],[-90.79334355945956,15.716833956781995],[-90.79671837337709,15.718623083777722],[-90.79625759285517,15.720973151879022],[-90.79203024653657,15.723795604081808],[-90.78664034972465,15.721652808740679],[-90.77885506251312,15.724727974324761],[-90.77855686645555,15.726849245880162],[-90.78294748444632,15.737601313860004],[-90.78348655951955,15.741817021751995],[-90.78452659978579,15.743171525927687],[-90.78758324488054,15.743680295788232],[-90.79241944915083,15.74720550683122],[-90.79522231256047,15.747844871441346],[-90.79824215813994,15.746476130200627],[-90.80380742376359,15.740889985323975],[-90.80741987340784,15.740953460920371],[-90.81529139472475,15.743754291137286],[-90.8201966430659,15.7484022306847],[-90.81670382706382,15.75218792742347],[-90.81102210333513,15.75476346411575],[-90.8094438100056,15.767143533735174],[-90.80820747337735,15.770140849030637],[-90.80521716092518,15.771932372197107],[-90.79570392498235,15.773391324989468],[-90.79430132802328,15.78214091342564],[-90.79073718667412,15.783959129631533],[-90.78878953917378,15.78690500953957],[-90.78341247527187,15.788749813937809],[-90.78320337187414,15.79322893361214],[-90.77730708548854,15.797422942959749],[-90.77702410860081,15.799197635050412],[-90.7817449502795,15.802855281947446],[-90.78170472817918,15.805476083871916],[-90.77945192773993,15.809040985028632],[-90.77880628025407,15.814598657035342],[-90.77359751515026,15.816711361661474],[-90.7723371569115,15.821765769488167],[-90.76817591408368,15.829809041439342],[-90.75961435664875,15.83632394561733],[-90.75607214411508,15.836043374451258],[-90.75351592226207,15.833740180140738],[-90.75124155540067,15.833960537705693],[-90.74897865026496,15.839357797525839],[-90.74717839970366,15.841370738567923],[-90.74172922268038,15.842303305781419],[-90.74036777975188,15.848119767095366],[-90.73659915390289,15.849612900235051],[-90.7357529976451,15.853458397588017],[-90.73006779398798,15.86007421690145],[-90.72983990729132,15.863026092260496],[-90.73160036038809,15.865699551046841],[-90.73873718798302,15.868806443075714],[-90.73835295430526,15.87140097206185],[-90.73673481706591,15.873472145701392],[-90.73660113664556,15.880268061202267],[-90.7404863481748,15.884851914777201],[-90.74431764492373,15.88606867125419],[-90.75300744894587,15.882755402280704],[-90.75818398052475,15.883730666259378],[-90.75840904680398,15.890330507382437],[-90.75187089021786,15.902402762294065],[-90.75257842327547,15.916176507732823],[-90.74808484436747,15.922860371895533],[-90.73715596942442,15.929127714770544],[-90.73481091117793,15.933523190073208],[-90.73403315525351,15.940473781006084],[-90.73466220976617,15.94370116371462],[-90.73762656877486,15.945553879077206],[-90.74118468476166,15.945568625053223],[-90.74712801545945,15.94380927771501],[-90.75171456026393,15.953078028498506],[-90.7585306653485,15.955616637979855],[-90.75854716968396,15.962213151319416],[-90.74911133336289,15.968246838392503],[-90.74688601142337,15.968067704611537],[-90.74498455219556,15.966593237273148],[-90.73953812732842,15.967023956232667],[-90.73557389907504,15.97241421229466],[-90.73711264951905,15.978527503793972],[-90.7368036965899,15.981501087514264],[-90.73334592369271,15.983663409186487],[-90.72596299688958,15.982686523469615],[-90.72199041187524,15.979629264187485],[-90.7165256536287,15.977582628698825],[-90.71360191156337,15.974191939213084],[-90.71130755915992,15.97300098848367],[-90.70698937116492,15.97208884207268],[-90.70338351405975,15.973205628388524],[-90.70177099063515,15.975643457891923],[-90.70168729819645,15.977963227907983],[-90.70679233992279,15.984359766485262],[-90.70773759749663,15.99509349375699],[-90.70686272913417,15.996000003307806],[-90.70189458939703,15.996857112923005],[-90.69513562899039,15.994646992520554],[-90.69469306245587,15.995163966709427],[-90.69516101184286,16.006989067116574],[-90.70032288680156,16.01335028166457],[-90.70186928891718,16.01662028265437],[-90.70162934158006,16.01952672396138],[-90.70017527284264,16.02022145420435],[-90.69700229646922,16.018588370862233],[-90.69422556331617,16.01844788184086],[-90.68307119856607,16.022102842694295],[-90.68073787206099,16.02531973205081],[-90.67327632376603,16.031234126195237],[-90.67069453246647,16.038023386036816],[-90.66875702771254,16.03980347306108],[-90.65854411045196,16.036358609503516],[-90.65599636052569,16.040239066695335],[-90.65349643449359,16.041921375220422],[-90.65196310351935,16.041482245768513],[-90.65096336613324,16.03860754212833],[-90.64744339161113,16.03725902125366],[-90.64403397050481,16.03738756781571],[-90.63714127780706,16.04054241535455],[-90.63429209713179,16.040689397788462],[-90.62092582300335,16.02737362437824],[-90.61474297512692,16.024062972712688],[-90.60240194135895,16.036581499992593],[-90.59939020388171,16.03690348912073],[-90.5973622510563,16.035614931611956],[-90.5962268769819,16.033507537946207],[-90.59473847387525,16.024328523303073],[-90.59522431224143,16.02003171817706],[-90.59806951767503,16.018725486994647],[-90.60506647484107,16.019180859428975],[-90.60822098484421,16.018416570578953],[-90.61020533923315,16.015663080512798],[-90.61015733806343,16.013908881057244],[-90.60863888980288,16.0122489650092],[-90.6040972137293,16.011909237925494],[-90.59294892024376,16.015003851256612],[-90.58566616620593,16.013478930031322],[-90.58227012279282,16.009532565430412],[-90.5783385559482,16.008134350371435],[-90.57672933860891,16.006429184526482],[-90.57649404021534,16.0030954234184],[-90.57842353168661,15.99963251086419],[-90.57845894927453,15.996063539078058],[-90.57344829278601,15.994917336414998],[-90.56871466858095,15.999006790105222],[-90.56616221230475,15.999288407065631],[-90.56389504020343,15.996885781744284],[-90.56615277929382,15.990571017698958],[-90.56390787974058,15.989179270513556],[-90.56002521545476,15.990290373089753],[-90.55685029153251,15.996462504679322],[-90.55263655859693,15.997425148193345],[-90.55241793305248,16.004543210479277],[-90.55077273232443,16.005811703942328],[-90.54761507675939,16.004977339121215],[-90.54484980696775,16.002081043906216],[-90.54269955966919,15.994624288012982],[-90.54031859328693,15.996828268246423],[-90.53691746574837,16.003111463610914],[-90.53198316607643,16.00298818814718],[-90.52978679772178,16.000415559820905],[-90.53122146011452,15.994386554532495],[-90.53004883908943,15.99262965884879],[-90.5286005501317,15.993690219366712],[-90.52608734401464,16.001220970386324],[-90.52374471778536,16.002804139796527],[-90.52035213824634,16.002387855515266],[-90.51962019073305,15.997753284442958],[-90.52339918095107,15.991862071919536],[-90.52351081430182,15.990285935227002],[-90.52221141528128,15.989494100651548],[-90.51659515470448,15.992493774164437],[-90.50946546692295,15.991567780266283],[-90.50490886759763,15.997911477793787],[-90.50310350135925,15.999089640612787],[-90.50117996401517,15.998644975519177],[-90.49962426263157,15.996361829328208],[-90.50036039390591,15.992550535282344],[-90.50604288477042,15.986108214528244],[-90.51361119949938,15.983120110470985],[-90.51298020855269,15.982134972438464],[-90.51073143921622,15.982042326386285],[-90.49877650096788,15.986531889026082],[-90.4955932727892,15.99857538981512],[-90.49207098579774,16.00426348077549],[-90.49012509705544,16.013032112919372],[-90.4868713109476,16.01621429287763],[-90.48110915560815,16.018044775264592],[-90.47755934565176,16.017314307474326],[-90.47574177295715,16.01400721040457],[-90.47438575112315,16.005286918948286],[-90.4725832287872,16.004134336631733],[-90.46893427743329,16.00406877217455],[-90.46391854913227,16.006807512871564],[-90.45823358907828,16.0152322497635],[-90.45030230649829,16.01613740542886],[-90.44265891231102,16.019687755866595],[-90.44118907492555,16.028751479253426],[-90.43993012148528,16.030246040483537],[-90.43499840237877,16.029898049392152],[-90.42760448766636,16.02290515866725],[-90.42554099494886,16.022680553101168],[-90.42584933167691,16.032630280847645],[-90.42910706350887,16.038197338812644],[-90.43559605768814,16.040629224399584],[-90.44279033349956,16.039959844552783],[-90.4444098220852,16.04082259433671],[-90.44480070473168,16.042581859063066],[-90.4435849483985,16.04429937688293],[-90.43658119285004,16.04439295256302],[-90.43283998333928,16.04610161292532],[-90.4277240710015,16.056475154004524],[-90.41921180483811,16.06314485845917],[-90.4190031719007,16.066871651061863],[-90.42072083076962,16.069001465099568],[-90.42542913409511,16.0689034956707],[-90.43292505767886,16.062732835073778]]]]},"properties":{"FID":13,"DEPARTAMEN":"QUICHE","AREA_KM2":7283.073,"COD_DEP":14,"COUNT":21,"REGION":"Nor-Occidente","REG_NUM":7,"POBLACION":655510,"VIVIENDAS":140046,"Perimeter":757.23286163,"Area":7277.68760404},"id":13},{"type":"Feature","geometry":{"type":"MultiPolygon","coordinates":[[[[-91.6667926496666,14.706958679319158],[-91.66527119630834,14.712710220987647],[-91.6675462601329,14.71428937541045],[-91.66953338462004,14.71425107718384],[-91.67037525549448,14.711532813509484],[-91.67407513202465,14.709304346465576],[-91.67943449788959,14.710438872584978],[-91.68966963791864,14.702343438217937],[-91.69287979028373,14.698179700829693],[-91.69670932540632,14.69603518000182],[-91.69965754591225,14.691763647430658],[-91.70304891784235,14.689976997532312],[-91.70457879886811,14.682002581872418],[-91.71091944120299,14.671889930658926],[-91.7140425952802,14.663690340373016],[-91.71416334012557,14.661695540739592],[-91.71258384933988,14.659385119609],[-91.72777638384586,14.666860825210966],[-91.72795377054385,14.673927319329026],[-91.73214823191326,14.675202225101119],[-91.73307452631141,14.674389200370182],[-91.74313294254698,14.650760131231735],[-91.74871249821585,14.645551753891057],[-91.75008241991628,14.64240089992727],[-91.75066362280931,14.632191503398138],[-91.75227889373441,14.629959461831778],[-91.75364518058278,14.623618688369227],[-91.75284868388474,14.615981574987277],[-91.75402792838061,14.611715514176998],[-91.7519394887779,14.605085064324273],[-91.7534379871865,14.598410507133057],[-91.75283373433015,14.595271646392568],[-91.75445985953493,14.588989846818205],[-91.76065946623596,14.589470295074019],[-91.77782469048236,14.59369418042854],[-91.78345192634417,14.587095167896454],[-91.78425078858596,14.580538717969228],[-91.78602226599841,14.575494693433185],[-91.78446856878004,14.570655991413169],[-91.7807039469693,14.565445302561375],[-91.7822122810419,14.558764858414271],[-91.7820955418167,14.552235269074952],[-91.7851986232105,14.548769944824407],[-91.78629120594223,14.540314357586318],[-91.78943693485571,14.535043474755717],[-91.79184788393339,14.53261403504279],[-91.79538545113702,14.532801740591925],[-91.79612632272539,14.523331793264296],[-91.79953191255323,14.518284674412488],[-91.79804802349749,14.5145876839671],[-91.80072493257791,14.511279233097634],[-91.79874969284886,14.50449262131031],[-91.80370823358764,14.501548339267808],[-91.8063205540109,14.494008800783453],[-91.81766242569213,14.496284328045139],[-91.8250671119313,14.494121384152658],[-91.83164938862461,14.493947419664474],[-91.83702514425654,14.497392337098347],[-91.84789129457634,14.499144276802685],[-91.85655293882995,14.505721420630238],[-91.86732774397095,14.50833763987136],[-91.87226551402668,14.513938006598568],[-91.87954786195198,14.513997753948178],[-91.88676930621067,14.507680321046324],[-91.88899161646133,14.507694239796676],[-91.89483167608306,14.511449732099319],[-91.89813705485446,14.511182771172761],[-91.90006055642601,14.512052867891134],[-91.91452114009697,14.525680464245639],[-91.92172613458719,14.529833775483324],[-91.93307880381879,14.530319651274661],[-91.93845977463434,14.528713450860396],[-91.94597265634802,14.52885244310817],[-91.9687120595766,14.534289621004687],[-91.97905932369858,14.534291986600637],[-91.98794117868806,14.535625540439447],[-91.99569658805663,14.539040004010909],[-92.00614730309684,14.545419625482854],[-92.01913378435384,14.548084796631068],[-92.0380213368873,14.560780244508058],[-92.04844176405757,14.564616466622825],[-92.05215141060688,14.56848164266922],[-92.05409793995901,14.567626157218115],[-92.06748048370014,14.554660426212617],[-92.07765403768214,14.547334950231589],[-92.08352801486133,14.54128275245322],[-92.10007104870431,14.53484782388181],[-92.10359396075894,14.532202251937367],[-92.10538865165854,14.529313850359458],[-92.10723340643152,14.519862119581765],[-92.1090967294104,14.515438157813222],[-92.11371183621127,14.508883077230136],[-92.11537825015844,14.504767952012802],[-92.11726807338664,14.507341483857553],[-92.11880577154037,14.507156277674417],[-92.11979511512405,14.50498344585951],[-92.12223109624284,14.509091382678376],[-92.12570179311426,14.507756143521663],[-92.12620488561815,14.510061132484829],[-92.12813810651869,14.508999259959268],[-92.1304433805176,14.510239606776576],[-92.13199864985371,14.508228156848574],[-92.13406712848222,14.508766938585481],[-92.13621021191305,14.506970083284264],[-92.13876179035158,14.506767000185032],[-92.13909808972043,14.504389396170266],[-92.14138969649862,14.503612372797381],[-92.14052838763874,14.50076365641873],[-92.14178072946424,14.49815659641533],[-92.14004965399224,14.494965668966604],[-92.14099192571823,14.493652559133348],[-92.14338885816618,14.493809354000915],[-92.14415643649485,14.492522714469928],[-92.14887258158286,14.490251405698698],[-92.15170164679374,14.491450495591057],[-92.15213007988136,14.493321217495481],[-92.1541763792287,14.49402925135752],[-92.15501926939798,14.490145887018343],[-92.15806351868379,14.491962706023195],[-92.15948992771463,14.489419445647252],[-92.16334912035704,14.491523895502674],[-92.16722327301217,14.489175751007005],[-92.13240746419059,14.46499244264812],[-92.10287786832556,14.44125958497323],[-92.04020297997569,14.394209737012831],[-92.03805072373507,14.390935081779478],[-92.02489115161335,14.381808993476048],[-92.00142859906512,14.363434630224939],[-91.95091542131516,14.32004840189534],[-91.92284467125887,14.298601103673528],[-91.91787175752542,14.293827830342845],[-91.84219514253535,14.241107616168879],[-91.837057669346,14.23602353874214],[-91.83234858826789,14.233285123764388],[-91.81754252093567,14.221082704722548],[-91.79838554040293,14.200660562599841],[-91.7880184923153,14.191904977493499],[-91.7866196500443,14.190866199835053],[-91.78314545733626,14.191853148969308],[-91.77566140069695,14.199522756261949],[-91.75231834210166,14.217555564567364],[-91.75139659829168,14.222880920791615],[-91.75620909323231,14.238447927346312],[-91.75492637694025,14.242199592346807],[-91.7507761599667,14.248610938652401],[-91.75180330833828,14.255751060609859],[-91.74927809136378,14.263656782741302],[-91.74366305578377,14.271271601184859],[-91.73710269778583,14.276502632279783],[-91.72970308841339,14.295683068571192],[-91.71830607176193,14.30511257167223],[-91.71210094586712,14.30883731508951],[-91.70636269715652,14.315383686193544],[-91.63429271314448,14.299868595706435],[-91.63339951371374,14.303768528735311],[-91.63586201198554,14.304896786909758],[-91.63608605296753,14.30915115808162],[-91.63567817537191,14.31078044683801],[-91.63235214202675,14.311884486111703],[-91.63205177143155,14.314125681278915],[-91.63502551179296,14.315811696819056],[-91.6660978411738,14.320676334650853],[-91.66358121032117,14.330592166920988],[-91.63599977607359,14.327275977568853],[-91.60290528562885,14.319428317465734],[-91.59923883134182,14.317364955876165],[-91.59430420463444,14.32311082480777],[-91.59422881986467,14.324702433954872],[-91.59678732057048,14.326416965927281],[-91.59706036315345,14.328073910707836],[-91.5927858088614,14.329110734384797],[-91.59455794047264,14.331307624538754],[-91.59254346725567,14.338328292733394],[-91.588968692417,14.338901392352657],[-91.58771949393359,14.340178671970415],[-91.5919008855969,14.341848686664447],[-91.59380607541354,14.340098450345238],[-91.59602294575753,14.34254203433979],[-91.59943271458097,14.344006229985949],[-91.59941451646809,14.345163157780817],[-91.59674872871646,14.346591433572481],[-91.59834316685371,14.349339786504194],[-91.5952741996163,14.350828931595682],[-91.59770720467455,14.351803766159783],[-91.59770486626837,14.353948336732472],[-91.59977977888765,14.356508569491957],[-91.599497522651,14.358098954986046],[-91.59597605026252,14.35881030178647],[-91.59696406587689,14.364490592938374],[-91.59478995485071,14.365655076911752],[-91.59380660721722,14.369625408870156],[-91.59426934479833,14.37403482356815],[-91.59137416555508,14.377234476109317],[-91.59181724498555,14.37959298009728],[-91.59450460083487,14.381737713972468],[-91.59431328703616,14.386195215336393],[-91.59595049204142,14.388810520579959],[-91.58913883215878,14.392928052682382],[-91.58897861339405,14.39592022837743],[-91.58762578118747,14.398045417839615],[-91.5887488226903,14.399559424738928],[-91.58848428846734,14.401808624269238],[-91.58360587764028,14.406822207761225],[-91.58424398345657,14.412711717014192],[-91.58322608002682,14.418682813060812],[-91.58480581693742,14.425544037769349],[-91.5832053113787,14.428846182856278],[-91.5835514531847,14.436077388763676],[-91.5807330064741,14.44429291118877],[-91.58049048816747,14.453277557683208],[-91.58276486832168,14.463975603697646],[-91.58071587632331,14.471011572137634],[-91.5825437909995,14.476521818635577],[-91.58210501489465,14.480425235665312],[-91.58054676438512,14.482199943494116],[-91.57950036325028,14.48736290704713],[-91.58009976333561,14.489117869954281],[-91.58221896729869,14.489958880129995],[-91.58378361256116,14.494033694172819],[-91.58122946203999,14.50157729670634],[-91.58320512717351,14.516434946721263],[-91.58739112456871,14.526459786902166],[-91.58681112742711,14.52856806931444],[-91.58833694343733,14.531953396138155],[-91.58816722751266,14.538130651105435],[-91.58433983901072,14.543616922594648],[-91.58099306839365,14.555729456325224],[-91.5779849468886,14.559193518458049],[-91.57702523049316,14.569468550259415],[-91.57463994860905,14.572553303153363],[-91.57168941659417,14.580529240078743],[-91.56982140532443,14.584057741863086],[-91.56566059071102,14.58609313684121],[-91.56142774826576,14.59090073598248],[-91.55113335235107,14.611081056334235],[-91.54941617330165,14.61690391462219],[-91.54636134001706,14.620467708811692],[-91.54187327849208,14.629226664359617],[-91.54773313831954,14.634723937431842],[-91.55329924474756,14.635509950608768],[-91.55662936361328,14.637338414205981],[-91.55527105013591,14.64389681490363],[-91.54876828682586,14.654122351980485],[-91.54383833602205,14.658161316673263],[-91.54511321695844,14.662905701707004],[-91.54174023742532,14.665848202524126],[-91.54144993552154,14.670514981068328],[-91.53721409061326,14.673683601644292],[-91.53450661916885,14.673901547708263],[-91.53262019389307,14.672915699193972],[-91.52945632481209,14.674304627747956],[-91.51952770271191,14.681807063806817],[-91.51650761004686,14.685511779590364],[-91.52714057662183,14.68379770508555],[-91.53329028896145,14.683999341110395],[-91.53726585758673,14.681786170102779],[-91.55431594142003,14.663810521776343],[-91.55765007181226,14.66154437338725],[-91.56016297509932,14.657066442147343],[-91.5657130678434,14.652026464862619],[-91.57479255112735,14.650765963280321],[-91.57650903185437,14.648420667910196],[-91.58196907024163,14.65043921623703],[-91.58729794126529,14.649218595637933],[-91.59027476029095,14.644034648684412],[-91.59054823703552,14.642190067602751],[-91.5890178486856,14.639420478235195],[-91.59195258060943,14.633982011138691],[-91.59528750500444,14.630732246297969],[-91.59895665469453,14.629841393016903],[-91.6020234343279,14.62758872920955],[-91.60536644448393,14.627155679461916],[-91.60837161017027,14.627944238883373],[-91.60978464947331,14.632333289634227],[-91.61134294436322,14.633839699306622],[-91.60943167307505,14.641943214798017],[-91.60995730170248,14.64738906351196],[-91.60807527966782,14.649355131035614],[-91.60695763249639,14.652301985029709],[-91.60756690966501,14.653590322349785],[-91.62576882753187,14.653652253951257],[-91.62570658291193,14.644551651037853],[-91.63212349880021,14.636533227770746],[-91.63569157847373,14.634345192233605],[-91.63528097237503,14.628398337761995],[-91.63796822165932,14.62045272175607],[-91.6487570465914,14.610488653591414],[-91.65336749173585,14.607379799346843],[-91.65366477479476,14.619060339973197],[-91.65746009534298,14.62599281025974],[-91.65909039393631,14.635853952895976],[-91.65729179581211,14.644696482772622],[-91.65738680796032,14.650631348132622],[-91.6556527066898,14.652570435426687],[-91.65565133882573,14.653841582210854],[-91.65715496125289,14.654875100187079],[-91.66028686763508,14.654866043356611],[-91.66748125482496,14.652389916226555],[-91.66958027541536,14.649678822254845],[-91.67297348830938,14.641816993875805],[-91.67429304367981,14.640844870743651],[-91.68005814964751,14.640616620700383],[-91.68173971485781,14.642273580896365],[-91.68107931040961,14.647912688272907],[-91.67721080655464,14.659287132233974],[-91.67246130043422,14.668670037371475],[-91.67176534913727,14.68023417149072],[-91.66766549587577,14.686489630518889],[-91.66790055292668,14.693195903343042],[-91.66640044367074,14.697560056853042],[-91.6667926496666,14.706958679319158]]]]},"properties":{"FID":14,"DEPARTAMEN":"RETALHULEU","AREA_KM2":1700.165,"COD_DEP":11,"COUNT":9,"REGION":"Sur-Occidente","REG_NUM":6,"POBLACION":241411,"VIVIENDAS":54720,"Perimeter":274.820217692,"Area":1700.97465578},"id":14},{"type":"Feature","geometry":{"type":"MultiPolygon","coordinates":[[[[-90.73458306560626,14.69536755146666],[-90.73940475558537,14.698796061071967],[-90.74352135243666,14.710218395051466],[-90.7490957596953,14.716839047342056],[-90.75278113808365,14.719056873252516],[-90.75897339400672,14.724997787082978],[-90.75953701028767,14.72281893713501],[-90.75790422813884,14.71805390902385],[-90.76141630891765,14.711507853170968],[-90.76761201403481,14.710444981039332],[-90.77016931498005,14.707608755766026],[-90.7724294217865,14.700375010129608],[-90.77187468641749,14.693633735106868],[-90.77324195104902,14.690957682389827],[-90.76838022448548,14.681709476318039],[-90.76778439349505,14.677884007087501],[-90.76295752664095,14.665820414379061],[-90.76199065868737,14.66147070197001],[-90.76239078517536,14.657941696126713],[-90.7640991385236,14.655017093836705],[-90.77136752582255,14.650504754658218],[-90.79252788179883,14.62454506199126],[-90.79273583619492,14.619927565783431],[-90.79126362845376,14.610959307943574],[-90.79548341782298,14.603383319181525],[-90.7957349924657,14.596875501068101],[-90.80168394220084,14.588439194473436],[-90.8029154354193,14.581559929064818],[-90.80662477658468,14.578521512527555],[-90.80577356139436,14.573892871609953],[-90.80673193879457,14.571794283566755],[-90.81032127055155,14.572195017341725],[-90.8144455402045,14.571095115805289],[-90.82104131810472,14.562710469646653],[-90.8262280973362,14.559548757149738],[-90.83596390175452,14.560195874782046],[-90.8446742003949,14.563817267764339],[-90.85164506526907,14.564168312173123],[-90.85389661625597,14.563145330249638],[-90.85585175792897,14.559972425761892],[-90.8557265795272,14.551443546922453],[-90.85839787763145,14.544696635817802],[-90.85833502486868,14.54225520526154],[-90.86527306474049,14.53552004893502],[-90.87175960214186,14.532483076628566],[-90.88082660336725,14.470670868310142],[-90.87102196994681,14.460888797664518],[-90.85859130063567,14.454778319415805],[-90.85348881377507,14.447784250683128],[-90.84547825525752,14.442333549135848],[-90.84318797681712,14.438126660340993],[-90.83958863382604,14.434767315305036],[-90.83268385882022,14.421540783920245],[-90.82442433210281,14.414069983841799],[-90.81774558243185,14.404557904552863],[-90.81638712607312,14.387731787005404],[-90.81374684392658,14.382622435680753],[-90.80834902104144,14.376442767204475],[-90.80735519705304,14.377242269833724],[-90.80895450739028,14.389507474282793],[-90.80848350658408,14.394907686225585],[-90.80664857356078,14.399654816225148],[-90.80299802172634,14.403125669311398],[-90.79168073754477,14.419411010446035],[-90.78790786605511,14.427642239448495],[-90.78064692861481,14.439716859249874],[-90.76823693130429,14.45124656731743],[-90.74676357669814,14.46183949007762],[-90.73892270644632,14.4607297228501],[-90.7286342088466,14.454528371610737],[-90.72367081109502,14.450762378066415],[-90.70754015264679,14.43457052642039],[-90.69375639614378,14.4349499524017],[-90.68425191994037,14.428547968058675],[-90.68040756812033,14.428031321306158],[-90.67688657410618,14.428742059720827],[-90.67337821934485,14.430744883695928],[-90.6680815003074,14.435824477710252],[-90.66788876403335,14.438528572850187],[-90.66990925497288,14.443707585609587],[-90.67480541332648,14.449031330386628],[-90.67477000749312,14.451433186028611],[-90.66177463139383,14.463615841558061],[-90.65982994225146,14.46360215359419],[-90.67354848393771,14.480753504847158],[-90.67199460913496,14.497971356360607],[-90.6647705627158,14.512667327754107],[-90.66621978890994,14.524316576760334],[-90.66303652425276,14.529255229474474],[-90.65760725282068,14.542344602409507],[-90.65835945000774,14.552650830912127],[-90.65498205532658,14.554884767460374],[-90.65022745703352,14.556264573211303],[-90.64878621955023,14.559600901278179],[-90.65334245852496,14.564319966750402],[-90.65840497711699,14.566464569298908],[-90.66465154520925,14.570698950560914],[-90.66783870441876,14.574055647830479],[-90.66852201578266,14.576286201529603],[-90.66802015230272,14.580890160432487],[-90.66704177617069,14.583168494485175],[-90.66430579882837,14.584853269012063],[-90.66131999705622,14.585098949703255],[-90.65135793021663,14.583140032837756],[-90.64147675093484,14.575293082916957],[-90.63862345276962,14.570135877847882],[-90.63728772221756,14.565122740519902],[-90.63463610228085,14.563470794766104],[-90.6329981584749,14.563590868926713],[-90.63115078598713,14.566166270026025],[-90.63019749363342,14.569815688840821],[-90.63137517465039,14.580324899575656],[-90.62811382408978,14.581512622980298],[-90.62185738762892,14.579547192594106],[-90.614252088881,14.580903887131441],[-90.61285403495897,14.58269427669097],[-90.61235890344642,14.585381539985004],[-90.61366313882817,14.589985611421248],[-90.6292130362108,14.59446380075968],[-90.63467435693656,14.597736730827581],[-90.63715047866147,14.601847802979687],[-90.63840691039145,14.607561480120658],[-90.6382785211711,14.612143074263564],[-90.63330555371397,14.617056105115097],[-90.63307004019578,14.621014323769407],[-90.63534653101208,14.623040898646446],[-90.63920212671198,14.622958036064677],[-90.64327187533425,14.626392944465199],[-90.63943441638311,14.641743694881733],[-90.63852717936818,14.653184923411098],[-90.64768287240939,14.659394298135778],[-90.6731645817422,14.668378565655612],[-90.67283587060034,14.679551494795895],[-90.67585322558328,14.700914363185417],[-90.6807413270452,14.702411172454944],[-90.69314523358912,14.704029114219143],[-90.69494421975999,14.698618078207287],[-90.69688145497078,14.696943254689433],[-90.69968425280534,14.695043215329477],[-90.70621200934255,14.694086904963793],[-90.71038993135646,14.69159834906459],[-90.71424003433727,14.693122602906575],[-90.71735610203599,14.69226671482536],[-90.72351156434395,14.69363957408733],[-90.72743452609762,14.696772610342615],[-90.73136377060105,14.696724121976217],[-90.73458306560626,14.69536755146666]]]]},"properties":{"FID":15,"DEPARTAMEN":"SACATEPEQUEZ","AREA_KM2":536.557,"COD_DEP":3,"COUNT":16,"REGION":"Central","REG_NUM":5,"POBLACION":248019,"VIVIENDAS":54414,"Perimeter":132.541289682,"Area":535.999932416},"id":15},{"type":"Feature","geometry":{"type":"MultiPolygon","coordinates":[[[[-92.09412001966149,15.40073102959944],[-92.10362940235262,15.404244296202268],[-92.10725321315891,15.407222851159052],[-92.11066065287244,15.412075148518094],[-92.1136234065127,15.419641001028321],[-92.11779924089986,15.423715439740873],[-92.16192616131411,15.34269848139987],[-92.21075607433602,15.260272441750919],[-92.17952484359544,15.219373061960122],[-92.10809262771579,15.132264790390572],[-92.05938949842053,15.069492913681486],[-92.06481569623956,15.068591003092067],[-92.0684654389263,15.065688320060062],[-92.07008827304155,15.062884624146472],[-92.07299976053773,15.061377793400695],[-92.07228122591587,15.05825600513187],[-92.07029466650982,15.057530313626275],[-92.06865859762914,15.054961855484082],[-92.07025605440326,15.046726047369177],[-92.07321953006577,15.044437439716452],[-92.07769172244662,15.045926931846875],[-92.07752163897955,15.042889873958988],[-92.07943436210144,15.035188617743446],[-92.07911734364717,15.032245885103],[-92.08061120113327,15.028238088166285],[-92.08276613201515,15.026514464783455],[-92.084908402442,15.02215893733953],[-92.09187783050825,15.018949343529306],[-92.09728827752834,15.014962663895592],[-92.09973608265642,15.010287255023332],[-92.10990800153029,15.011418876552803],[-92.11152276263938,15.013286353233193],[-92.1134778637568,15.012700709652751],[-92.11750844756217,15.01476852057354],[-92.11992368935296,15.011978776171281],[-92.12531651078692,15.015017897112907],[-92.13110963894943,15.012834259783595],[-92.1337540525783,15.010685965633675],[-92.13554836385694,15.004383770887156],[-92.13890766752775,15.002081044102654],[-92.1383056477391,14.99985145472095],[-92.13967703261943,14.995026835964662],[-92.14668169788844,14.9924879803431],[-92.15053346021243,14.98772001898667],[-92.15071552129747,14.985182611847831],[-92.14671225460245,14.981108535727568],[-92.144318785074,14.975519399265727],[-92.14676383005497,14.971751941969854],[-92.14618215098791,14.959681990269653],[-92.1486182089935,14.95489402966642],[-92.14886129756538,14.951169162063051],[-92.14842196701159,14.946593085181782],[-92.14302597539005,14.940580259278486],[-92.14273717014706,14.937645567650097],[-92.14632612158164,14.934142283471905],[-92.14697908312938,14.928158840144576],[-92.14166728116074,14.919060142725359],[-92.14163222029379,14.917058690142456],[-92.14410426761768,14.913786279003505],[-92.14438785058367,14.910840162975282],[-92.13702106157017,14.897311796832293],[-92.13685302474357,14.889317173850072],[-92.14165804020418,14.88531674178836],[-92.148741098619,14.86911892002997],[-92.1646669320763,14.861335926169266],[-92.1704849588734,14.861328764291976],[-92.17197460351606,14.856717826358365],[-92.17457099865679,14.854350643768527],[-92.17522392268411,14.851752705584005],[-92.18073954701524,14.848531402818406],[-92.1827380795351,14.830060763695364],[-92.17983879479797,14.821959149023899],[-92.17584375076497,14.81661886792851],[-92.17780664142278,14.811295342838664],[-92.17822424672396,14.805588845776134],[-92.16866126628123,14.788319857667155],[-92.16860261325033,14.786641490962198],[-92.17027083187978,14.784100315684666],[-92.16991088653079,14.781168746724742],[-92.16845561551492,14.779337314176479],[-92.16154985640442,14.776148138573133],[-92.16033721665363,14.773764935149497],[-92.16136882008706,14.760816947097767],[-92.17000099689484,14.757428510518471],[-92.17106045867615,14.754269236563795],[-92.16921864773705,14.745088681642807],[-92.16175691391604,14.739222674092241],[-92.15691963266681,14.737485131825805],[-92.1475728394839,14.717257657296946],[-92.1468157636754,14.69858946352448],[-92.14265936256596,14.69042066629648],[-92.14644921139708,14.680709213969521],[-92.14705547045894,14.676295107461096],[-92.14693152465071,14.66873557727506],[-92.1449429488108,14.664119819133557],[-92.14739613739633,14.655762868848635],[-92.14947208683373,14.654878838802514],[-92.15776067573005,14.654675071817953],[-92.1583974124958,14.653594759452702],[-92.15742526043856,14.65117060896874],[-92.15782739782954,14.648602259650216],[-92.16573624617637,14.639330165125726],[-92.1686895457586,14.636878273520223],[-92.1745406822314,14.635114682325955],[-92.17552596924054,14.634057023031342],[-92.17442044298348,14.626451013227376],[-92.17962648814652,14.622201054877415],[-92.18040475473025,14.618265432072983],[-92.17990754295991,14.616988942795611],[-92.17505640620897,14.61387199734567],[-92.17462844922191,14.61161934679649],[-92.18199091511502,14.590262825129269],[-92.18226826373363,14.586016908975148],[-92.18114727668473,14.582572978878982],[-92.18364241498128,14.57996893430994],[-92.18785278474458,14.579347359439936],[-92.18929310441679,14.573076939767988],[-92.1927540616197,14.568544796816932],[-92.19333291144875,14.565234478665976],[-92.20271258672061,14.563993016535765],[-92.20800535280465,14.559254399013781],[-92.21508040582869,14.556050663213437],[-92.21735802452477,14.540726156813973],[-92.22086227566358,14.536108919669044],[-92.22517664771088,14.536675848542687],[-92.22734844050672,14.539017823522931],[-92.22868705456612,14.542759501570295],[-92.23147139867747,14.544468337077104],[-92.23879448795431,14.545001931074744],[-92.24024247166707,14.54346064229389],[-92.20333002453835,14.515065073073002],[-92.19782055457014,14.508909841064225],[-92.19314297775084,14.506789557560817],[-92.18362089846313,14.49958501602417],[-92.16722327301217,14.489175751007005],[-92.16334912035704,14.491523895502674],[-92.15948992771463,14.489419445647252],[-92.15806351868379,14.491962706023195],[-92.15501926939798,14.490145887018343],[-92.1541763792287,14.49402925135752],[-92.15213007988136,14.493321217495481],[-92.15170164679374,14.491450495591057],[-92.14887258158286,14.490251405698698],[-92.14415643649485,14.492522714469928],[-92.14338885816618,14.493809354000915],[-92.14099192571823,14.493652559133348],[-92.14004965399224,14.494965668966604],[-92.14178072946424,14.49815659641533],[-92.14052838763874,14.50076365641873],[-92.14138969649862,14.503612372797381],[-92.13909808972043,14.504389396170266],[-92.13876179035158,14.506767000185032],[-92.13621021191305,14.506970083284264],[-92.13406712848222,14.508766938585481],[-92.13199864985371,14.508228156848574],[-92.1304433805176,14.510239606776576],[-92.12813810651869,14.508999259959268],[-92.12620488561815,14.510061132484829],[-92.12570179311426,14.507756143521663],[-92.12223109624284,14.509091382678376],[-92.11979511512405,14.50498344585951],[-92.11880577154037,14.507156277674417],[-92.11726807338664,14.507341483857553],[-92.11537825015844,14.504767952012802],[-92.11371183621127,14.508883077230136],[-92.1090967294104,14.515438157813222],[-92.10723340643152,14.519862119581765],[-92.10538865165854,14.529313850359458],[-92.10359396075894,14.532202251937367],[-92.10007104870431,14.53484782388181],[-92.08352801486133,14.54128275245322],[-92.07765403768214,14.547334950231589],[-92.06748048370014,14.554660426212617],[-92.05409793995901,14.567626157218115],[-92.05215141060688,14.56848164266922],[-92.05316992397623,14.587410869875487],[-92.08364551321594,14.59807819757276],[-92.08603087609006,14.592718602396426],[-92.08833072614455,14.593162670165418],[-92.13301777574873,14.61572651064249],[-92.1376670775574,14.617175561483123],[-92.13927309202005,14.619610034794789],[-92.13909976716022,14.62313863109686],[-92.1359308915997,14.627711627024718],[-92.13066766983059,14.628854896470529],[-92.12538786212586,14.634760115235826],[-92.1153054638641,14.641972566434617],[-92.11324020393013,14.645829544612393],[-92.10822767823764,14.650291112550565],[-92.10292845425072,14.660834594640887],[-92.09899930390114,14.661668079343832],[-92.09357125471945,14.660883058413349],[-92.09180143764276,14.661640074177333],[-92.09006294350651,14.665350050728446],[-92.08701735330209,14.679267225667902],[-92.08227439024512,14.686839127305177],[-92.0781017340465,14.68830974720082],[-92.07113841063767,14.684226222212228],[-92.06880430498785,14.684258684341266],[-92.06151454668102,14.69336353629518],[-92.05803262065689,14.695597094438101],[-92.05430292928972,14.700624196749638],[-92.05319812476623,14.703890046796072],[-92.04846104634885,14.709709603091708],[-92.0426568810291,14.709898154088402],[-92.03650735233141,14.714310348960817],[-92.02934524952444,14.71580940311967],[-92.02462059697893,14.71863499962717],[-92.01975347754596,14.719017880459273],[-92.01410956703148,14.717985940433472],[-92.01041691464782,14.718871964397911],[-92.00338469017932,14.71574214444222],[-91.99444040049596,14.715671860801367],[-91.98531117054047,14.713168606765029],[-91.96992505681692,14.714480488092743],[-91.96352378373167,14.716447558883818],[-91.95860617765655,14.713772227057559],[-91.95542199489242,14.713673145041968],[-91.95327837359306,14.714852249989923],[-91.95272660548397,14.720751829343754],[-91.94580124346902,14.722748788651161],[-91.94350620780968,14.7282166301274],[-91.94106481460983,14.727780593966902],[-91.93765071272443,14.725492505259064],[-91.93514926632126,14.72834784998288],[-91.9326417353768,14.728145330757592],[-91.93077774278058,14.730026103324938],[-91.92837508857112,14.730694129242325],[-91.92204619352042,14.72663627936168],[-91.91807826360034,14.726044860895719],[-91.91617530618849,14.727097035982375],[-91.91432826544438,14.72564536890082],[-91.91173156805164,14.72564334940861],[-91.90834358821874,14.722612560561268],[-91.90478316579251,14.72344438187682],[-91.90128305388664,14.720922598561417],[-91.89996701934082,14.71802920634406],[-91.89563314939957,14.720874260843862],[-91.8938073561565,14.719507292373764],[-91.88852650309055,14.719842484750478],[-91.88020342091626,14.717743553859188],[-91.87489032324044,14.720073844305652],[-91.87088170316369,14.71909949855012],[-91.86121793648557,14.719009256607062],[-91.84890003268094,14.72170892306585],[-91.84464274136401,14.718152019329276],[-91.83668387157732,14.717433074817578],[-91.83449386154648,14.719035676059077],[-91.82857497327822,14.720365180858838],[-91.82342781973362,14.724235236704383],[-91.8205775092086,14.730929372769081],[-91.819438961521,14.731708898120182],[-91.80709839069257,14.73432138978426],[-91.7996660403666,14.733009493953636],[-91.79152055703679,14.737553614315793],[-91.78843070095458,14.7409544480039],[-91.78636133233094,14.756092923400196],[-91.78352501379929,14.759984265426157],[-91.78106578848559,14.766723903067286],[-91.78131705174785,14.772478946178033],[-91.77594418694132,14.781240403957767],[-91.77611146262885,14.782579151992106],[-91.77887005119635,14.78478022024206],[-91.77892189260562,14.787243783628588],[-91.77800156729671,14.7918027771368],[-91.77532891669209,14.793625893658245],[-91.7776614182096,14.798001002638555],[-91.78109051913995,14.801416915955395],[-91.77984863758658,14.804901886364528],[-91.77961137376344,14.81616621122582],[-91.7706579601178,14.824822541443968],[-91.77323420217215,14.83245888880367],[-91.76697609207328,14.842935010428294],[-91.76643503513075,14.847189720135272],[-91.76225601927823,14.851571752562931],[-91.76116509193562,14.85526076670211],[-91.75691699711462,14.861416303453177],[-91.75715684712168,14.865281978964974],[-91.75582826411683,14.868649895133455],[-91.75683102878827,14.872679020734505],[-91.7528270461965,14.878017691861018],[-91.74442665468185,14.881114200769785],[-91.74191873639421,14.880633799223766],[-91.74060278190981,14.881667240004024],[-91.73800140043348,14.886068689721652],[-91.7370234540234,14.892793135066164],[-91.7342853463158,14.894306816710795],[-91.7305781129928,14.893649035504065],[-91.72873753274416,14.894764236599203],[-91.72501410386458,14.89310968616981],[-91.72309186774221,14.89328994298942],[-91.71957598609933,14.897128994696532],[-91.71282221078688,14.900198418802779],[-91.71301776175501,14.907668250917789],[-91.71689347222105,14.91305935535288],[-91.72426197997991,14.917831502026628],[-91.72555044522487,14.9238837383968],[-91.70449082308298,14.929296349678914],[-91.70064903740575,14.932387445059929],[-91.69584263846252,14.938553087505264],[-91.68140595691897,14.946889127265322],[-91.67744249646879,14.950483010384575],[-91.67458137827357,14.956609660761586],[-91.67718487410018,14.968428767949858],[-91.6751426452908,14.986029677985954],[-91.67251411648401,15.00145884579321],[-91.67101612014461,15.002053468465425],[-91.66941127757622,15.008736417322034],[-91.66004461046184,15.053990828581833],[-91.66013552559257,15.058046500716998],[-91.6631982064879,15.05711433619176],[-91.67179163887918,15.060370273712078],[-91.67625661622859,15.066868347666771],[-91.67624989889295,15.069835385235306],[-91.6837022595451,15.072696707093572],[-91.68538895078211,15.075158349041194],[-91.6862573120163,15.078898790808555],[-91.69299103822073,15.082401965730742],[-91.69403878967412,15.084213570950212],[-91.69380070464759,15.089017617959447],[-91.7004733473083,15.095946079866167],[-91.70097581954661,15.100430110617333],[-91.70320142784857,15.102501536513147],[-91.70297647714604,15.109859227289705],[-91.69813375319984,15.117644587052373],[-91.69411391298371,15.117299390175777],[-91.69342235536614,15.118171055146961],[-91.69205540098072,15.124200131341835],[-91.68712682893081,15.128993895130677],[-91.68681587316105,15.131985148676288],[-91.68828189869247,15.133992428390389],[-91.6860908475754,15.13666881104822],[-91.68531751472293,15.139372637769457],[-91.68081901706665,15.139437921036293],[-91.67695835798756,15.144307704788105],[-91.67400058141686,15.144166063260778],[-91.66996625270197,15.146817873743947],[-91.6620892422185,15.147956553742434],[-91.62716744847717,15.149287961979661],[-91.58677629231485,15.17109196623371],[-91.58576500093903,15.172019996446375],[-91.57804485943387,15.198121400507109],[-91.56837096465644,15.224768021620024],[-91.5684039262864,15.226174863711572],[-91.57012301511487,15.227837618400466],[-91.58500077378143,15.237058612834227],[-91.62439014494204,15.236913630419647],[-91.64056399075334,15.260360559919292],[-91.65336709640007,15.275845675437377],[-91.66405523728302,15.29271181195461],[-91.6713348750912,15.298936621223122],[-91.68277121888813,15.306121277886577],[-91.71020620613761,15.339807952496296],[-91.71400395429471,15.341750653475723],[-91.71631590575927,15.341435174362056],[-91.72978716929755,15.34413358986865],[-91.73022275892028,15.348061268069019],[-91.73978430775418,15.3492679751802],[-91.74166300747142,15.349077463829202],[-91.74320438929321,15.343184773232363],[-91.76197319570066,15.345937046919618],[-91.78141250430188,15.33808621500541],[-91.79642729276493,15.330745354632512],[-91.82216640034845,15.330452121979356],[-91.83621424715861,15.338357249728418],[-91.85630567882428,15.348006716746276],[-91.88120502621628,15.362207427098726],[-91.91099502643546,15.342191177367114],[-91.93712300151087,15.322057129618795],[-91.9563422190811,15.32097936886659],[-92.00882063633195,15.264966937987204],[-92.04381484645643,15.270881900559184],[-92.07677217740597,15.27764868833638],[-92.07776671323856,15.287278112212066],[-92.07806091866722,15.392596920149744],[-92.07870452511125,15.39667884267177],[-92.07976463101001,15.397565750681958],[-92.09412001966149,15.40073102959944]]]]},"properties":{"FID":16,"DEPARTAMEN":"SAN MARCOS","AREA_KM2":3551.115,"COD_DEP":12,"COUNT":29,"REGION":"Sur-Occidente","REG_NUM":6,"POBLACION":794951,"VIVIENDAS":177946,"Perimeter":383.354629271,"Area":3553.45776278},"id":16},{"type":"Feature","geometry":{"type":"MultiPolygon","coordinates":[[[[-90.29827214063958,14.501194505175908],[-90.29994563813624,14.504349269157258],[-90.30719711177242,14.50277394816272],[-90.32198592224684,14.487293639522369],[-90.32727630035623,14.493375496333918],[-90.33234563993598,14.493209576209756],[-90.34616890030833,14.479703668505174],[-90.3477276417522,14.479209765861023],[-90.35355791136277,14.47891190866891],[-90.36357919306155,14.483519684973272],[-90.36986117253012,14.484829905113944],[-90.37397453141746,14.484401672003127],[-90.37802025169961,14.482628904928097],[-90.38392606124714,14.47624944993105],[-90.38937967283177,14.474915552112401],[-90.39388643557079,14.47735376319518],[-90.40246947637455,14.48966650910584],[-90.40377549712507,14.487984919240137],[-90.40562943323627,14.480544887897894],[-90.4061993520358,14.474635380152513],[-90.41042185202527,14.456684919800962],[-90.41345670413533,14.448874922208784],[-90.41605494685797,14.44488577246458],[-90.41701461110476,14.438191135762894],[-90.41608292137327,14.434285196595793],[-90.42137066719206,14.43010070578487],[-90.42138943529332,14.428521153742613],[-90.41940259185958,14.426941122019223],[-90.42169969787908,14.419886159915007],[-90.42363394073985,14.417421923820626],[-90.4303797124171,14.417941525546155],[-90.43278196141993,14.408694596268957],[-90.43239693773005,14.404324879529412],[-90.45493968542708,14.400257524103676],[-90.45516395419446,14.397286682080328],[-90.45385077441745,14.392434922192919],[-90.45488581244592,14.387023510036435],[-90.44947955418601,14.378426038616784],[-90.44905232621964,14.3742715305768],[-90.45042839217614,14.365391438045071],[-90.48671669810898,14.361218417632426],[-90.49533215841221,14.340632887755412],[-90.49971742035548,14.335976907616166],[-90.4991338987381,14.332457602049725],[-90.49605534123059,14.330007367978428],[-90.4959063481697,14.325797023398014],[-90.50516712125007,14.315638500714318],[-90.51419981875208,14.30881750063441],[-90.51427055892766,14.306388030942925],[-90.50715652281596,14.298029138159096],[-90.50454945351477,14.291393277286893],[-90.5088762197709,14.29098578937374],[-90.5109836198228,14.287581614725744],[-90.51724925591846,14.283333214465719],[-90.52116082320845,14.283341239626944],[-90.52154399012575,14.280550242606575],[-90.52671042159251,14.279052334780573],[-90.52716043203614,14.270131075822741],[-90.52800351420923,14.268952939055065],[-90.53422415213315,14.268817528866792],[-90.53880290991737,14.265960314954485],[-90.54251972278013,14.266020137806185],[-90.54433067676578,14.264685902792328],[-90.54586439457846,14.261631115212705],[-90.54949664209722,14.260082939120933],[-90.55363886849835,14.260790658418273],[-90.55882155325695,14.257783347451639],[-90.56109925578764,14.259491608145366],[-90.56816960680048,14.257470081327304],[-90.57770585378798,14.248373276664035],[-90.57987800055514,14.243756019089142],[-90.58163895919493,14.242460456489837],[-90.58891908519482,14.242538647053872],[-90.5910511149987,14.244185306237704],[-90.58937111341774,14.255354462881746],[-90.5903296308462,14.257227565986312],[-90.59372604045855,14.258619345427611],[-90.59622203322172,14.25784382275658],[-90.60410922502128,14.234912669621933],[-90.60382493241723,14.233161576783727],[-90.59423342881544,14.23134287332932],[-90.59197580767025,14.22991972883612],[-90.5917075185747,14.22847033290715],[-90.59227582041274,14.226791080713912],[-90.5949771632413,14.225502605110101],[-90.59625351484073,14.218061750788745],[-90.59970332474968,14.212316404143047],[-90.5998802073263,14.208936899843374],[-90.60250058209103,14.208331875806463],[-90.60357609090762,14.20656843911017],[-90.60217130961875,14.196452282903783],[-90.59980848760645,14.18981962276921],[-90.60033851210383,14.186974446623518],[-90.60221056093276,14.185130890988628],[-90.60681375761934,14.17104299629461],[-90.61153328577115,14.168616758923802],[-90.61410215246516,14.162038933579728],[-90.61910484644632,14.15962661627283],[-90.62156561520094,14.154671626526115],[-90.62479448614536,14.153473716072144],[-90.62986427161059,14.147856618388174],[-90.63979372155032,14.140424821096067],[-90.64446225934894,14.135103787640436],[-90.64285327602519,14.132437331612133],[-90.64264583508755,14.12937465101911],[-90.64410229594866,14.125380723996587],[-90.64106515906376,14.12025740185687],[-90.64208670577406,14.116913130224775],[-90.63840176977402,14.112397834881092],[-90.63793321079174,14.1105907327812],[-90.64526960889381,14.102891272810238],[-90.64613066358655,14.10017220607648],[-90.64989985485376,14.09962737669984],[-90.65044109331807,14.096492933550868],[-90.64739717409068,14.084025186864507],[-90.64113844785084,14.076493101365005],[-90.63544719476786,14.065457455921178],[-90.63679328652954,14.050701597377016],[-90.6636258657236,14.050291695093714],[-90.6638105673677,14.047936402494521],[-90.65990068811365,14.033029906173692],[-90.6595648344428,14.028507890523315],[-90.66343306953978,14.027088333171049],[-90.66686891171894,14.02341022991879],[-90.67525138645331,14.021811436605706],[-90.65924131200141,13.924943220490869],[-90.61759082738719,13.919620976737443],[-90.54801663972539,13.907003944477818],[-90.52729003766699,13.901962315168031],[-90.4824259887787,13.888365335878163],[-90.41866812114782,13.865881613724651],[-90.35181259575482,13.83817125808104],[-90.35057428547942,13.838025752981357],[-90.35179875608985,13.840312048831175],[-90.3499481420395,13.842190195834865],[-90.34263756068205,13.83844114645618],[-90.3427684582362,13.842430831818222],[-90.33891696839657,13.837185761878967],[-90.34376817923228,13.835704977540509],[-90.34911652909157,13.839909275286175],[-90.34705144966613,13.836089469736487],[-90.32052847521015,13.824956357866128],[-90.30645454934545,13.817814953502067],[-90.28948292663227,13.812048933630743],[-90.28291908488248,13.807806453203352],[-90.26089935551079,13.799140780105104],[-90.24650720685554,13.792174735874935],[-90.24373269252641,13.791790219695972],[-90.2424415962783,13.79258304024983],[-90.24329362483958,13.795188405808103],[-90.23950554888302,13.793998706635602],[-90.23832903865049,13.793298992350055],[-90.23958110062112,13.790718394923472],[-90.23843542490367,13.788380708298236],[-90.2361976098082,13.792361585866077],[-90.23612274069919,13.794255367066498],[-90.23652545752806,13.795522226471762],[-90.24172987485306,13.799959367584817],[-90.24136876338535,13.802912423113636],[-90.23622535404122,13.807705173137704],[-90.24041720993347,13.818722653016808],[-90.24183615617086,13.82607097748808],[-90.24120195878666,13.831107518984787],[-90.20990755970266,13.829070928083151],[-90.20495210191768,13.83930703586484],[-90.20527124536241,13.840786367698573],[-90.21218392729648,13.840402232975713],[-90.22190217757097,13.84171964540929],[-90.22331735374308,13.842963005253543],[-90.2215759405605,13.848217184888295],[-90.21340793135228,13.857430152876896],[-90.20713597539986,13.856663126475695],[-90.21100332807826,13.865882063897658],[-90.2111503292366,13.869633379193111],[-90.20606981362182,13.867828698432966],[-90.20183833438763,13.86793950063633],[-90.20185081598585,13.868681437553587],[-90.21085798125833,13.883594358837048],[-90.21988885866409,13.884404132645983],[-90.22088469010387,13.885309694860103],[-90.21913720821253,13.898333995585059],[-90.23060234699287,13.89928298946919],[-90.23106106790497,13.901869280784322],[-90.22875976018817,13.906341408444126],[-90.22982319804177,13.907209335758427],[-90.23282672550738,13.906765836326295],[-90.236695678576,13.909315155733625],[-90.23604295872764,13.913469574277588],[-90.23197626798617,13.913448264902007],[-90.23041561571652,13.914631879058222],[-90.23170572362767,13.920298727122981],[-90.23328466862992,13.921805925168675],[-90.24979600362225,13.928777638947647],[-90.26324925893748,13.929507321172526],[-90.26558278587218,13.9331252387132],[-90.26964218036287,13.932625441798953],[-90.27498727330146,13.936686928331653],[-90.27678091926364,13.942346957570999],[-90.28395712928291,13.946250396628235],[-90.28401072759405,13.951201080173032],[-90.28542301663327,13.952871020280178],[-90.28899842981123,13.952514591429987],[-90.29035637188963,13.953398030654837],[-90.29058723500988,13.958870108232498],[-90.29345593560687,13.966467257371544],[-90.29340587227114,13.969415990316367],[-90.29512070293654,13.972321158729203],[-90.29436822414057,13.978683334711203],[-90.29729578955197,13.983144415858378],[-90.29695719678722,13.985799752189088],[-90.29102222571645,13.988493138167119],[-90.28849668438745,13.991369027590089],[-90.28601897037345,13.997749085550726],[-90.28246666861018,14.000062372600915],[-90.28198392393296,14.001681761123665],[-90.27798048873044,14.001938300690371],[-90.2754664402123,14.003910837871942],[-90.27199797145877,14.004886882451375],[-90.2612110247877,14.005166015396904],[-90.25639147521491,14.006858201393975],[-90.2496583839214,14.007262845089837],[-90.24509023725632,14.009973814065313],[-90.2261065003577,14.01091895302963],[-90.21558798534369,14.0094614390566],[-90.21334823618709,14.008017576690335],[-90.21046778864047,14.00337673460879],[-90.20699988781067,14.001476099261726],[-90.20514704564854,14.001514575883943],[-90.20044421450228,13.995279867801658],[-90.19549677993447,13.991548765402129],[-90.18294447145088,13.98996148511733],[-90.16567890116222,13.990477236634057],[-90.16286746020526,13.988462932662284],[-90.16285328260827,13.983868785861343],[-90.16714857234878,13.975688400244287],[-90.16689400443792,13.973580929305022],[-90.1648395640919,13.97202486248242],[-90.13834217306513,13.99466652905325],[-90.1285171255552,14.004506900814784],[-90.14794706464396,14.013837320903267],[-90.17548110333658,14.025275367120258],[-90.18050989275679,14.027856277558742],[-90.18174114588145,14.029821593294116],[-90.1451683595912,14.064848924956562],[-90.14297204345534,14.07755123237026],[-90.11239050156227,14.070767610926534],[-90.08236687667515,14.066512611431277],[-90.07540518856372,14.081605745520898],[-90.06360632143989,14.113012337567778],[-90.0679303221114,14.11620914333613],[-90.07292367668303,14.122162985792011],[-90.07628122620777,14.127417256264586],[-90.08323914894471,14.142548299914075],[-90.09044231083305,14.153927399927962],[-90.08969944296473,14.156659464682704],[-90.0822548940229,14.158790774912086],[-90.07892253978468,14.16075632587225],[-90.07909481530292,14.163432868128629],[-90.0844395124223,14.16887166194063],[-90.08427187942416,14.172346749636718],[-90.07950821601649,14.175654089373412],[-90.06893889803955,14.177741089918392],[-90.06659465121166,14.179543504943062],[-90.06753331414117,14.181095976362464],[-90.07823196292145,14.186399500431666],[-90.08756847947778,14.195652020714471],[-90.09091001746224,14.201930070565112],[-90.12732836822347,14.220436077496062],[-90.16521506985285,14.238124034460341],[-90.19368959544956,14.261496139905004],[-90.20609548190421,14.250893497898915],[-90.20954511892565,14.25314229565224],[-90.21149779927156,14.256636948046953],[-90.21179042341905,14.260751212724719],[-90.2072486765147,14.267362735185632],[-90.20975525614028,14.270770198699614],[-90.20973550065717,14.278010493278577],[-90.21194660227862,14.282577404539746],[-90.21294928666214,14.288162094812158],[-90.21089642125335,14.295404527945909],[-90.20838100614867,14.299024050727391],[-90.19603349640226,14.292221983820317],[-90.1936123869551,14.292520840998693],[-90.19137956590758,14.29411236841714],[-90.18809945060612,14.301851410682682],[-90.18577598708342,14.33419729753732],[-90.17587223608982,14.332833150035068],[-90.1338376659181,14.331732832303029],[-90.13250110821791,14.332669527547406],[-90.13178959734206,14.340993833083026],[-90.13507743677235,14.346288945382884],[-90.13471479406057,14.350491100055777],[-90.1314701200178,14.350623438764757],[-90.12820873483813,14.34888822236526],[-90.12156767929436,14.350337374662475],[-90.11517958540244,14.350431275644222],[-90.10177653391627,14.348226565309266],[-90.07997400478426,14.33965001879305],[-90.06602115626369,14.337222187314554],[-90.06966948040024,14.349963053290145],[-90.07141790722343,14.361049147848613],[-90.07335544121301,14.362948233257434],[-90.07701804126607,14.36336490227368],[-90.07844023994667,14.364512506413563],[-90.0775926649314,14.368515345387737],[-90.07738897096787,14.383111982135672],[-90.07695787783213,14.3868704586334],[-90.073108889409,14.394237520602669],[-90.07023440810971,14.404429804599655],[-90.06705091724665,14.40970742083424],[-90.06131709077688,14.41270557592109],[-90.05911044033819,14.416116707387856],[-90.05793672930643,14.420247383099536],[-90.059385022312,14.422597746289007],[-90.06505251861923,14.426717724457491],[-90.09896639424493,14.448591690778942],[-90.12154135181588,14.464599564204129],[-90.12610306517303,14.486792978974433],[-90.12837446958468,14.48879078476222],[-90.1366069869154,14.48803893817249],[-90.14336735009991,14.490225658041464],[-90.15970673827783,14.490413696317434],[-90.16279912655237,14.489483539751166],[-90.16865950824601,14.485652484932562],[-90.1799968937128,14.48531130036223],[-90.1837477151202,14.486828516665785],[-90.18621568493685,14.490698964506306],[-90.18841840609129,14.49070841309387],[-90.19690985299627,14.487907235287311],[-90.20209145004466,14.484618096319217],[-90.21349665128422,14.483222696932328],[-90.23627234098463,14.484437866054696],[-90.23754945311725,14.482837221287049],[-90.23845943149306,14.469607566077753],[-90.24101512982995,14.46715704168604],[-90.24239124689903,14.467097534782415],[-90.24945354403873,14.472648264708075],[-90.25211101388138,14.473362421906796],[-90.25451237608922,14.476340719059204],[-90.26318523679775,14.478129819536612],[-90.26667225075032,14.480805653209408],[-90.26802908791774,14.494670632522187],[-90.27003067412885,14.499571511625378],[-90.27291593789448,14.501875623345187],[-90.27572183181772,14.503046325359009],[-90.28264904551116,14.503256490668873],[-90.29218809707976,14.50078678872134],[-90.2965924761445,14.500270756802268],[-90.29827214063958,14.501194505175908]]]]},"properties":{"FID":17,"DEPARTAMEN":"SANTA ROSA","AREA_KM2":3163.854,"COD_DEP":6,"COUNT":14,"REGION":"Sur-Oriente","REG_NUM":4,"POBLACION":301370,"VIVIENDAS":74458,"Perimeter":352.14985698,"Area":3159.47397464},"id":17},{"type":"Feature","geometry":{"type":"MultiPolygon","coordinates":[[[[-91.14606999136106,14.866563871980373],[-91.15724823089184,14.873915316527043],[-91.15681306974987,14.88651198466786],[-91.16192834846353,14.894492280224288],[-91.17649854564203,14.896430844746295],[-91.20683080944164,14.883520772256297],[-91.21264808918623,14.87160056818287],[-91.21218899463513,14.859786124715272],[-91.24501070949476,14.853206873236443],[-91.26278177550955,14.844956084763881],[-91.26849964620378,14.85659012909585],[-91.27577780531138,14.862327375579607],[-91.28177452967641,14.863228662066547],[-91.28925956830513,14.861949222500666],[-91.29526595833151,14.86014904752648],[-91.3019501973494,14.85587169408209],[-91.3031064635582,14.857209936731413],[-91.30731457869055,14.875834178821037],[-91.33726721040345,14.875603590272158],[-91.36353090648853,14.855636323383864],[-91.36175365770725,14.850259534255366],[-91.3632021276268,14.84909038242063],[-91.40422882028997,14.82274763709461],[-91.40410574489464,14.819969765800664],[-91.40810200031581,14.801117507691893],[-91.44420917996875,14.763764000422244],[-91.4461109330798,14.744641148789068],[-91.4490166252613,14.741638395932888],[-91.4550933612037,14.741020376855861],[-91.46230847331528,14.738571543354343],[-91.4722927516678,14.72614179210905],[-91.47976371530822,14.722611658424857],[-91.4849988433277,14.71888587419364],[-91.49007188111007,14.706211712261945],[-91.48891362399324,14.704156900968272],[-91.48917522403809,14.691432101673943],[-91.48822872603176,14.681460755888093],[-91.48561916546448,14.667518481817202],[-91.48346184217733,14.660999931283634],[-91.48164635065504,14.64488222076111],[-91.48464778110426,14.63577153480723],[-91.49271904795866,14.62114834705671],[-91.50648870826913,14.600121149043279],[-91.50008464727806,14.598603359194508],[-91.5000475149717,14.59637844072691],[-91.49624808324383,14.593607324873187],[-91.49186034688798,14.59444109641315],[-91.49019555269894,14.599445731148581],[-91.48872869545461,14.601023671793662],[-91.4855136957921,14.601871678669125],[-91.4655003125343,14.599446220177008],[-91.45060394019654,14.600008744188937],[-91.44932161527194,14.602534430847536],[-91.4500996896057,14.60657083228179],[-91.44558789176189,14.614521901025165],[-91.43307488530802,14.627445751968109],[-91.43376912672662,14.630749492251951],[-91.43263686582355,14.634555010915573],[-91.43040463026125,14.636139794521942],[-91.42434695905543,14.63685359507577],[-91.42075794098108,14.639520489279745],[-91.41437414865491,14.639904160899317],[-91.40857370712082,14.642665364677635],[-91.40508046180786,14.641919506791202],[-91.40130250892886,14.642595196025297],[-91.39600439844364,14.636487195542484],[-91.3933164846661,14.635518501861124],[-91.38862604084731,14.635870218112226],[-91.38540695424197,14.633919357460359],[-91.38317586808897,14.634119666622572],[-91.37898016121254,14.63749907861145],[-91.37546190035512,14.636950331768528],[-91.37252814409719,14.639358887591762],[-91.37058329744467,14.639366747988879],[-91.36814248460804,14.637635764569973],[-91.36486902666712,14.638193504397854],[-91.36167581958482,14.642631438307806],[-91.3569030211584,14.645686610453533],[-91.35257804471436,14.64322248633765],[-91.3521077695908,14.637283302041322],[-91.34812740426874,14.636245072174809],[-91.34807088251866,14.634339867431631],[-91.34630726026042,14.632314086917017],[-91.34219808725096,14.631680441762288],[-91.33777372448046,14.633615838718358],[-91.33222816353904,14.638193550717876],[-91.3243380112714,14.646950181879554],[-91.32162281319246,14.647773413784286],[-91.32047014284554,14.646607089526038],[-91.31851914770783,14.63820790964642],[-91.31589363485514,14.633829183557667],[-91.31547459741878,14.630885387368899],[-91.32223212106679,14.623870878464524],[-91.33092918231381,14.622916547597375],[-91.33153793141426,14.620433156144225],[-91.3063379110327,14.603166052824415],[-91.2943830715968,14.598813011857557],[-91.29297308415826,14.59706514329579],[-91.2925694493451,14.591112916153714],[-91.29378113607414,14.582832772760785],[-91.29642797454618,14.57563747185825],[-91.2966225431116,14.572658591675918],[-91.29321446069308,14.56867055225094],[-91.28274329837231,14.564575357929877],[-91.28027403510345,14.562075154227358],[-91.27422455327843,14.548561764367928],[-91.26854673512659,14.540944902592662],[-91.26786801185384,14.537478347570199],[-91.26935195340823,14.534201757538638],[-91.27605985258755,14.531014477295557],[-91.2762190482179,14.52835621817351],[-91.27418395832316,14.526155178231178],[-91.26873543721074,14.522816144718629],[-91.26453649987333,14.523586092728557],[-91.26213082630532,14.527352910707508],[-91.26334451079619,14.530171575160063],[-91.26307647973131,14.533677439735927],[-91.26089469956528,14.536972526817003],[-91.2526022100758,14.544946631012522],[-91.24040307435308,14.553243507086927],[-91.2282714349287,14.557043869001955],[-91.2239791815532,14.560253618348066],[-91.20989263353225,14.577906424069594],[-91.20597934697416,14.580646454002455],[-91.19834809440862,14.579547269809293],[-91.16395801209718,14.55420842779635],[-91.15604774443257,14.552293549406595],[-91.15100989833341,14.549120068205902],[-91.14239746223704,14.549039452355757],[-91.13421478056468,14.547162379474075],[-91.1311368554242,14.543223526423168],[-91.13006801212946,14.540071123142823],[-91.12926561101743,14.525376756806681],[-91.12586818133538,14.523754528798413],[-91.12489459762709,14.521698657678787],[-91.12149770469796,14.523526378937166],[-91.11906132795656,14.52599436515069],[-91.11762474824047,14.530078991343109],[-91.11610125292873,14.541879618479944],[-91.11625576841226,14.569522507845567],[-91.11727404140318,14.58052680790015],[-91.11647561497513,14.589440147584199],[-91.11419966353687,14.597484125602572],[-91.11195721856801,14.613060854488996],[-91.11065200252769,14.62745446195372],[-91.10707448541032,14.63484494462987],[-91.10322242889863,14.63952195573733],[-91.09855640507121,14.651182454206976],[-91.09130384897732,14.662657771238658],[-91.08827459815608,14.671967040078842],[-91.08581762139463,14.675885833927943],[-91.0790966103071,14.682921011480309],[-91.07746084192519,14.69375187842988],[-91.07591377958362,14.697343683203696],[-91.07519034431974,14.704479161761528],[-91.07634899747846,14.71224703490489],[-91.07900288913449,14.717132087170723],[-91.08262368355227,14.72049335362059],[-91.08502487786825,14.725566045051137],[-91.0840135159618,14.73198864106753],[-91.07681538564728,14.738736034137254],[-91.07550427773756,14.74092224284764],[-91.07561694754689,14.743886174394746],[-91.0775682963853,14.746981751940314],[-91.0810462540332,14.748940038491396],[-91.08690528979753,14.75565678076084],[-91.08439994176777,14.76940614017262],[-91.07233132630306,14.805881482510637],[-91.07487822321937,14.806666399429993],[-91.08458253367792,14.815077109131433],[-91.0889713482503,14.810613165790539],[-91.09543886855778,14.800640177701798],[-91.09933407658497,14.793067673156967],[-91.10061972913401,14.787553244344723],[-91.10298260410104,14.783586219289564],[-91.10450423377839,14.782967262901229],[-91.10926416877321,14.783987977896038],[-91.11078553961045,14.783330566783748],[-91.11672774334163,14.785863231733261],[-91.1314229577899,14.796416175150252],[-91.13604543701837,14.80162174921591],[-91.13587614544608,14.805670172888806],[-91.13083650060754,14.807607348950617],[-91.12625707133621,14.813000339878348],[-91.12425668797296,14.817888959770395],[-91.11912704038443,14.823011812703982],[-91.11574768474642,14.82471590171476],[-91.10422780289558,14.827254447764258],[-91.1014302907171,14.831063076443183],[-91.10254095235004,14.83633178956861],[-91.10518709123025,14.84091166281718],[-91.12646964527286,14.857904184257833],[-91.13481367724626,14.870084145032669],[-91.13866140580065,14.869773104342437],[-91.14606999136106,14.866563871980373]],[[-91.17617804982757,14.741480436053362],[-91.16928482271501,14.748048122236495],[-91.16447071408837,14.746467953379826],[-91.16320395761461,14.739858361226219],[-91.15780389992094,14.734203231163175],[-91.15548696871565,14.733174851220754],[-91.14945992071291,14.732949376512934],[-91.14427152017741,14.730601060915818],[-91.14074234228764,14.72608008631831],[-91.13909180292335,14.721840773799707],[-91.13572633801078,14.722257657608335],[-91.1326353527932,14.718517318324768],[-91.1297644383835,14.707690145911819],[-91.13055431624504,14.704612560403685],[-91.12984825611731,14.703230946014791],[-91.12774871799549,14.702215386430181],[-91.1270329641948,14.700612274743563],[-91.11992605261052,14.69751600250818],[-91.11686799702868,14.693997189480772],[-91.11879198846061,14.680858029654555],[-91.11777032699334,14.676435076323777],[-91.11590373681241,14.673524648302585],[-91.11724745596992,14.670952033401154],[-91.11598528325506,14.665351162697428],[-91.11708047461622,14.661166775762874],[-91.11822591986846,14.660466630411282],[-91.12678628358448,14.661300549555552],[-91.12668299820054,14.657412568197163],[-91.1345331310278,14.650643493693048],[-91.13273347687752,14.646535160218937],[-91.13516442417568,14.643361101396984],[-91.13549651683267,14.636397128987172],[-91.13626269203021,14.635042016823812],[-91.13862548796156,14.634148150165696],[-91.13943382366743,14.63418850093885],[-91.13926514393886,14.636649824727975],[-91.14103867286393,14.638427403489398],[-91.14438575363586,14.63873087866225],[-91.14079207319752,14.644697342026717],[-91.14192260906303,14.645749054040733],[-91.14257328029215,14.65101284782316],[-91.1448631968082,14.651008531015949],[-91.14450190143408,14.653335022399379],[-91.14647009938136,14.655026015911513],[-91.1507788325018,14.65477112548693],[-91.15337848128016,14.655889826605382],[-91.15409496578948,14.658802160804417],[-91.15322610049255,14.660503323854076],[-91.15509955041203,14.661261526669835],[-91.15136053222488,14.662817877283873],[-91.15062919951372,14.664442171932613],[-91.1526804832325,14.665790367694742],[-91.15414409718065,14.665125325875245],[-91.15527957590196,14.66290436975193],[-91.15939597230049,14.661106931953459],[-91.15915353768376,14.66290232377318],[-91.16072594937658,14.664211639990633],[-91.15950241572286,14.666143865131176],[-91.16334415976955,14.665907657090443],[-91.16454514930211,14.668069181654813],[-91.16422764160697,14.670590370623042],[-91.16539681066111,14.671142983444348],[-91.16500812235167,14.673990087859002],[-91.16589535410426,14.675583162872128],[-91.16643364933715,14.672537283515506],[-91.17028906213996,14.674719725361278],[-91.17661299110499,14.671984789783279],[-91.18564835940383,14.673376144878693],[-91.18948450120286,14.671087954466847],[-91.1920676056729,14.67286022354939],[-91.19323755410866,14.671915866253647],[-91.19714953372306,14.67147969746075],[-91.19860586890151,14.670348873013651],[-91.19800478850554,14.665807353829745],[-91.19865422431789,14.664437547749415],[-91.2054988396319,14.666231368233396],[-91.2059979548893,14.662297085058617],[-91.20874298296353,14.662430097410713],[-91.21075887530911,14.663898421497036],[-91.21585153741155,14.662589834315737],[-91.22095340008819,14.664303168612095],[-91.21854346361414,14.662189102320873],[-91.22033262538645,14.66077711539652],[-91.22048642382322,14.657251343568154],[-91.22252356580046,14.656090896342478],[-91.22517336157435,14.656732478264738],[-91.22502701588361,14.65228255763154],[-91.22605124241728,14.650959571899904],[-91.22846740807022,14.650922630693103],[-91.23065470261832,14.649475169044191],[-91.23090070888917,14.64867833246083],[-91.22757540696915,14.645614091584559],[-91.2278379535238,14.642759044269303],[-91.23329623364907,14.641147769773921],[-91.23525048541747,14.637557665276338],[-91.23493148724066,14.636169083418004],[-91.2332708957384,14.63583451735921],[-91.23153544980262,14.633402619104679],[-91.23259683232475,14.631769198310062],[-91.23263054357236,14.629007292852455],[-91.2374625296365,14.625938306425697],[-91.23948515616688,14.620873242160094],[-91.24364237898364,14.618075782749122],[-91.2509663900598,14.609611573488829],[-91.25285595864071,14.609726283883171],[-91.25447898947998,14.61193463412536],[-91.25397187721629,14.617016883129086],[-91.25548153802362,14.619190491427444],[-91.25511730758625,14.621972551089206],[-91.25664224664953,14.625890574452027],[-91.25102265971921,14.629839780673514],[-91.24866209864847,14.634448269274262],[-91.24474805160759,14.636614977948565],[-91.2449887471371,14.639322481238523],[-91.24226588759974,14.639347125426898],[-91.24106243277531,14.640247460082412],[-91.23818802393893,14.649221674088626],[-91.2356640812794,14.649967362820282],[-91.23445591962373,14.651444905048367],[-91.23584266255641,14.65469432505035],[-91.2398830917546,14.653826815014128],[-91.24009471073607,14.654427168789228],[-91.23712820477179,14.663489887670544],[-91.24030320841496,14.665443508553318],[-91.241315495408,14.67273333814957],[-91.24626398862175,14.676642304434804],[-91.25421289670898,14.680152377977086],[-91.2630939747437,14.68675220833486],[-91.26795947505843,14.691270213650423],[-91.2686637384691,14.694392399045283],[-91.27004298195126,14.695811464219611],[-91.26978295514736,14.696996870659888],[-91.27174497960458,14.696777645897305],[-91.27528001691527,14.693553712667784],[-91.277678273131,14.695868283660968],[-91.28182733748177,14.6942575434948],[-91.2869387486809,14.699314781449273],[-91.2872503560119,14.703188703121738],[-91.28624571327472,14.70639764603372],[-91.28338161471363,14.708267635318338],[-91.28290324950808,14.71118220182071],[-91.28160600095768,14.712833299049493],[-91.27831821819444,14.714541905770142],[-91.27478788359294,14.71417220612636],[-91.26850794798152,14.717097676052095],[-91.26714015093343,14.718551576845783],[-91.26679255019305,14.721411705365536],[-91.2638413513516,14.724195839989537],[-91.2624088252561,14.723773874473443],[-91.2606611581942,14.719911783240697],[-91.25609650394827,14.723493698747319],[-91.25221124219064,14.721916689311842],[-91.24784255685411,14.722306189168597],[-91.24340501651166,14.724263130810908],[-91.24318270624047,14.729264949807527],[-91.23972476170925,14.731213417744843],[-91.2323320105371,14.727862843064878],[-91.23023779268506,14.730331069363386],[-91.22556668568127,14.731493922289022],[-91.22026491246528,14.735912147662638],[-91.2123854101404,14.73640608642597],[-91.20946118594473,14.739977035752812],[-91.20504173918212,14.739576763838524],[-91.20008324411647,14.741068966597366],[-91.19611585774179,14.738353919308162],[-91.19431135611285,14.738850461218147],[-91.1925873155076,14.741975266266152],[-91.18720223820263,14.742609801891147],[-91.1829229130756,14.740435474904883],[-91.17938128229733,14.740086796333824],[-91.17617804982757,14.741480436053362]]]]},"properties":{"FID":18,"DEPARTAMEN":"SOLOLA","AREA_KM2":1039.905,"COD_DEP":7,"COUNT":19,"REGION":"Sur-Occidente","REG_NUM":6,"POBLACION":307661,"VIVIENDAS":62890,"Perimeter":271.904196503,"Area":1039.60497573},"id":18},{"type":"Feature","geometry":{"type":"MultiPolygon","coordinates":[[[[-91.48561916546448,14.667518481817202],[-91.48917522403809,14.691432101673943],[-91.48891362399324,14.704156900968272],[-91.49007188111007,14.706211712261945],[-91.49302582534071,14.705656976550953],[-91.49704443342942,14.701420170293252],[-91.5074638784669,14.694610088384144],[-91.51952770271191,14.681807063806817],[-91.5269169254817,14.676028519227692],[-91.53262019389307,14.672915699193972],[-91.53450661916885,14.673901547708263],[-91.53721409061326,14.673683601644292],[-91.54144993552154,14.670514981068328],[-91.54174023742532,14.665848202524126],[-91.54511321695844,14.662905701707004],[-91.54383833602205,14.658161316673263],[-91.54876828682586,14.654122351980485],[-91.55527105013591,14.64389681490363],[-91.55662936361328,14.637338414205981],[-91.55329924474756,14.635509950608768],[-91.54773313831954,14.634723937431842],[-91.54187327849208,14.629226664359617],[-91.54636134001706,14.620467708811692],[-91.54941617330165,14.61690391462219],[-91.55113335235107,14.611081056334235],[-91.56142774826576,14.59090073598248],[-91.56566059071102,14.58609313684121],[-91.56982140532443,14.584057741863086],[-91.57168941659417,14.580529240078743],[-91.57463994860905,14.572553303153363],[-91.57702523049316,14.569468550259415],[-91.5779849468886,14.559193518458049],[-91.58099306839365,14.555729456325224],[-91.58433983901072,14.543616922594648],[-91.58816722751266,14.538130651105435],[-91.58833694343733,14.531953396138155],[-91.58681112742711,14.52856806931444],[-91.58739112456871,14.526459786902166],[-91.58320512717351,14.516434946721263],[-91.58122946203999,14.50157729670634],[-91.58378361256116,14.494033694172819],[-91.58221896729869,14.489958880129995],[-91.58009976333561,14.489117869954281],[-91.57950036325028,14.48736290704713],[-91.58054676438512,14.482199943494116],[-91.58210501489465,14.480425235665312],[-91.5825437909995,14.476521818635577],[-91.58071587632331,14.471011572137634],[-91.58276486832168,14.463975603697646],[-91.58142491185433,14.46051794349022],[-91.58041130969025,14.450315608333034],[-91.58093507313386,14.443328061673961],[-91.58365455884794,14.43535713113467],[-91.5832053113787,14.428846182856278],[-91.58480581693742,14.425544037769349],[-91.58322608002682,14.418682813060812],[-91.58424398345657,14.412711717014192],[-91.58360587764028,14.406822207761225],[-91.58848428846734,14.401808624269238],[-91.5887488226903,14.399559424738928],[-91.58762578118747,14.398045417839615],[-91.58897861339405,14.39592022837743],[-91.58913883215878,14.392928052682382],[-91.59595049204142,14.388810520579959],[-91.59431328703616,14.386195215336393],[-91.59450460083487,14.381737713972468],[-91.59181724498555,14.37959298009728],[-91.59137416555508,14.377234476109317],[-91.59426934479833,14.37403482356815],[-91.59380660721722,14.369625408870156],[-91.59478995485071,14.365655076911752],[-91.59696406587689,14.364490592938374],[-91.59597605026252,14.35881030178647],[-91.599497522651,14.358098954986046],[-91.59974153689345,14.357346742721278],[-91.59976092647824,14.355998863217788],[-91.59770486626837,14.353948336732472],[-91.59770720467455,14.351803766159783],[-91.5952741996163,14.350828931595682],[-91.59834316685371,14.349339786504194],[-91.59674872871646,14.346591433572481],[-91.59941451646809,14.345163157780817],[-91.59943271458097,14.344006229985949],[-91.59602294575753,14.34254203433979],[-91.59380607541354,14.340098450345238],[-91.5919008855969,14.341848686664447],[-91.58771949393359,14.340178671970415],[-91.588968692417,14.338901392352657],[-91.59254346725567,14.338328292733394],[-91.59455794047264,14.331307624538754],[-91.5927858088614,14.329110734384797],[-91.59706036315345,14.328073910707836],[-91.59678732057048,14.326416965927281],[-91.59422881986467,14.324702433954872],[-91.59454798972259,14.322390249530002],[-91.59923883134182,14.317364955876165],[-91.60290528562885,14.319428317465734],[-91.63599977607359,14.327275977568853],[-91.66358121032117,14.330592166920988],[-91.6660978411738,14.320676334650853],[-91.63502551179296,14.315811696819056],[-91.63205177143155,14.314125681278915],[-91.63235214202675,14.311884486111703],[-91.63567817537191,14.31078044683801],[-91.63608605296753,14.30915115808162],[-91.63586201198554,14.304896786909758],[-91.63339951371374,14.303768528735311],[-91.63429271314448,14.299868595706435],[-91.70636269715652,14.315383686193544],[-91.71210094586712,14.30883731508951],[-91.71830607176193,14.30511257167223],[-91.72970308841339,14.295683068571192],[-91.73710269778583,14.276502632279783],[-91.74366305578377,14.271271601184859],[-91.74927809136378,14.263656782741302],[-91.75180330833828,14.255751060609859],[-91.7507761599667,14.248610938652401],[-91.75492637694025,14.242199592346807],[-91.75620909323231,14.238447927346312],[-91.75139659829168,14.222880920791615],[-91.75231834210166,14.217555564567364],[-91.77566140069695,14.199522756261949],[-91.78253453756666,14.192168706747907],[-91.7866196500443,14.190866199835053],[-91.74659048449962,14.1724434503372],[-91.70763199897856,14.150304875784721],[-91.64087956374448,14.108296363163316],[-91.61891509427426,14.092535153017819],[-91.59570933582307,14.077623712750439],[-91.5385893675064,14.044359823244543],[-91.53287700354585,14.049275391609937],[-91.53027263897133,14.05528879491582],[-91.53121460596651,14.057587119732498],[-91.53648711565742,14.059636019044442],[-91.53732022314097,14.061955136182627],[-91.53643366782362,14.064582470441454],[-91.52944105476362,14.073122804902487],[-91.5294099619644,14.076264899538986],[-91.5329349577955,14.081122386569174],[-91.53296400508283,14.083372221248773],[-91.52349400117282,14.088113151586628],[-91.5158291688526,14.096133610585069],[-91.50809516472435,14.101266446099016],[-91.50226214773522,14.12184521474677],[-91.48673531644407,14.133330531747358],[-91.4864572166912,14.1461428291671],[-91.48330671731094,14.15494283489633],[-91.47724495832713,14.161983162418473],[-91.4609818944889,14.17617906900713],[-91.45829051412353,14.180655271007284],[-91.45685276146163,14.186480661908446],[-91.4536924013028,14.193050799606832],[-91.44765350339883,14.199845144292555],[-91.44802331102805,14.204041595112185],[-91.45238121492736,14.206975835122256],[-91.45101024293814,14.20956904052387],[-91.44628784279992,14.211673851082926],[-91.44536313681603,14.215556825725722],[-91.44984703670978,14.225519691412861],[-91.44793032287556,14.24058185105361],[-91.45076646582787,14.246364827019276],[-91.45126021039543,14.249889808823665],[-91.4487168854619,14.256339469417075],[-91.45399170450607,14.267396649396403],[-91.45942723142709,14.267155032113699],[-91.46148589317035,14.269369305312376],[-91.45998571667789,14.273534459827664],[-91.45473092819269,14.27910227727377],[-91.45372743792747,14.281590494957404],[-91.45470421749998,14.285477902214591],[-91.45436026655679,14.29181869924064],[-91.45998771677867,14.292914996367752],[-91.46390381925954,14.29744168600167],[-91.46396846850051,14.300205746478996],[-91.45939235248395,14.306667192867753],[-91.45984085215744,14.30971507040932],[-91.44938949663323,14.312058226012574],[-91.44687523568412,14.317514812807712],[-91.44470852205305,14.319683512453793],[-91.43835378122341,14.321718476410386],[-91.43558224001477,14.320936458860054],[-91.4337845838614,14.314983878076385],[-91.4300863282653,14.28714265140222],[-91.42941870059272,14.284512483338478],[-91.42721493879162,14.282620126916946],[-91.42062195416277,14.284318702519563],[-91.41173872626487,14.289769823414067],[-91.40771529285556,14.290878423176004],[-91.40258963551442,14.294583819668794],[-91.39627847511912,14.297155787417285],[-91.38097102400025,14.30952645515912],[-91.37768531367301,14.310780746676034],[-91.37231064751563,14.309599489938968],[-91.36859265089953,14.310622466804809],[-91.36354033075854,14.316296676667912],[-91.36961697655691,14.331875670704509],[-91.3692067694361,14.334360703559309],[-91.36368537352307,14.334570122178757],[-91.35811639081923,14.320694883326455],[-91.35655837533687,14.318961150683155],[-91.35400646639988,14.31894348025148],[-91.32551419094963,14.335110499442344],[-91.32424812594371,14.334813466412546],[-91.32473960591672,14.331358644807072],[-91.32213869350429,14.328100032313333],[-91.3123193290694,14.320856281740053],[-91.30196221202208,14.328893152649677],[-91.29698107835051,14.334391115806131],[-91.29286740880679,14.334482442921798],[-91.28390304692869,14.331628377375058],[-91.28090353643142,14.331951248718738],[-91.27998629118362,14.33287779058378],[-91.28152622270277,14.338051991797409],[-91.28111997618616,14.340117654872115],[-91.26609213672299,14.337604147479878],[-91.2682008062903,14.326845006177631],[-91.27066581765601,14.323683817850126],[-91.27029836419737,14.317502460300195],[-91.27230747133903,14.310987032666779],[-91.27039788609953,14.308135171842249],[-91.26760911426345,14.307155692830984],[-91.26724869379697,14.305581562949216],[-91.19962920222609,14.29361345458588],[-91.21570197195194,14.222659173807369],[-91.21818997917084,14.208123223517363],[-91.1789325061961,14.201339571956778],[-91.18011841167149,14.210163842938897],[-91.17617983610963,14.21082071421726],[-91.17288747043732,14.209237697163758],[-91.16876257730277,14.214269552556617],[-91.1691978870928,14.221120110681477],[-91.17094739228234,14.223903576853145],[-91.170852834074,14.2263001163302],[-91.1673196471696,14.227848993900045],[-91.16594234891316,14.226017322217928],[-91.16470886695261,14.22595588459841],[-91.15926527654524,14.229584444089733],[-91.1573065063367,14.23334257557056],[-91.15362519854389,14.235280962712434],[-91.15297024549854,14.240979793293166],[-91.15481350400584,14.243617232031674],[-91.15132430002687,14.246831355617253],[-91.15054122446908,14.24954674676509],[-91.15497709876237,14.260889465714396],[-91.15433124161048,14.267021030601125],[-91.1520053495087,14.270640653338653],[-91.15165664724564,14.272988862466102],[-91.1547142289312,14.279161553603128],[-91.15469549146077,14.286150893299167],[-91.15197656868102,14.288220877680008],[-91.14904168674404,14.285599755339508],[-91.14504827488608,14.288328522156872],[-91.14487103710388,14.296028295405009],[-91.14703306337296,14.300018301257774],[-91.14518011878921,14.30474180535689],[-91.1453304760824,14.309642477473524],[-91.14089056964511,14.312576622507933],[-91.14071231611898,14.314246047497068],[-91.1419512185746,14.316309524385064],[-91.13864965522349,14.318163487063075],[-91.139032963074,14.32247287880145],[-91.13719332945794,14.322446027489761],[-91.13701878403455,14.320501588576093],[-91.13571634692944,14.321505831107038],[-91.13221431673902,14.321528018231879],[-91.13009399926601,14.323218287634063],[-91.12952969877165,14.327000555721078],[-91.12646836658848,14.33352067762466],[-91.1265162986465,14.335352273801922],[-91.12911135097603,14.337977807690363],[-91.12936531716308,14.339557980678874],[-91.12808083442943,14.343614712423308],[-91.12889334388103,14.346863321743106],[-91.12638294753147,14.349863140199194],[-91.12544745835575,14.357359094676166],[-91.12676850541374,14.359651499370473],[-91.13037698870296,14.35971841564215],[-91.13168231168368,14.363284964902704],[-91.13418871653482,14.364834317400053],[-91.13103871957028,14.372477776216934],[-91.13221704357642,14.373203295514402],[-91.13423237449531,14.372286071249844],[-91.13553633206335,14.373305155036668],[-91.13650515226928,14.376590007046062],[-91.13616426603451,14.380106296000069],[-91.13460858022343,14.382604194429206],[-91.13117127899865,14.38197494093175],[-91.12891714101185,14.382819071055122],[-91.12734381456873,14.386726611752376],[-91.12482944112055,14.389445028599123],[-91.12230079637452,14.390535434685495],[-91.12175433368323,14.392686518559623],[-91.12277485387904,14.39566002602502],[-91.11892029070364,14.399652153083576],[-91.11839954039539,14.402115215406376],[-91.1164447327125,14.403031618627228],[-91.11555782713558,14.406651922351461],[-91.1130834281121,14.40787932228722],[-91.10627654745666,14.4142549013868],[-91.10351293565043,14.41478511983055],[-91.10029276496303,14.417968599436964],[-91.0970982821662,14.42473664169085],[-91.09812892859443,14.430447479161327],[-91.09698067301434,14.434623602625898],[-91.09526094689849,14.436681507920738],[-91.09336492495761,14.448951191550984],[-91.09554722696986,14.453845574456778],[-91.10159672284466,14.453240351627395],[-91.10842080067906,14.456241429635968],[-91.1284446096123,14.459131875884045],[-91.1265398359644,14.467364472834827],[-91.12418927956715,14.470952785164195],[-91.12432229408863,14.478580257889346],[-91.12178049370814,14.48138300916252],[-91.12129571526654,14.484911609873864],[-91.11960340552955,14.487677058086451],[-91.11904403095636,14.496261438993814],[-91.12050704030732,14.498149528332641],[-91.12207162017219,14.505117409280935],[-91.12366679175693,14.507567990508454],[-91.12242131210112,14.514940404005495],[-91.12466042701959,14.516185136920196],[-91.12535082614521,14.523222839507703],[-91.12926561101743,14.525376756806681],[-91.12993625852397,14.539465698282143],[-91.1311368554242,14.543223526423168],[-91.13376792720722,14.546789415384342],[-91.14239746223704,14.549039452355757],[-91.15100989833341,14.549120068205902],[-91.15604774443257,14.552293549406595],[-91.16395801209718,14.55420842779635],[-91.19834809440862,14.579547269809293],[-91.20597934697416,14.580646454002455],[-91.2078357497363,14.579732082919277],[-91.2239791815532,14.560253618348066],[-91.2282714349287,14.557043869001955],[-91.24040307435308,14.553243507086927],[-91.2526022100758,14.544946631012522],[-91.26089469956528,14.536972526817003],[-91.26307647973131,14.533677439735927],[-91.26334451079619,14.530171575160063],[-91.26213082630532,14.527352910707508],[-91.26453649987333,14.523586092728557],[-91.26873543721074,14.522816144718629],[-91.27418395832316,14.526155178231178],[-91.2762190482179,14.52835621817351],[-91.27605985258755,14.531014477295557],[-91.26935195340823,14.534201757538638],[-91.26786801185384,14.537478347570199],[-91.26854673512659,14.540944902592662],[-91.27422455327843,14.548561764367928],[-91.28027403510345,14.562075154227358],[-91.28274329837231,14.564575357929877],[-91.29321446069308,14.56867055225094],[-91.2966225431116,14.572658591675918],[-91.29642797454618,14.57563747185825],[-91.29378113607414,14.582832772760785],[-91.2925694493451,14.591112916153714],[-91.29297308415826,14.59706514329579],[-91.2943830715968,14.598813011857557],[-91.3063379110327,14.603166052824415],[-91.33153793141426,14.620433156144225],[-91.33092918231381,14.622916547597375],[-91.32223212106679,14.623870878464524],[-91.31547459741878,14.630885387368899],[-91.31589363485514,14.633829183557667],[-91.31851914770783,14.63820790964642],[-91.32047014284554,14.646607089526038],[-91.32162281319246,14.647773413784286],[-91.3243380112714,14.646950181879554],[-91.33222816353904,14.638193550717876],[-91.33777372448046,14.633615838718358],[-91.34219808725096,14.631680441762288],[-91.34630726026042,14.632314086917017],[-91.34807088251866,14.634339867431631],[-91.34812740426874,14.636245072174809],[-91.3521077695908,14.637283302041322],[-91.35257804471436,14.64322248633765],[-91.3569030211584,14.645686610453533],[-91.36167581958482,14.642631438307806],[-91.36486902666712,14.638193504397854],[-91.36814248460804,14.637635764569973],[-91.37058329744467,14.639366747988879],[-91.37252814409719,14.639358887591762],[-91.37546190035512,14.636950331768528],[-91.37898016121254,14.63749907861145],[-91.38317586808897,14.634119666622572],[-91.38540695424197,14.633919357460359],[-91.38862604084731,14.635870218112226],[-91.3933164846661,14.635518501861124],[-91.39600439844364,14.636487195542484],[-91.40130250892886,14.642595196025297],[-91.40508046180786,14.641919506791202],[-91.40857370712082,14.642665364677635],[-91.41437414865491,14.639904160899317],[-91.42075794098108,14.639520489279745],[-91.42434695905543,14.63685359507577],[-91.43040463026125,14.636139794521942],[-91.43263686582355,14.634555010915573],[-91.43376912672662,14.630749492251951],[-91.43307488530802,14.627445751968109],[-91.44558789176189,14.614521901025165],[-91.4500996896057,14.60657083228179],[-91.44932161527194,14.602534430847536],[-91.45060394019654,14.600008744188937],[-91.4655003125343,14.599446220177008],[-91.4855136957921,14.601871678669125],[-91.48872869545461,14.601023671793662],[-91.49019555269894,14.599445731148581],[-91.49186034688798,14.59444109641315],[-91.49624808324383,14.593607324873187],[-91.49823129210132,14.594655036484454],[-91.5000475149717,14.59637844072691],[-91.50008464727806,14.598603359194508],[-91.50648870826913,14.600121149043279],[-91.49271904795866,14.62114834705671],[-91.48464778110426,14.63577153480723],[-91.48164635065504,14.64488222076111],[-91.48346184217733,14.660999931283634],[-91.48561916546448,14.667518481817202]]]]},"properties":{"FID":19,"DEPARTAMEN":"SUCHITEPEQUEZ","AREA_KM2":2393.548,"COD_DEP":10,"COUNT":20,"REGION":"Sur-Occidente","REG_NUM":6,"POBLACION":403945,"VIVIENDAS":90628,"Perimeter":353.850579599,"Area":2393.40492247},"id":19},{"type":"Feature","geometry":{"type":"MultiPolygon","coordinates":[[[[-91.31595188617531,15.235781146085625],[-91.31442574839349,15.238645922157943],[-91.31260704468818,15.239088658633456],[-91.31088127271683,15.24494109601618],[-91.31341605927352,15.248313126221287],[-91.31909080939074,15.252224965035733],[-91.3231806819083,15.247209172899526],[-91.32716678916503,15.238515298063284],[-91.32884065963968,15.238434001464347],[-91.33061076492666,15.236552641648773],[-91.33627279261731,15.235209643335871],[-91.33922638885394,15.235447290044007],[-91.34141225573957,15.237512759257955],[-91.34277319339235,15.236381793822394],[-91.3457033641724,15.236866592492866],[-91.34754072566157,15.233877322437031],[-91.34982968936139,15.233698714188106],[-91.35087229830988,15.230779259984239],[-91.35682640686572,15.231950374825463],[-91.36011009022154,15.230808499551515],[-91.36277729610306,15.227604840426023],[-91.36317348869518,15.225120059914374],[-91.36586534110559,15.224361273157704],[-91.3664981546179,15.221135968578619],[-91.37031108704123,15.221346673812343],[-91.36934869095137,15.218497277910812],[-91.37122913836762,15.21725464972794],[-91.37065337313672,15.215342352374806],[-91.37238726588012,15.214619457062675],[-91.37347170352747,15.212562147503641],[-91.37643522538059,15.211398474681259],[-91.38129632915144,15.211222263116907],[-91.38735893534778,15.140887102622854],[-91.46843237999096,15.138952545970099],[-91.49426691096217,15.145433972681486],[-91.51146463550354,15.146114074897033],[-91.54440808894496,15.11611180464046],[-91.54907069489724,15.112935321392065],[-91.54610298562827,15.069811067872358],[-91.54459817542687,15.059317725936975],[-91.54393640814835,15.037946117957661],[-91.54190745111285,15.026943232649861],[-91.53985775700184,15.001130355498397],[-91.54119468977395,14.985411624354219],[-91.53699756580123,14.974808341703863],[-91.5324418546033,14.970414525278608],[-91.53117155529556,14.961541679748997],[-91.52900520855206,14.959420589837455],[-91.55419383794359,14.939736935991387],[-91.54715369662284,14.940657173954998],[-91.52626026358587,14.945879924427413],[-91.50430854414738,14.891434460571084],[-91.49916914911199,14.884759749844102],[-91.48835234647856,14.88507170306211],[-91.48239803315587,14.890774107010017],[-91.47617502470189,14.894081592576898],[-91.46576622642868,14.896275151400209],[-91.45773289466406,14.895890187558411],[-91.45344101608252,14.894217393720385],[-91.4404588941393,14.891788471845638],[-91.43929586242388,14.890675610837485],[-91.4396385663784,14.882847312119763],[-91.44049389792904,14.87860169496385],[-91.44544805871574,14.871037401402505],[-91.44595629917686,14.863000035370726],[-91.43853735516775,14.85691430566367],[-91.42249343424018,14.849055417951616],[-91.41942622026296,14.845972604193816],[-91.40422882028997,14.82274763709461],[-91.3632021276268,14.84909038242063],[-91.36175365770725,14.850259534255366],[-91.36353090648853,14.855636323383864],[-91.33726721040345,14.875603590272158],[-91.30731457869055,14.875834178821037],[-91.3031064635582,14.857209936731413],[-91.3019501973494,14.85587169408209],[-91.29526595833151,14.86014904752648],[-91.28925956830513,14.861949222500666],[-91.28177452967641,14.863228662066547],[-91.27577780531138,14.862327375579607],[-91.26849964620378,14.85659012909585],[-91.26278177550955,14.844956084763881],[-91.24501070949476,14.853206873236443],[-91.21218899463513,14.859786124715272],[-91.21264808918623,14.87160056818287],[-91.20683080944164,14.883520772256297],[-91.17649854564203,14.896430844746295],[-91.21934315034456,14.946946182977353],[-91.24104253028638,14.94671327863721],[-91.23880694722973,14.95141364863259],[-91.23886859443375,14.955748753451475],[-91.24203078563767,14.962044053969068],[-91.23455372329923,14.974177932020632],[-91.23258847447359,14.981067353461313],[-91.23425171449206,14.983731620945465],[-91.23690877488895,14.985314550257575],[-91.24162105770482,14.98541535432553],[-91.25474334450735,14.981784839472374],[-91.25915004205038,14.988487158779146],[-91.26225324036706,14.995590685373594],[-91.26669061262152,15.001503474670837],[-91.26371501739617,15.019158349829395],[-91.26410891871723,15.022554972375847],[-91.27289227002973,15.0360754971755],[-91.26524161789028,15.050019815676258],[-91.26096692715342,15.126507911361774],[-91.25730894364854,15.129849582794774],[-91.2556506791129,15.129766743312992],[-91.25313199382401,15.126897088558238],[-91.25139754195709,15.122848442133305],[-91.25118898490753,15.116159101754427],[-91.24955717485466,15.113715395311013],[-91.23035353473014,15.104849360531725],[-91.21339896622193,15.101989100196395],[-91.209585917994,15.109377458046616],[-91.20612349650767,15.110503407494013],[-91.20582727763932,15.112681304411417],[-91.20805483789522,15.115777292571094],[-91.2141771399793,15.11689778601786],[-91.22785720318517,15.123800404404712],[-91.23588888109201,15.133203397626636],[-91.23643342564043,15.138157882642997],[-91.24075920847422,15.141669902432945],[-91.24060990546634,15.144679326775623],[-91.24849262473705,15.144779043768088],[-91.25091673981656,15.146078899808508],[-91.25317276749344,15.148094780731569],[-91.253279774176,15.152771362574912],[-91.25890271329499,15.158022674476687],[-91.25988217422179,15.161632800267853],[-91.26317960533002,15.163131334349758],[-91.26417334821569,15.16542999171255],[-91.26643023929236,15.16466900281926],[-91.26835289332395,15.162029011333178],[-91.27098228930952,15.160795233238092],[-91.273087919359,15.162539796596144],[-91.27578752918313,15.161323442596114],[-91.2850037037558,15.166936022717328],[-91.2877763936375,15.16690061514989],[-91.29137818612934,15.172828368831338],[-91.29153867822417,15.175870738362878],[-91.29455805732577,15.175115248986728],[-91.29592924241219,15.17594352910171],[-91.29663087656522,15.180632579490759],[-91.2994064231538,15.183751198152116],[-91.29903663055777,15.188600479249832],[-91.30400741610495,15.191435129979395],[-91.30939276721219,15.196424889122373],[-91.30966479416502,15.198785760619215],[-91.30776944927212,15.200420883216829],[-91.30795640599433,15.20272463039986],[-91.31970881347416,15.202359715049178],[-91.31840330077159,15.20539339881522],[-91.31859661981706,15.20756953876433],[-91.31652759599876,15.21063477588569],[-91.31716387477537,15.211894646392903],[-91.32067365999596,15.212957966160952],[-91.323379523916,15.21865609645122],[-91.32218637920846,15.219318239895266],[-91.32016480441122,15.218296565102511],[-91.31779292005744,15.219782464565498],[-91.31860475387239,15.227364368043725],[-91.31530898776771,15.232130759152612],[-91.31595188617531,15.235781146085625]]]]},"properties":{"FID":20,"DEPARTAMEN":"TOTONICAPAN","AREA_KM2":1076.357,"COD_DEP":8,"COUNT":8,"REGION":"Sur-Occidente","REG_NUM":6,"POBLACION":339254,"VIVIENDAS":75502,"Perimeter":186.843439092,"Area":1076.21549069},"id":20},{"type":"Feature","geometry":{"type":"MultiPolygon","coordinates":[[[[-89.25395104433552,15.284615048378049],[-89.2524243492478,15.296025436525351],[-89.25410779172343,15.297362184315835],[-89.25797467361002,15.29780261780167],[-89.26668523409508,15.293644847874507],[-89.26993049677314,15.293027851077703],[-89.29032629949606,15.293553477195282],[-89.29708221590295,15.292494574536093],[-89.29930726981831,15.29160076133132],[-89.30580927629975,15.286064491118502],[-89.30787027071332,15.280931875737744],[-89.30669462323205,15.276065055090662],[-89.30871508220253,15.27280662313865],[-89.31528950809998,15.273782495262397],[-89.31732899032856,15.272553726714161],[-89.3244413982807,15.271339499500414],[-89.33003771753641,15.275938180072412],[-89.33760345717756,15.277268130865021],[-89.34320351306914,15.274713147463897],[-89.34755781378261,15.274026165896432],[-89.35315979668508,15.27561684483284],[-89.35616435684524,15.277748358316765],[-89.35948888373127,15.278046166822717],[-89.37496566985322,15.271976397335917],[-89.38289414053851,15.266787604552258],[-89.39109552324136,15.25377212180464],[-89.39596966981091,15.244048873191376],[-89.39529049999442,15.2375745519125],[-89.39640744034708,15.236741848313201],[-89.39952173048735,15.238679341440674],[-89.40184351575553,15.238094976261541],[-89.40844937318066,15.226410016613796],[-89.42126096497806,15.215500630180063],[-89.4323602502233,15.211739733853273],[-89.45846330463644,15.19923205146273],[-89.49418366860981,15.18911498586115],[-89.51066309035548,15.181153750752397],[-89.51917042871479,15.178399263590341],[-89.53539887935317,15.17401558942732],[-89.54470567844604,15.172653414661527],[-89.55197033360733,15.174452823312151],[-89.56065736246593,15.180584122741156],[-89.56349552962615,15.181355284473025],[-89.56857913390525,15.179463849832528],[-89.57763346799783,15.173925951710494],[-89.59147009270634,15.169942749654668],[-89.60022115732953,15.165296238148846],[-89.61309491533034,15.160519491872263],[-89.61696727476198,15.16015338386416],[-89.63636312060356,15.163071934185837],[-89.64341450182471,15.166487990599464],[-89.6530843023545,15.167188227559377],[-89.65761863018328,15.160501691434447],[-89.6728153629299,15.149212711558913],[-89.67328213603996,15.143917983048107],[-89.6702743751115,15.138044990655866],[-89.67135095519707,15.131863251891877],[-89.6687104141223,15.122128388878288],[-89.67018973883727,15.11938091175308],[-89.67169873868218,15.118673022380232],[-89.6749811931677,15.11813793939882],[-89.68122683593215,15.119292832101413],[-89.68599335013651,15.123798943308088],[-89.68981402558222,15.130050457999786],[-89.69228442676506,15.13633406654488],[-89.69425064115283,15.137161864017683],[-89.70621562669311,15.13724769591007],[-89.7107644973044,15.138420007707738],[-89.72274790948715,15.149018654754212],[-89.72979887509749,15.150330823180036],[-89.73426879520501,15.148579788816619],[-89.73839803839,15.145173787538203],[-89.74772656423033,15.143127004050351],[-89.75800448632502,15.147277994269581],[-89.77199810973949,15.146607480943619],[-89.77513028979631,15.149847312091367],[-89.78014567095775,15.16343270068688],[-89.785808704237,15.169155399387005],[-89.80378438393743,15.169351413681522],[-89.8088161270638,15.163276334535869],[-89.82491298470121,15.171653600566623],[-89.85169009418641,15.161229466741954],[-89.8634820128527,15.160569989801727],[-89.86620955382848,15.1583517288931],[-89.86918962563573,15.148249770255482],[-89.87151456578114,15.14546034938957],[-89.88074669254306,15.14712097237442],[-89.88708735066214,15.147191652644088],[-89.89305195890482,15.150297678257886],[-89.89717779999546,15.150695357666859],[-89.89811626765423,15.14969131283751],[-89.89807559310876,15.14777873619496],[-89.89591808466771,15.144406973704594],[-89.8959070000801,15.141462049012867],[-89.89765917964681,15.139316790906785],[-89.89969798536504,15.138511831993434],[-89.838583083874,15.070896471666158],[-89.81530636317521,15.051108394510958],[-89.80844237946128,15.044052828517394],[-89.80178537389568,15.034673969398407],[-89.7893691281256,15.019973574954784],[-89.7887549233752,15.016823985630072],[-89.78950109006479,15.015148389535655],[-89.79331493899805,15.013368236811647],[-89.8118475495128,15.015377149793999],[-89.83795709084576,15.015358123707752],[-89.87134151808196,15.024059475842082],[-89.87300456806972,15.02106878449954],[-89.87147992841844,15.017551135892095],[-89.85582215065479,14.999312465101612],[-89.84935970293235,14.9858720929846],[-89.84690233631389,14.982814391829567],[-89.84726367085734,14.978319411801005],[-89.84949616536859,14.972859334595455],[-89.85101448457131,14.964898379232014],[-89.85117654198628,14.9598058070797],[-89.84875373583908,14.957296048754083],[-89.84990391639747,14.951317581444236],[-89.8480914220802,14.95034560103682],[-89.84399350220596,14.953196398011578],[-89.84056230244173,14.952213253164082],[-89.84077170823306,14.949448679289336],[-89.83834082234796,14.946396983797358],[-89.83657310014969,14.945822836944942],[-89.83293016359947,14.947689902891431],[-89.83223708622666,14.950261509856277],[-89.8302873644775,14.952434174586344],[-89.82088152755291,14.95245116810164],[-89.81732137747125,14.950542671481921],[-89.81402096005014,14.944374903312985],[-89.81680650807007,14.942124886354978],[-89.81655821548482,14.935504224506177],[-89.81943160929757,14.932441622796345],[-89.8155008116915,14.927232375102726],[-89.81673578975247,14.92278468800037],[-89.81698921043501,14.907185907036512],[-89.8178460065883,14.905157241679682],[-89.82276230410949,14.903112732798995],[-89.83106018492352,14.903988497457876],[-89.83322616994744,14.903219391925179],[-89.83658050490999,14.899719535598853],[-89.84149780795201,14.89822649823457],[-89.84858551796923,14.88775304718048],[-89.8534053500877,14.876523512311492],[-89.85847890824421,14.872933913448147],[-89.86210917956105,14.871755615932747],[-89.86267017050315,14.86562436943085],[-89.86154300846505,14.86416423233681],[-89.85373648028516,14.865416229841593],[-89.84439215910977,14.863366875013416],[-89.84226472648749,14.861397425088674],[-89.84292072017114,14.858899681200386],[-89.84153115985738,14.856624354953759],[-89.83289050019961,14.85410462188197],[-89.82015758054803,14.843376864273814],[-89.82293917673357,14.841170472164462],[-89.82392816694362,14.837131160612598],[-89.81988997486246,14.829941127532898],[-89.82465383559455,14.825851281945893],[-89.82294406876223,14.823241924349873],[-89.82303659501707,14.82187076061302],[-89.82597380263606,14.818476819144204],[-89.82615923491248,14.816062928611682],[-89.81851664447628,14.807169721346414],[-89.81203625592522,14.797337626496912],[-89.8122883235168,14.791402196274518],[-89.80964316501928,14.788608316847869],[-89.80389579891407,14.785728537484188],[-89.79603131646797,14.777658013007343],[-89.78886062750965,14.774347348709185],[-89.78479275224892,14.769311217944717],[-89.7788063198409,14.767643147949862],[-89.77576069000074,14.765314050195736],[-89.77238014553201,14.755939989831424],[-89.76860936975731,14.750387567634798],[-89.76250006617975,14.748331492580874],[-89.75742809245814,14.744409602305389],[-89.74920225904742,14.74179534133667],[-89.72984195345042,14.743620218637664],[-89.72254895273781,14.748445317275788],[-89.72040663372232,14.750867267438535],[-89.71993464875425,14.754307174114686],[-89.71453702039798,14.75610045367065],[-89.71256718750335,14.757953708324186],[-89.71152408415738,14.7603381437384],[-89.71121600498185,14.765744008678729],[-89.70349162082894,14.78139834514453],[-89.70301555916383,14.785424928128961],[-89.70452954359946,14.793003270416412],[-89.71274845170699,14.817474699205139],[-89.71076221249035,14.82827353971835],[-89.70617614446844,14.840231307520613],[-89.7062858496293,14.844551788602368],[-89.69688264764281,14.853125577944912],[-89.69624593056012,14.854825000486125],[-89.66645319116039,14.87807455022808],[-89.64944847958843,14.874178209544294],[-89.6231616064572,14.86535166516549],[-89.5963312071838,14.858509500257483],[-89.59070036035182,14.855926450313],[-89.54739399676163,14.858543360257308],[-89.51597403964762,14.862054820380372],[-89.50612776753539,14.861156972283812],[-89.50198316617248,14.861567705023733],[-89.49446858887174,14.877622912907823],[-89.49192230471186,14.881227277540107],[-89.48864501380496,14.889590886763228],[-89.48205408911805,14.894862707884723],[-89.47001067487835,14.899682406159979],[-89.44594322968523,14.900047781757374],[-89.43576113130617,14.90255209558763],[-89.42784136119204,14.906037842796177],[-89.4215402568163,14.905506113704723],[-89.40829398451822,14.902472317138546],[-89.39874675739927,14.89926929431291],[-89.37830294487689,14.89439327461774],[-89.37232103849945,14.895488787212942],[-89.34304550973721,14.904956313635301],[-89.33598640047862,14.908125126801233],[-89.32113296810076,14.911959228001432],[-89.31502179735521,14.910979758189338],[-89.28121545206645,14.894383196894834],[-89.27276182753769,14.895738136925386],[-89.25946716568917,14.900367388315264],[-89.2550701865356,14.90408460014066],[-89.24373736489353,14.921644011833031],[-89.22908257723648,14.941560433613649],[-89.22512141597299,14.948668023751102],[-89.22353575224437,14.94970662758511],[-89.20254763566535,14.948502045986809],[-89.2005058621701,14.947635590853029],[-89.1915200447818,14.939593272832013],[-89.17939243671705,14.922261269430352],[-89.1718400616952,14.930343016091426],[-89.17252160805533,14.934693703204557],[-89.17503364883947,14.93682930210045],[-89.17397186918048,14.941424867080954],[-89.1682421854274,14.943699696757042],[-89.16619737944349,14.94588967208778],[-89.16393708300595,14.951255684316209],[-89.16343756537984,14.959210594391834],[-89.16177545281083,14.963123659713819],[-89.16191474829161,14.96608235078242],[-89.16328930178481,14.967501899170653],[-89.16279862092709,14.970718433946681],[-89.15586820687757,14.979688264534508],[-89.15719475973722,14.982366955498877],[-89.1669776033258,14.985784895693985],[-89.16839804728868,14.988967078863812],[-89.17004695692235,14.990106998833957],[-89.17818144640208,14.992385776038825],[-89.17850766979613,14.997435505869527],[-89.18258463050822,15.000454735953014],[-89.18234675265194,15.002119006251183],[-89.18400038811258,15.003950386267082],[-89.18394270151175,15.00530298080972],[-89.17875670243254,15.012267892980207],[-89.17820444176171,15.01812513413203],[-89.17682254933875,15.020711980884098],[-89.17159341012298,15.026251259759384],[-89.1715730733225,15.027617995697737],[-89.17465837122764,15.03133473617949],[-89.17502288253624,15.033444519427293],[-89.1738723400099,15.03947773656568],[-89.17153318569895,15.040832422170128],[-89.1654649347534,15.041237503493923],[-89.16184445330589,15.044173216062],[-89.15960193827792,15.04909705724994],[-89.15592950854898,15.052941986294702],[-89.15393562840907,15.05667545705932],[-89.1540260492284,15.062235439647113],[-89.15288806700556,15.06574428358366],[-89.1585825901282,15.073061979809403],[-89.16256903633337,15.07525236803088],[-89.16302983729904,15.079037654323212],[-89.16609259935639,15.07759277362622],[-89.16820310228992,15.083059576082512],[-89.17018406235519,15.082936330059626],[-89.17165878792889,15.08537622716576],[-89.17553392979895,15.086089214510302],[-89.17570368519108,15.089445494382925],[-89.17709524211281,15.09141361422247],[-89.1779840392123,15.09572051561329],[-89.18662570176195,15.105243215329116],[-89.18660538700006,15.108976441255875],[-89.18326513392395,15.110461960560063],[-89.17881133516731,15.11505866619606],[-89.18009173988837,15.118053626241],[-89.17872374051109,15.122500572443087],[-89.1803598936777,15.126216685825197],[-89.17969294499629,15.130028043688073],[-89.18232638180048,15.133335805076547],[-89.17995902295826,15.137006710594523],[-89.18084108752845,15.13916702473373],[-89.18046878449971,15.141955798138412],[-89.18740329498728,15.144084322801149],[-89.19028347502378,15.147732358637224],[-89.19140255223783,15.152065751921652],[-89.18972183918434,15.154674528903778],[-89.19164105458754,15.156740705437123],[-89.193176870572,15.16092436339331],[-89.19252008549505,15.162903001357517],[-89.19545339903743,15.164897201734068],[-89.19714580365643,15.164233214764604],[-89.19643819020293,15.166456909537969],[-89.19796165973665,15.167510227120502],[-89.19781509754915,15.169274160197741],[-89.19564026804923,15.17115948377939],[-89.19557078422099,15.172476910724242],[-89.20153123616299,15.17510425786255],[-89.20027830207862,15.17693862959124],[-89.20085646035201,15.178087648797819],[-89.20352006210926,15.178423629269536],[-89.20375810345749,15.176706345317946],[-89.20556236359516,15.176222416301407],[-89.21262525838323,15.177682586703664],[-89.21435208537389,15.180237226252004],[-89.21778153570101,15.180228357068051],[-89.21999452091316,15.18141498425002],[-89.21209579277756,15.18671565195264],[-89.20957621703278,15.189881196900119],[-89.20601110811518,15.191005447891843],[-89.18834780477766,15.20172688179305],[-89.18136208693258,15.203597973225113],[-89.17736017876871,15.207218312387834],[-89.17464951960977,15.208027145591492],[-89.17564771877936,15.26722976252817],[-89.18503960715918,15.267966438119835],[-89.18632678930207,15.268879462611507],[-89.18755161559014,15.272920375166187],[-89.1862161006629,15.276861254080325],[-89.18637853997659,15.27982829456101],[-89.18971443014608,15.283246476591836],[-89.19243974851733,15.28290488193528],[-89.20090905703277,15.2785957026569],[-89.2031205525345,15.278327576907847],[-89.20909406296705,15.274603914637522],[-89.21367670324683,15.27352082313082],[-89.21782374180542,15.2739823808875],[-89.22005252874504,15.275858680680132],[-89.22143309350768,15.279256968735684],[-89.22240715392721,15.29022627518078],[-89.2256615347373,15.293181343632975],[-89.22994403920288,15.29557845094449],[-89.23627235085483,15.29607430210716],[-89.24160519380239,15.292835289534834],[-89.2487310768969,15.284244398045114],[-89.25168757972806,15.28299674437452],[-89.25395104433552,15.284615048378049]]]]},"properties":{"FID":21,"DEPARTAMEN":"ZACAPA","AREA_KM2":2707.46,"COD_DEP":19,"COUNT":10,"REGION":"Nor-Oriente","REG_NUM":3,"POBLACION":200167,"VIVIENDAS":49958,"Perimeter":314.557701505,"Area":2699.87578246},"id":21}]}