{"type": "FeatureCollection", "features": [{"type": "Feature", "geometry": {"type": "Point", "coordinates": [-91.2722509, 14.7931497]}, "properties": {"Fecha": "2025-03-05 07:27:00", "Proyecto": "1. VMS", "Municipio_VMS": "3. Santa Lucía Utatlán", "Municipio_BMZ": null, "Comunidad": "Los Aposentos", "Sector": "Los Aposentos", "Participante": "Lorenzo Ixcol Chávez", "Sexo": "Masculino", "Uso_suelo": "Arboles dispersos", "Pendiente": "0 a 12%", "Cuerdas_asignadas": 1}}, {"type": "Feature", "geometry": {"type": "Point", "coordinates": [-91.2719518, 14.7940538]}, "properties": {"Fecha": "2025-03-05 07:43:00", "Proyecto": "1. VMS", "Municipio_VMS": "3. Santa Lucía Utatlán", "Municipio_BMZ": null, "Comunidad": "Los Aposentos", "Sector": "Los Aposentos, entrada por la gasolinera", "Participante": "Dolores Lucía Yac Chávez", "Sexo": "Femenino", "Uso_suelo": "Suelo desnudo", "Pendiente": "12 a 26%", "Cuerdas_asignadas": 1}}, {"type": "Feature", "geometry": {"type": "Point", "coordinates": [-91.2711938, 14.7942088]}, "properties": {"Fecha": "2025-03-05 07:59:00", "Proyecto": "1. VMS", "Municipio_VMS": "3. Santa Lucía Utatlán", "Municipio_BMZ": null, "Comunidad": "Los Aposentos", "Sector": "Los Aposentos", "Participante": "María Bartola Vásquez", "Sexo": "Femenino", "Uso_suelo": "Suelo desnudo", "Pendiente": "12 a 26%", "Cuerdas_asignadas": 1}}, {"type": "Feature", "geometry": {"type": "Point", "coordinates": [-91.3262533, 14.737995]}, "properties": {"Fecha": "2025-02-24 08:26:00", "Proyecto": "3. TNC", "Municipio_VMS": null, "Municipio_BMZ": null, "Comunidad": "SANTA CLARA LA LAGUNA", "Sector": "Tzam Tem", "Participante": "Miguel Chacom Tziac", "Sexo": "Masculino", "Uso_suelo": "Pastizal", "Pendiente": "36 a 55%", "Cuerdas_asignadas": 4}}, {"type": "Feature", "geometry": {"type": "Point", "coordinates": [-91.3261214, 14.7386994]}, "properties": {"Fecha": "2025-02-24 08:38:00", "Proyecto": "3. TNC", "Municipio_VMS": null, "Municipio_BMZ": null, "Comunidad": "Santa Clara la Laguna", "Sector": "Tzam Tem", "Participante": "Pedro Tzaj Pérez ", "Sexo": "Masculino", "Uso_suelo": "Pastizal", "Pendiente": "36 a 55%", "Cuerdas_asignadas": 4}}, {"type": "Feature", "geometry": {"type": "Point", "coordinates": [-91.3261331, 14.7389129]}, "properties": {"Fecha": "2025-02-24 08:42:00", "Proyecto": "3. TNC", "Municipio_VMS": null, "Municipio_BMZ": null, "Comunidad": "Santa Clara la Laguna", "Sector": "Tzam Tem", "Participante": "Jerónimo Eduardo Tahay Ajsoc", "Sexo": "Masculino", "Uso_suelo": "Arboles dispersos", "Pendiente": "36 a 55%", "Cuerdas_asignadas": 4}}, {"type": "Feature", "geometry": {"type": "Point", "coordinates": [-91.325918, 14.7392359]}, "properties": {"Fecha": "2025-02-24 08:52:00", "Proyecto": "3. TNC", "Municipio_VMS": null, "Municipio_BMZ": null, "Comunidad": "Santa Clara la Laguna", "Sector": "Tzam Tem", "Participante": "María Chavajay Chavajay ", "Sexo": "Femenino", "Uso_suelo": "Agricultura", "Pendiente": "26 a 36%", "Cuerdas_asignadas": 3}}, {"type": "Feature", "geometry": {"type": "Point", "coordinates": [-91.3228196, 14.7575441]}, "properties": {"Fecha": "2025-03-04 08:23:00", "Proyecto": "3. TNC", "Municipio_VMS": null, "Municipio_BMZ": null, "Comunidad": "SANTA CLARA LA LAGUNA", "Sector": "Tzam Tem", "Participante": "Alejandro Mecias Ramirez ", "Sexo": "Masculino", "Uso_suelo": "Arboles dispersos", "Pendiente": "36 a 55%", "Cuerdas_asignadas": 3}}, {"type": "Feature", "geometry": {"type": "Point", "coordinates": [-91.3228091, 14.7562958]}, "properties": {"Fecha": "2025-03-04 08:41:00", "Proyecto": "3. TNC", "Municipio_VMS": null, "Municipio_BMZ": null, "Comunidad": "Santa Clara la Laguna", "Sector": "Tzam Tem", "Participante": "Reina Adelaida Sac Chocoy", "Sexo": "Femenino", "Uso_suelo": "Pastizal", "Pendiente": "36 a 55%", "Cuerdas_asignadas": 4}}, {"type": "Feature", "geometry": {"type": "Point", "coordinates": [-91.323328, 14.7564845]}, "properties": {"Fecha": "2025-03-05 08:53:00", "Proyecto": "3. TNC", "Municipio_VMS": null, "Municipio_BMZ": null, "Comunidad": "Santa Clara la Laguna", "Sector": "La cumbre", "Participante": "Juana Salquil Chocoy", "Sexo": "Femenino", "Uso_suelo": "Agricultura", "Pendiente": "36 a 55%", "Cuerdas_asignadas": 4}}, {"type": "Feature", "geometry": {"type": "Point", "coordinates": [-91.3234084, 14.7529273]}, "properties": {"Fecha": "2025-03-06 13:06:00", "Proyecto": "3. TNC", "Municipio_VMS": null, "Municipio_BMZ": null, "Comunidad": "Santa Clara la Laguna", "Sector": "Nima Taclol", "Participante": "Diego Tambriz Tzaj ", "Sexo": "Masculino", "Uso_suelo": "Pastizal", "Pendiente": "26 a 36%", "Cuerdas_asignadas": 4}}, {"type": "Feature", "geometry": {"type": "Point", "coordinates": [-91.3204895, 14.7526815]}, "properties": {"Fecha": "2025-03-05 10:00:00", "Proyecto": "3. TNC", "Municipio_VMS": null, "Municipio_BMZ": null, "Comunidad": "Santa Clara la Laguna", "Sector": "Taclol", "Participante": "Adolfo Gustavo Ecomac Chocoy", "Sexo": "Masculino", "Uso_suelo": "Pastizal", "Pendiente": "36 a 55%", "Cuerdas_asignadas": 4}}, {"type": "Feature", "geometry": {"type": "Point", "coordinates": [-91.3208265, 14.7584106]}, "properties": {"Fecha": "2025-03-06 08:12:00", "Proyecto": "3. TNC", "Municipio_VMS": null, "Municipio_BMZ": null, "Comunidad": "Santa Clara la Laguna", "Sector": "Nima Taclol", "Participante": "Alberto Tzaj Chavajay", "Sexo": "Masculino", "Uso_suelo": "Pastizal", "Pendiente": "36 a 55%", "Cuerdas_asignadas": 4}}, {"type": "Feature", "geometry": {"type": "Point", "coordinates": [-91.3201385, 14.7553085]}, "properties": {"Fecha": "2025-03-06 09:35:00", "Proyecto": "3. TNC", "Municipio_VMS": null, "Municipio_BMZ": null, "Comunidad": "Santa Clara la Laguna", "Sector": "Nima Taclol", "Participante": "Carlos Estuardo Tziac Saloj", "Sexo": "Masculino", "Uso_suelo": "Pastizal", "Pendiente": "36 a 55%", "Cuerdas_asignadas": 3}}, {"type": "Feature", "geometry": {"type": "Point", "coordinates": [-91.3065703, 14.7455127]}, "properties": {"Fecha": "2025-03-07 14:38:00", "Proyecto": "3. TNC", "Municipio_VMS": null, "Municipio_BMZ": null, "Comunidad": "Santa Clara la Laguna", "Sector": "La cumbre", "Participante": "Miguel Angel Macario Pacheco ", "Sexo": "Masculino", "Uso_suelo": "Pastizal", "Pendiente": "36 a 55%", "Cuerdas_asignadas": 4}}, {"type": "Feature", "geometry": {"type": "Point", "coordinates": [-91.306473, 14.745349]}, "properties": {"Fecha": "2025-03-07 13:40:00", "Proyecto": "3. TNC", "Municipio_VMS": null, "Municipio_BMZ": null, "Comunidad": "Santa Clara la Laguna", "Sector": "La cumbre", "Participante": "Clara Chocoy Tuj ", "Sexo": "Femenino", "Uso_suelo": "Arbusto/Matorral", "Pendiente": "36 a 55%", "Cuerdas_asignadas": 4}}, {"type": "Feature", "geometry": {"type": "Point", "coordinates": [-91.3065111, 14.7449891]}, "properties": {"Fecha": "2025-03-07 10:39:00", "Proyecto": "3. TNC", "Municipio_VMS": null, "Municipio_BMZ": null, "Comunidad": "Santa Clara la Laguna", "Sector": "Chuikaqkix", "Participante": "Pedro Muy Quiché ", "Sexo": null, "Uso_suelo": "Pastizal", "Pendiente": "36 a 55%", "Cuerdas_asignadas": 3}}, {"type": "Feature", "geometry": {"type": "Point", "coordinates": [-91.3190951, 14.7460698]}, "properties": {"Fecha": "2025-03-10 08:30:00", "Proyecto": "3. TNC", "Municipio_VMS": null, "Municipio_BMZ": null, "Comunidad": "Santa Clara la Laguna", "Sector": "Sab'al Tunay", "Participante": "Gaspar To Salquil ", "Sexo": "Masculino", "Uso_suelo": "Pastizal", "Pendiente": "26 a 36%", "Cuerdas_asignadas": 4}}, {"type": "Feature", "geometry": {"type": "Point", "coordinates": [-91.3189159, 14.7461923]}, "properties": {"Fecha": "2025-03-10 08:55:00", "Proyecto": "3. TNC", "Municipio_VMS": null, "Municipio_BMZ": null, "Comunidad": "Santa Clara la Laguna", "Sector": "Sab'al Tunay", "Participante": "Gaspar To Salquil ", "Sexo": "Masculino", "Uso_suelo": "Pastizal", "Pendiente": "36 a 55%", "Cuerdas_asignadas": 4}}, {"type": "Feature", "geometry": {"type": "Point", "coordinates": [-91.3197761, 14.7442489]}, "properties": {"Fecha": "2025-03-10 09:31:00", "Proyecto": "3. TNC", "Municipio_VMS": null, "Municipio_BMZ": null, "Comunidad": "Santa Clara la Laguna", "Sector": "Sab'al Tunay", "Participante": "Nicolas Chocoy Ecomac", "Sexo": "Masculino", "Uso_suelo": "Pastizal", "Pendiente": "36 a 55%", "Cuerdas_asignadas": 4}}, {"type": "Feature", "geometry": {"type": "Point", "coordinates": [-91.3217711, 14.7410505]}, "properties": {"Fecha": "2025-03-11 08:30:00", "Proyecto": "3. TNC", "Municipio_VMS": null, "Municipio_BMZ": null, "Comunidad": "Santa Clara la Laguna", "Sector": "Chuitinamit", "Participante": "Emiliano Quiché Vásquez ", "Sexo": null, "Uso_suelo": "Agricultura", "Pendiente": "36 a 55%", "Cuerdas_asignadas": 4}}, {"type": "Feature", "geometry": {"type": "Point", "coordinates": [-91.3215896, 14.7408627]}, "properties": {"Fecha": "2025-03-11 08:41:00", "Proyecto": "3. TNC", "Municipio_VMS": null, "Municipio_BMZ": null, "Comunidad": "Santa Clara la Laguna ", "Sector": "Chuitinamit", "Participante": "Grabiel Xitamul Tahay", "Sexo": "Masculino", "Uso_suelo": "Agricultura", "Pendiente": "36 a 55%", "Cuerdas_asignadas": 4}}, {"type": "Feature", "geometry": {"type": "Point", "coordinates": [-91.3212678, 14.7407333]}, "properties": {"Fecha": "2025-03-12 08:39:00", "Proyecto": "3. TNC", "Municipio_VMS": null, "Municipio_BMZ": null, "Comunidad": "Santa Clara la Laguna", "Sector": "La Cumbre ", "Participante": "Miguel Calel Osorio ", "Sexo": "Masculino", "Uso_suelo": "Arbusto/Matorral", "Pendiente": "36 a 55%", "Cuerdas_asignadas": 4}}, {"type": "Feature", "geometry": {"type": "Point", "coordinates": [-91.3217556, 14.7376062]}, "properties": {"Fecha": "2025-03-11 12:06:00", "Proyecto": "3. TNC", "Municipio_VMS": null, "Municipio_BMZ": null, "Comunidad": "Santa Clara la Laguna", "Sector": "Pa Chalip", "Participante": "Cristobal Tzaj Tziac", "Sexo": "Masculino", "Uso_suelo": "Agricultura", "Pendiente": "36 a 55%", "Cuerdas_asignadas": 4}}, {"type": "Feature", "geometry": {"type": "Point", "coordinates": [-91.3148368, 14.7498513]}, "properties": {"Fecha": "2025-03-12 09:04:00", "Proyecto": "3. TNC", "Municipio_VMS": null, "Municipio_BMZ": null, "Comunidad": "Santa Clara la Laguna", "Sector": "pa k'isis", "Participante": "Juan Ixmatá Chocoy", "Sexo": "Masculino", "Uso_suelo": "Pastizal", "Pendiente": "26 a 36%", "Cuerdas_asignadas": 4}}, {"type": "Feature", "geometry": {"type": "Point", "coordinates": [-91.3022984, 14.7547946]}, "properties": {"Fecha": "2025-03-13 07:41:00", "Proyecto": "3. TNC", "Municipio_VMS": null, "Municipio_BMZ": null, "Comunidad": null, "Sector": "Taclol", "Participante": "Miguel tuj chiyal", "Sexo": "Masculino", "Uso_suelo": "Suelo desnudo", "Pendiente": "0 a 12%", "Cuerdas_asignadas": 4}}, {"type": "Feature", "geometry": {"type": "Point", "coordinates": [-91.3026364, 14.755582]}, "properties": {"Fecha": "2025-03-13 08:00:00", "Proyecto": "3. TNC", "Municipio_VMS": null, "Municipio_BMZ": null, "Comunidad": null, "Sector": "Taclol", "Participante": "Jorge Aurelio Cumpar Vazquez", "Sexo": "Masculino", "Uso_suelo": "Pastizal", "Pendiente": "0 a 12%", "Cuerdas_asignadas": 3}}, {"type": "Feature", "geometry": {"type": "Point", "coordinates": [-91.3033623, 14.7565594]}, "properties": {"Fecha": "2025-03-13 08:32:00", "Proyecto": "3. TNC", "Municipio_VMS": null, "Municipio_BMZ": null, "Comunidad": null, "Sector": "Tazm tem", "Participante": "Domingo Alexander ixcalap tzaj", "Sexo": "Masculino", "Uso_suelo": "Pastizal", "Pendiente": "0 a 12%", "Cuerdas_asignadas": 4}}, {"type": "Feature", "geometry": {"type": "Point", "coordinates": [-91.3038339, 14.757467]}, "properties": {"Fecha": "2025-03-13 08:59:00", "Proyecto": "3. TNC", "Municipio_VMS": null, "Municipio_BMZ": null, "Comunidad": null, "Sector": "Tzam tem", "Participante": "Juan Carlos cox chacom", "Sexo": "Masculino", "Uso_suelo": "Pastizal", "Pendiente": "0 a 12%", "Cuerdas_asignadas": 4}}, {"type": "Feature", "geometry": {"type": "Point", "coordinates": [-91.3043584, 14.7606415]}, "properties": {"Fecha": "2025-03-13 12:41:00", "Proyecto": "3. TNC", "Municipio_VMS": null, "Municipio_BMZ": null, "Comunidad": null, "Sector": "Chui balastro", "Participante": "Miguel ixmata ajche", "Sexo": "Masculino", "Uso_suelo": "Pastizal", "Pendiente": "12 a 26%", "Cuerdas_asignadas": 4}}, {"type": "Feature", "geometry": {"type": "Point", "coordinates": [-91.3055224, 14.7604698]}, "properties": {"Fecha": "2025-03-13 12:55:00", "Proyecto": "3. TNC", "Municipio_VMS": null, "Municipio_BMZ": null, "Comunidad": null, "Sector": "Xola", "Participante": "Rafael chiyal tó", "Sexo": "Femenino", "Uso_suelo": "Arboles dispersos", "Pendiente": "12 a 26%", "Cuerdas_asignadas": 4}}, {"type": "Feature", "geometry": {"type": "Point", "coordinates": [-91.3053391, 14.7581504]}, "properties": {"Fecha": "2025-03-13 10:22:00", "Proyecto": "3. TNC", "Municipio_VMS": null, "Municipio_BMZ": null, "Comunidad": null, "Sector": "La cumbre", "Participante": "Nicolás tuj Chacom de yac", "Sexo": "Masculino", "Uso_suelo": "Pastizal", "Pendiente": "0 a 12%", "Cuerdas_asignadas": 4}}, {"type": "Feature", "geometry": {"type": "Point", "coordinates": [-91.3054885, 14.7588629]}, "properties": {"Fecha": "2025-03-13 10:53:00", "Proyecto": "3. TNC", "Municipio_VMS": null, "Municipio_BMZ": null, "Comunidad": null, "Sector": "Taclol", "Participante": "Rafael tzaj chiyal", "Sexo": "Masculino", "Uso_suelo": "Pastizal", "Pendiente": "0 a 12%", "Cuerdas_asignadas": 3}}, {"type": "Feature", "geometry": {"type": "Point", "coordinates": [-91.3062888, 14.7602623]}, "properties": {"Fecha": "2025-03-13 11:13:00", "Proyecto": "3. TNC", "Municipio_VMS": null, "Municipio_BMZ": null, "Comunidad": null, "Sector": "Taclol", "Participante": "Juan Noé ixmata ajche", "Sexo": "Masculino", "Uso_suelo": "Arboles dispersos", "Pendiente": "0 a 12%", "Cuerdas_asignadas": 4}}, {"type": "Feature", "geometry": {"type": "Point", "coordinates": [-91.3067131, 14.7597455]}, "properties": {"Fecha": "2025-03-13 11:24:00", "Proyecto": "3. TNC", "Municipio_VMS": null, "Municipio_BMZ": null, "Comunidad": null, "Sector": "La cumbre", "Participante": "Antonio chox Chacom", "Sexo": "Masculino", "Uso_suelo": "Pastizal", "Pendiente": "12 a 26%", "Cuerdas_asignadas": 4}}, {"type": "Feature", "geometry": {"type": "Point", "coordinates": [-91.30645, 14.7604785]}, "properties": {"Fecha": "2025-03-13 13:05:00", "Proyecto": "3. TNC", "Municipio_VMS": null, "Municipio_BMZ": null, "Comunidad": null, "Sector": "Xola", "Participante": "Francisco tó tzaj", "Sexo": "Masculino", "Uso_suelo": "Pastizal", "Pendiente": "0 a 12%", "Cuerdas_asignadas": 4}}, {"type": "Feature", "geometry": {"type": "Point", "coordinates": [-91.3070471, 14.7615148]}, "properties": {"Fecha": "2025-03-13 13:13:00", "Proyecto": "3. TNC", "Municipio_VMS": null, "Municipio_BMZ": null, "Comunidad": null, "Sector": "Xola", "Participante": "Digo julio salquil Chacom", "Sexo": "Masculino", "Uso_suelo": "Pastizal", "Pendiente": "12 a 26%", "Cuerdas_asignadas": 4}}, {"type": "Feature", "geometry": {"type": "Point", "coordinates": [-91.3022662, 14.7551118]}, "properties": {"Fecha": "2025-03-13 07:52:00", "Proyecto": "3. TNC", "Municipio_VMS": null, "Municipio_BMZ": null, "Comunidad": null, "Sector": "Taclol", "Participante": "Antonio santos tzaj", "Sexo": "Masculino", "Uso_suelo": "Pastizal", "Pendiente": "12 a 26%", "Cuerdas_asignadas": 4}}, {"type": "Feature", "geometry": {"type": "Point", "coordinates": [-91.3029192, 14.7560276]}, "properties": {"Fecha": "2025-03-13 08:14:00", "Proyecto": "3. TNC", "Municipio_VMS": null, "Municipio_BMZ": null, "Comunidad": null, "Sector": "Tzam tem", "Participante": "Susana sac salquil de Vazquez", "Sexo": "Masculino", "Uso_suelo": "Pastizal", "Pendiente": "12 a 26%", "Cuerdas_asignadas": 4}}, {"type": "Feature", "geometry": {"type": "Point", "coordinates": [-91.303631, 14.7567526]}, "properties": {"Fecha": "2025-03-13 08:44:00", "Proyecto": "3. TNC", "Municipio_VMS": null, "Municipio_BMZ": null, "Comunidad": null, "Sector": "Tzam tem", "Participante": "Alberto Raúl Velasquez", "Sexo": "Masculino", "Uso_suelo": "Pastizal", "Pendiente": "0 a 12%", "Cuerdas_asignadas": 4}}, {"type": "Feature", "geometry": {"type": "Point", "coordinates": [-91.3045357, 14.7580685]}, "properties": {"Fecha": "2025-03-13 09:28:00", "Proyecto": "3. TNC", "Municipio_VMS": null, "Municipio_BMZ": null, "Comunidad": null, "Sector": "Tzam tem", "Participante": "Miguel ixcalap tó", "Sexo": "Masculino", "Uso_suelo": "Arbusto/Matorral", "Pendiente": "0 a 12%", "Cuerdas_asignadas": 4}}, {"type": "Feature", "geometry": {"type": "Point", "coordinates": [-91.3058762, 14.7583863]}, "properties": {"Fecha": "2025-03-13 10:39:00", "Proyecto": "3. TNC", "Municipio_VMS": null, "Municipio_BMZ": null, "Comunidad": null, "Sector": "Tzam tem", "Participante": "Miguel chocoy ajsoc", "Sexo": "Masculino", "Uso_suelo": "Pastizal", "Pendiente": "12 a 26%", "Cuerdas_asignadas": 4}}, {"type": "Feature", "geometry": {"type": "Point", "coordinates": [-91.3060345, 14.7592703]}, "properties": {"Fecha": "2025-03-13 11:05:00", "Proyecto": "3. TNC", "Municipio_VMS": null, "Municipio_BMZ": null, "Comunidad": null, "Sector": "Taklol", "Participante": "Juan tzaj tziac", "Sexo": "Masculino", "Uso_suelo": "Pastizal", "Pendiente": "12 a 26%", "Cuerdas_asignadas": 4}}, {"type": "Feature", "geometry": {"type": "Point", "coordinates": [-91.3060646, 14.7603243]}, "properties": {"Fecha": "2025-03-13 12:33:00", "Proyecto": "3. TNC", "Municipio_VMS": null, "Municipio_BMZ": null, "Comunidad": null, "Sector": "La cumbre", "Participante": "Juan ajche batz Velasquez", "Sexo": "Masculino", "Uso_suelo": "Pastizal", "Pendiente": "0 a 12%", "Cuerdas_asignadas": 4}}, {"type": "Feature", "geometry": {"type": "Point", "coordinates": [-91.3052046, 14.7604787]}, "properties": {"Fecha": "2025-03-13 12:36:00", "Proyecto": "3. TNC", "Municipio_VMS": null, "Municipio_BMZ": null, "Comunidad": null, "Sector": "Chui balastro", "Participante": "Juan ecomac Chocoy", "Sexo": "Masculino", "Uso_suelo": "Pastizal", "Pendiente": "12 a 26%", "Cuerdas_asignadas": 4}}, {"type": "Feature", "geometry": {"type": "Point", "coordinates": [-91.3055639, 14.7601141]}, "properties": {"Fecha": "2025-03-13 12:52:00", "Proyecto": "3. TNC", "Municipio_VMS": null, "Municipio_BMZ": null, "Comunidad": null, "Sector": "Xola", "Participante": "Diego sac Pérez", "Sexo": "Masculino", "Uso_suelo": "Pastizal", "Pendiente": "12 a 26%", "Cuerdas_asignadas": 4}}, {"type": "Feature", "geometry": {"type": "Point", "coordinates": [-91.3057555, 14.7609344]}, "properties": {"Fecha": "2025-03-13 12:59:00", "Proyecto": "3. TNC", "Municipio_VMS": null, "Municipio_BMZ": null, "Comunidad": null, "Sector": "Taclol", "Participante": "Pedro Efrain Cumpar xaminez", "Sexo": "Masculino", "Uso_suelo": "Arboles dispersos", "Pendiente": "0 a 12%", "Cuerdas_asignadas": 4}}, {"type": "Feature", "geometry": {"type": "Point", "coordinates": [-91.3073519, 14.7610135]}, "properties": {"Fecha": "2025-03-13 13:10:00", "Proyecto": "3. TNC", "Municipio_VMS": null, "Municipio_BMZ": null, "Comunidad": null, "Sector": "Xola", "Participante": null, "Sexo": "Masculino", "Uso_suelo": "Pastizal", "Pendiente": "0 a 12%", "Cuerdas_asignadas": 4}}, {"type": "Feature", "geometry": {"type": "Point", "coordinates": [-91.3071708, 14.7605504]}, "properties": {"Fecha": "2025-03-13 13:18:00", "Proyecto": "3. TNC", "Municipio_VMS": null, "Municipio_BMZ": null, "Comunidad": null, "Sector": "La cumbre", "Participante": "Juan Alberto chocoy tuj", "Sexo": "Masculino", "Uso_suelo": "Pastizal", "Pendiente": "0 a 12%", "Cuerdas_asignadas": 4}}, {"type": "Feature", "geometry": {"type": "Point", "coordinates": [-91.3074898, 14.7612931]}, "properties": {"Fecha": "2025-03-13 13:22:00", "Proyecto": "3. TNC", "Municipio_VMS": null, "Municipio_BMZ": null, "Comunidad": null, "Sector": "La cumbre", "Participante": "Diego razón sac", "Sexo": "Masculino", "Uso_suelo": "Arboles dispersos", "Pendiente": "0 a 12%", "Cuerdas_asignadas": 4}}, {"type": "Feature", "geometry": {"type": "Point", "coordinates": [-91.3091472, 14.7405635]}, "properties": {"Fecha": "2025-03-13 11:43:00", "Proyecto": "3. TNC", "Municipio_VMS": null, "Municipio_BMZ": null, "Comunidad": "Santa Clara la Laguna", "Sector": "La Cumbre", "Participante": "Abel Enrique To Tzaj", "Sexo": "Masculino", "Uso_suelo": "Arbusto/Matorral", "Pendiente": "36 a 55%", "Cuerdas_asignadas": 4}}, {"type": "Feature", "geometry": {"type": "Point", "coordinates": [-91.30914, 14.740555]}, "properties": {"Fecha": "2025-03-14 12:47:00", "Proyecto": "3. TNC", "Municipio_VMS": null, "Municipio_BMZ": null, "Comunidad": "Santa Clara la Laguna", "Sector": "La Cumbre", "Participante": "Miguel Bay Tuj", "Sexo": "Masculino", "Uso_suelo": "Arbusto/Matorral", "Pendiente": null, "Cuerdas_asignadas": 4}}, {"type": "Feature", "geometry": {"type": "Point", "coordinates": [-91.3093325, 14.7405428]}, "properties": {"Fecha": "2025-03-14 15:50:00", "Proyecto": "3. TNC", "Municipio_VMS": null, "Municipio_BMZ": null, "Comunidad": "Santa Clara la Laguna", "Sector": "Chui Ch'ich'", "Participante": "Mario Gaspar Razón Sac", "Sexo": "Masculino", "Uso_suelo": "Arboles dispersos", "Pendiente": "36 a 55%", "Cuerdas_asignadas": 3}}, {"type": "Feature", "geometry": {"type": "Point", "coordinates": [-91.309274, 14.740156]}, "properties": {"Fecha": "2025-03-14 15:52:00", "Proyecto": "3. TNC", "Municipio_VMS": null, "Municipio_BMZ": null, "Comunidad": "Santa Clara la Laguna", "Sector": "Chui ch'ich'", "Participante": "Antonio Alvarez Ortiz", "Sexo": "Masculino", "Uso_suelo": "Pastizal", "Pendiente": "36 a 55%", "Cuerdas_asignadas": 4}}, {"type": "Feature", "geometry": {"type": "Point", "coordinates": [-91.2392419, 14.7737395]}, "properties": {"Fecha": "2025-02-20 15:03:00", "Proyecto": "1. VMS", "Municipio_VMS": "3. Santa Lucía Utatlán", "Municipio_BMZ": null, "Comunidad": "Chiaj", "Sector": "Chomanzana", "Participante": "Rosa Maria Shamines Garcia de Pixabaj", "Sexo": "Femenino", "Uso_suelo": null, "Pendiente": "26 a 36% 55 a 75% 0 a 12%", "Cuerdas_asignadas": 2}}, {"type": "Feature", "geometry": {"type": "Point", "coordinates": [-91.2828824, 14.770072]}, "properties": {"Fecha": "2025-03-07 09:38:00", "Proyecto": "1. VMS", "Municipio_VMS": "3. Santa Lucía Utatlán", "Municipio_BMZ": null, "Comunidad": "Pamesabal", "Sector": "Gesemani", "Participante": "Martín Vicente Godoy", "Sexo": "Masculino", "Uso_suelo": "Arboles dispersos Pastizal", "Pendiente": "36 a 55% 12 a 26%", "Cuerdas_asignadas": 1}}, {"type": "Feature", "geometry": {"type": "Point", "coordinates": [-91.2395013, 14.7735058]}, "properties": {"Fecha": "2025-02-20 14:58:00", "Proyecto": "1. VMS", "Municipio_VMS": "3. Santa Lucía Utatlán", "Municipio_BMZ": null, "Comunidad": "Chiaj", "Sector": "Chomanza", "Participante": "Teresa Cotuc Sapun", "Sexo": "Masculino", "Uso_suelo": "Arboles dispersos", "Pendiente": "26 a 36% 36 a 55%", "Cuerdas_asignadas": 1}}, {"type": "Feature", "geometry": {"type": "Point", "coordinates": [-91.2542051, 14.767988]}, "properties": {"Fecha": "2025-02-20 16:00:00", "Proyecto": "1. VMS", "Municipio_VMS": "3. Santa Lucía Utatlán", "Municipio_BMZ": null, "Comunidad": "Chiaj", "Sector": "Chocascobel", "Participante": "Isabel Vásquez Vasquez", "Sexo": "Femenino", "Uso_suelo": "Arbusto/Matorral", "Pendiente": "26 a 36%", "Cuerdas_asignadas": 2}}, {"type": "Feature", "geometry": {"type": "Point", "coordinates": [-91.2963381, 14.7598157]}, "properties": {"Fecha": "2025-03-07 10:09:00", "Proyecto": "1. VMS", "Municipio_VMS": "3. Santa Lucía Utatlán", "Municipio_BMZ": null, "Comunidad": "Mesabal", "Sector": "Cumbre mesbal", "Participante": "Juan Angel Xamines Yac", "Sexo": "Femenino", "Uso_suelo": "Arbusto/Matorral", "Pendiente": "26 a 36% 12 a 26%", "Cuerdas_asignadas": 1}}, {"type": "Feature", "geometry": {"type": "Point", "coordinates": [-91.2136241, 14.8097593]}, "properties": {"Fecha": "2025-03-20 11:10:00", "Proyecto": "1. VMS", "Municipio_VMS": "1. Sololá", "Municipio_BMZ": null, "Comunidad": "Coxom", "Sector": "San Juan argueta coxom", "Participante": "Ana Sebastianana de Leon", "Sexo": "Femenino", "Uso_suelo": "Arbusto/Matorral", "Pendiente": "36 a 55%", "Cuerdas_asignadas": 1}}, {"type": "Feature", "geometry": {"type": "Point", "coordinates": [-91.2198034, 14.8136665]}, "properties": {"Fecha": "2025-03-20 14:23:00", "Proyecto": "1. VMS", "Municipio_VMS": "1. Sololá", "Municipio_BMZ": null, "Comunidad": "Coxom", "Sector": "Coxom argueta", "Participante": "Elvira María Ajpacaja Tax", "Sexo": "Femenino", "Uso_suelo": "Arbusto/Matorral", "Pendiente": "26 a 36%", "Cuerdas_asignadas": 2}}, {"type": "Feature", "geometry": {"type": "Point", "coordinates": [-91.2292352, 14.8129706]}, "properties": {"Fecha": "2025-03-20 14:47:00", "Proyecto": "1. VMS", "Municipio_VMS": "1. Sololá", "Municipio_BMZ": null, "Comunidad": "San Juan Argueta", "Sector": "San Juan Argueta", "Participante": "Lissi Elizabeth García Ajpacaja", "Sexo": "Femenino", "Uso_suelo": "Arboles dispersos", "Pendiente": "12 a 26%", "Cuerdas_asignadas": 6}}, {"type": "Feature", "geometry": {"type": "Point", "coordinates": [-91.282621, 14.8022757]}, "properties": {"Fecha": "2025-03-05 08:30:00", "Proyecto": "1. VMS", "Municipio_VMS": "3. Santa Lucía Utatlán", "Municipio_BMZ": null, "Comunidad": "Los Aposento", "Sector": "Sector  salinas", "Participante": "Julian Chavez Yac", "Sexo": "Masculino", "Uso_suelo": "Arbusto/Matorral Arboles dispersos", "Pendiente": "26 a 36%", "Cuerdas_asignadas": 1}}, {"type": "Feature", "geometry": {"type": "Point", "coordinates": [-91.2735856, 14.7892456]}, "properties": {"Fecha": "2025-03-05 07:28:00", "Proyecto": "1. VMS", "Municipio_VMS": "1. Sololá", "Municipio_BMZ": null, "Comunidad": "Los Aposentos", "Sector": "Los Aposentos Novillero", "Participante": "Mario Victor Cux Sazo", "Sexo": "Masculino", "Uso_suelo": "Pastizal Arbusto/Matorral", "Pendiente": "26 a 36%", "Cuerdas_asignadas": 2}}, {"type": "Feature", "geometry": {"type": "Point", "coordinates": [-91.2292015, 14.6120312]}, "properties": {"Fecha": "2025-02-26 09:50:00", "Proyecto": "3. TNC", "Municipio_VMS": null, "Municipio_BMZ": null, "Comunidad": "Santiago Atitlan ", "Sector": "Tzankanak", "Participante": "Mercedes Floridalma Coche Qyieju", "Sexo": "Masculino", "Uso_suelo": "Agroforestal", "Pendiente": "12 a 26%", "Cuerdas_asignadas": 3}}, {"type": "Feature", "geometry": {"type": "Point", "coordinates": [-91.2873836, 14.7598177]}, "properties": {"Fecha": "2025-02-25 08:34:00", "Proyecto": "1. VMS", "Municipio_VMS": "3. Santa Lucía Utatlán", "Municipio_BMZ": null, "Comunidad": "Pamesabal", "Sector": "Camino a chirij cruz", "Participante": "Juan Dionicio Yac Yac", "Sexo": "Masculino", "Uso_suelo": "Arboles dispersos", "Pendiente": "26 a 36%", "Cuerdas_asignadas": 3}}, {"type": "Feature", "geometry": {"type": "Point", "coordinates": [-91.2817651, 14.7744434]}, "properties": {"Fecha": "2025-02-25 09:21:00", "Proyecto": "1. VMS", "Municipio_VMS": "3. Santa Lucía Utatlán", "Municipio_BMZ": null, "Comunidad": "Mesabal", "Sector": "Pamacha", "Participante": "Inquilina", "Sexo": "Femenino", "Uso_suelo": "Arboles dispersos", "Pendiente": "12 a 26% 36 a 55%", "Cuerdas_asignadas": 2}}, {"type": "Feature", "geometry": {"type": "Point", "coordinates": [-91.300875, 14.7864366]}, "properties": {"Fecha": "2025-02-25 10:03:00", "Proyecto": "1. VMS", "Municipio_VMS": "3. Santa Lucía Utatlán", "Municipio_BMZ": null, "Comunidad": "Mesabal", "Sector": "Chuisuj", "Participante": "Lucio Agustin Morales Vázquez", "Sexo": "Masculino", "Uso_suelo": "Arboles dispersos", "Pendiente": "26 a 36% 12 a 26%", "Cuerdas_asignadas": 3}}, {"type": "Feature", "geometry": {"type": "Point", "coordinates": [-91.2763824, 14.7913819]}, "properties": {"Fecha": "2025-02-25 11:05:00", "Proyecto": "1. VMS", "Municipio_VMS": "3. Santa Lucía Utatlán", "Municipio_BMZ": null, "Comunidad": "Mesabal", "Sector": "Chuiatzam", "Participante": "Edgar Eduardo Chavez", "Sexo": "Masculino", "Uso_suelo": "Arboles dispersos", "Pendiente": "12 a 26% 36 a 55%", "Cuerdas_asignadas": 1}}, {"type": "Feature", "geometry": {"type": "Point", "coordinates": [-91.29954, 14.7629754]}, "properties": {"Fecha": "2025-02-25 11:32:00", "Proyecto": "1. VMS", "Municipio_VMS": "3. Santa Lucía Utatlán", "Municipio_BMZ": null, "Comunidad": "Mesabal", "Sector": "Buena Vista", "Participante": "Julia Felisa Saquic", "Sexo": "Femenino", "Uso_suelo": "Arboles dispersos", "Pendiente": null, "Cuerdas_asignadas": 5}}, {"type": "Feature", "geometry": {"type": "Point", "coordinates": [-91.1962194, 14.8047952]}, "properties": {"Fecha": "2025-02-26 10:16:00", "Proyecto": "1. VMS", "Municipio_VMS": "1. Sololá", "Municipio_BMZ": null, "Comunidad": "Yaxon Nevoya", "Sector": "Barranco", "Participante": "Maria Gloria Yaxon Martin", "Sexo": "Femenino", "Uso_suelo": "Arboles dispersos", "Pendiente": "26 a 36%", "Cuerdas_asignadas": 3}}, {"type": "Feature", "geometry": {"type": "Point", "coordinates": [-91.1904383, 14.7876372]}, "properties": {"Fecha": "2025-02-26 10:52:00", "Proyecto": "1. VMS", "Municipio_VMS": "1. Sololá", "Municipio_BMZ": null, "Comunidad": "Yaxon Nevoya", "Sector": "Universidad", "Participante": "Maria Elena Yaxon Cumes", "Sexo": "Femenino", "Uso_suelo": "Enriquecimiento del bosque", "Pendiente": "36 a 55% 12 a 26%", "Cuerdas_asignadas": 3}}, {"type": "Feature", "geometry": {"type": "Point", "coordinates": [-91.3006587, 14.753355]}, "properties": {"Fecha": "2025-02-27 08:57:00", "Proyecto": "3. TNC", "Municipio_VMS": null, "Municipio_BMZ": null, "Comunidad": "Santa Clara", "Sector": "La Cumbre", "Participante": "Lucía Joj", "Sexo": "Femenino", "Uso_suelo": "Arboles dispersos", "Pendiente": "26 a 36% 12 a 26%", "Cuerdas_asignadas": 3}}, {"type": "Feature", "geometry": {"type": "Point", "coordinates": [-91.2997321, 14.7518261]}, "properties": {"Fecha": "2025-02-27 09:15:00", "Proyecto": "3. TNC", "Municipio_VMS": null, "Municipio_BMZ": null, "Comunidad": "Santa Clara", "Sector": "La Cumbre", "Participante": "Maria Tzaj de Chocoy", "Sexo": "Femenino", "Uso_suelo": "Arboles dispersos Arbusto/Matorral", "Pendiente": "26 a 36% 12 a 26%", "Cuerdas_asignadas": 3}}, {"type": "Feature", "geometry": {"type": "Point", "coordinates": [-91.2649499, 14.788647]}, "properties": {"Fecha": "2025-02-28 10:07:00", "Proyecto": "1. VMS", "Municipio_VMS": "3. Santa Lucía Utatlán", "Municipio_BMZ": null, "Comunidad": "Noviero", "Sector": "Corazón del bosque ", "Participante": "Michael Ferlandy De León Chavez", "Sexo": "Masculino", "Uso_suelo": "Arboles dispersos", "Pendiente": "26 a 36% 12 a 26%", "Cuerdas_asignadas": 7}}, {"type": "Feature", "geometry": {"type": "Point", "coordinates": [-91.2745575, 14.7861626]}, "properties": {"Fecha": "2025-03-05 07:35:00", "Proyecto": "1. VMS", "Municipio_VMS": "3. Santa Lucía Utatlán", "Municipio_BMZ": null, "Comunidad": "Aposentos", "Sector": "Xejupa", "Participante": "Felipe Saquic", "Sexo": "Masculino", "Uso_suelo": "Pastizal Enriquecimiento del bosque", "Pendiente": "26 a 36% 12 a 26%", "Cuerdas_asignadas": 5}}, {"type": "Feature", "geometry": {"type": "Point", "coordinates": [-91.2732489, 14.7921313]}, "properties": {"Fecha": "2025-03-05 08:14:00", "Proyecto": "1. VMS", "Municipio_VMS": "3. Santa Lucía Utatlán", "Municipio_BMZ": null, "Comunidad": "Aposentos", "Sector": "Aposentos", "Participante": "Santos Feliciano Méndez saquic", "Sexo": "Masculino", "Uso_suelo": "Arbusto/Matorral Arboles dispersos", "Pendiente": "26 a 36%", "Cuerdas_asignadas": 2}}, {"type": "Feature", "geometry": {"type": "Point", "coordinates": [-91.2764367, 14.7820574]}, "properties": {"Fecha": "2025-03-05 08:35:00", "Proyecto": "1. VMS", "Municipio_VMS": "3. Santa Lucía Utatlán", "Municipio_BMZ": null, "Comunidad": "Aposentos", "Sector": "Xejupa", "Participante": "Marta Estela Cux Chavez", "Sexo": "Femenino", "Uso_suelo": "Pastizal", "Pendiente": "26 a 36%", "Cuerdas_asignadas": 1}}, {"type": "Feature", "geometry": {"type": "Point", "coordinates": [-91.2751147, 14.7854567]}, "properties": {"Fecha": "2025-03-05 10:04:00", "Proyecto": "1. VMS", "Municipio_VMS": "3. Santa Lucía Utatlán", "Municipio_BMZ": null, "Comunidad": "Aposentos", "Sector": "Xejupa", "Participante": "Francisco Santiago Tzapinel Chávez ", "Sexo": "Masculino", "Uso_suelo": null, "Pendiente": "26 a 36%", "Cuerdas_asignadas": 1}}, {"type": "Feature", "geometry": {"type": "Point", "coordinates": [-91.2133851, 14.8145304]}, "properties": {"Fecha": "2025-03-20 11:10:00", "Proyecto": "1. VMS", "Municipio_VMS": "1. Sololá", "Municipio_BMZ": null, "Comunidad": "Coxom", "Sector": "La Ceiba ", "Participante": "Rosa Celestina Casia Sic", "Sexo": "Masculino", "Uso_suelo": "Arboles dispersos", "Pendiente": "26 a 36%", "Cuerdas_asignadas": 2}}, {"type": "Feature", "geometry": {"type": "Point", "coordinates": [-91.2220824, 14.8135582]}, "properties": {"Fecha": "2025-03-20 11:44:00", "Proyecto": "1. VMS", "Municipio_VMS": "1. Sololá", "Municipio_BMZ": null, "Comunidad": "Coxom", "Sector": "Cementerio", "Participante": "Maria Justa Tumax Batz", "Sexo": "Femenino", "Uso_suelo": "Arboles dispersos", "Pendiente": "26 a 36%", "Cuerdas_asignadas": 2}}, {"type": "Feature", "geometry": {"type": "Point", "coordinates": [-91.2263398, 14.8163629]}, "properties": {"Fecha": "2025-03-20 14:46:00", "Proyecto": "1. VMS", "Municipio_VMS": "1. Sololá", "Municipio_BMZ": null, "Comunidad": "San Juan Argueta", "Sector": "Mesita", "Participante": "Irma Antonia Ajpacaja", "Sexo": "Femenino", "Uso_suelo": "Pastizal Arboles dispersos", "Pendiente": "26 a 36% 36 a 55% 12 a 26%", "Cuerdas_asignadas": 6}}, {"type": "Feature", "geometry": {"type": "Point", "coordinates": [-91.1735114, 14.6681659]}, "properties": {"Fecha": "2025-04-04 10:13:00", "Proyecto": "3. TNC", "Municipio_VMS": null, "Municipio_BMZ": null, "Comunidad": "Cerro de Oro ", "Sector": "Cerro de Oro Proyecto Nawal", "Participante": "Vicente Sapalu Huoz", "Sexo": "Masculino", "Uso_suelo": "Arbusto/Matorral", "Pendiente": "26 a 36% 36 a 55%", "Cuerdas_asignadas": 6}}, {"type": "Feature", "geometry": {"type": "Point", "coordinates": [-91.2894076, 14.6701215]}, "properties": {"Fecha": "2025-04-08 11:16:00", "Proyecto": "3. TNC", "Municipio_VMS": null, "Municipio_BMZ": null, "Comunidad": "San pedro la laguna ", "Sector": "Chuatikay", "Participante": "Jose Navichoc ", "Sexo": "Masculino", "Uso_suelo": "Agroforestal", "Pendiente": "0 a 12%", "Cuerdas_asignadas": 3}}, {"type": "Feature", "geometry": {"type": "Point", "coordinates": [-91.2892535, 14.6686172]}, "properties": {"Fecha": "2025-04-08 11:24:00", "Proyecto": "3. TNC", "Municipio_VMS": null, "Municipio_BMZ": null, "Comunidad": "San Pedro", "Sector": "Basurero", "Participante": "Regino Mendez", "Sexo": "Masculino", "Uso_suelo": "Suelo desnudo", "Pendiente": "12 a 26%", "Cuerdas_asignadas": 4}}, {"type": "Feature", "geometry": {"type": "Point", "coordinates": [-91.3332879, 14.6608214]}, "properties": {"Fecha": "2025-03-13 12:23:00", "Proyecto": "3. TNC", "Municipio_VMS": null, "Municipio_BMZ": null, "Comunidad": "Aldea Pasajquim ", "Sector": "Xe abaj", "Participante": "Lisandro Puac", "Sexo": "Masculino", "Uso_suelo": "Pastizal", "Pendiente": "12 a 26%", "Cuerdas_asignadas": null}}, {"type": "Feature", "geometry": {"type": "Point", "coordinates": [-91.2137765, 14.8118134]}, "properties": {"Fecha": "2025-03-20 11:21:00", "Proyecto": "1. VMS", "Municipio_VMS": "6. Otros---Especificar", "Municipio_BMZ": null, "Comunidad": "Coxom", "Sector": "Nuevos Horizontes", "Participante": "Lilian Eugenia Choror Rosales", "Sexo": "Femenino", "Uso_suelo": "Arbusto/Matorral", "Pendiente": "0 a 12%", "Cuerdas_asignadas": 2}}, {"type": "Feature", "geometry": {"type": "Point", "coordinates": [-91.2296634, 14.8101708]}, "properties": {"Fecha": "2025-03-20 14:56:00", "Proyecto": "1. VMS", "Municipio_VMS": "1. Sololá", "Municipio_BMZ": null, "Comunidad": "San Juan Argueta", "Sector": "La Mesita", "Participante": "Timoteo Pedro Par Rosales", "Sexo": "Masculino", "Uso_suelo": "Arboles dispersos", "Pendiente": "0 a 12%", "Cuerdas_asignadas": 4}}, {"type": "Feature", "geometry": {"type": "Point", "coordinates": [-91.2810926, 14.6598133]}, "properties": {"Fecha": "2025-04-14 08:10:00", "Proyecto": "3. TNC", "Municipio_VMS": null, "Municipio_BMZ": null, "Comunidad": "San pedro la laguna", "Sector": "Patiaq poowom ", "Participante": "Felix pop Gonzalez ", "Sexo": "Masculino", "Uso_suelo": "Agroforestal", "Pendiente": "0 a 12%", "Cuerdas_asignadas": 3}}, {"type": "Feature", "geometry": {"type": "Point", "coordinates": [-91.3199366, 14.6768506]}, "properties": {"Fecha": "2025-04-24 09:52:00", "Proyecto": "3. TNC", "Municipio_VMS": null, "Municipio_BMZ": null, "Comunidad": "Panyebar ", "Sector": "Chuacanac, poq'ona", "Participante": "Rosa María de León González ", "Sexo": "Femenino", "Uso_suelo": "Agricultura Arbusto/Matorral", "Pendiente": "12 a 26%", "Cuerdas_asignadas": 4}}, {"type": "Feature", "geometry": {"type": "Point", "coordinates": [-91.3291315, 14.6595586]}, "properties": {"Fecha": "2025-04-24 10:23:00", "Proyecto": null, "Municipio_VMS": null, "Municipio_BMZ": null, "Comunidad": "Panyebar ", "Sector": "Chowonon", "Participante": "Sandra Orbelia Morales Chávez ", "Sexo": "Femenino", "Uso_suelo": "Pastizal Arbusto/Matorral", "Pendiente": "36 a 55%", "Cuerdas_asignadas": 3}}, {"type": "Feature", "geometry": {"type": "Point", "coordinates": [-91.3276199, 14.6615049]}, "properties": {"Fecha": "2025-04-24 10:28:00", "Proyecto": "3. TNC", "Municipio_VMS": null, "Municipio_BMZ": null, "Comunidad": "Panyebar ", "Sector": "Chowonon ", "Participante": "Raul Toc Pérez ", "Sexo": "Masculino", "Uso_suelo": "Arbusto/Matorral Pastizal", "Pendiente": "26 a 36% 36 a 55%", "Cuerdas_asignadas": 3}}, {"type": "Feature", "geometry": {"type": "Point", "coordinates": [-91.32241, 14.6704155]}, "properties": {"Fecha": "2025-04-24 11:42:00", "Proyecto": "3. TNC", "Municipio_VMS": null, "Municipio_BMZ": null, "Comunidad": "Panyebar ", "Sector": "Tzamabaj", "Participante": "Yolanda Marina García Tzic ", "Sexo": "Femenino", "Uso_suelo": "Agricultura", "Pendiente": "12 a 26%", "Cuerdas_asignadas": 3}}, {"type": "Feature", "geometry": {"type": "Point", "coordinates": [-91.3224184, 14.6703115]}, "properties": {"Fecha": "2025-04-24 11:45:00", "Proyecto": "3. TNC", "Municipio_VMS": null, "Municipio_BMZ": null, "Comunidad": "Panyebar ", "Sector": "Tzamabaj ", "Participante": "Etelvina Tzic Choror", "Sexo": "Femenino", "Uso_suelo": "Agricultura Arbusto/Matorral", "Pendiente": "12 a 26%", "Cuerdas_asignadas": 3}}, {"type": "Feature", "geometry": {"type": "Point", "coordinates": [-91.3134167, 14.6750004]}, "properties": {"Fecha": "2025-04-24 12:14:00", "Proyecto": "3. TNC", "Municipio_VMS": null, "Municipio_BMZ": null, "Comunidad": "Panyebar ", "Sector": "Chuacanac ", "Participante": "Juana Graciela Puac Tzic", "Sexo": "Femenino", "Uso_suelo": "Arboles dispersos", "Pendiente": "12 a 26%", "Cuerdas_asignadas": 1}}, {"type": "Feature", "geometry": {"type": "Point", "coordinates": [-91.3218839, 14.6657631]}, "properties": {"Fecha": "2025-04-24 11:43:00", "Proyecto": "3. TNC", "Municipio_VMS": null, "Municipio_BMZ": null, "Comunidad": "Panyebar ", "Sector": "Panyebar ", "Participante": "Sara Sebastiana Tzic", "Sexo": "Femenino", "Uso_suelo": "Arbusto/Matorral", "Pendiente": "26 a 36%", "Cuerdas_asignadas": 1}}, {"type": "Feature", "geometry": {"type": "Point", "coordinates": [-91.3134028, 14.6706645]}, "properties": {"Fecha": "2025-04-24 12:14:00", "Proyecto": "3. TNC", "Municipio_VMS": null, "Municipio_BMZ": null, "Comunidad": "Panyebar", "Sector": "Chuacanac", "Participante": "Santos Maribel Chávez", "Sexo": "Masculino", "Uso_suelo": "Arboles dispersos", "Pendiente": "26 a 36%", "Cuerdas_asignadas": 4}}, {"type": "Feature", "geometry": {"type": "Point", "coordinates": [-91.3135092, 14.6704784]}, "properties": {"Fecha": "2025-04-24 12:41:00", "Proyecto": "3. TNC", "Municipio_VMS": null, "Municipio_BMZ": null, "Comunidad": "Panyebar ", "Sector": "Chuacanac ", "Participante": "Vicente Cristóbal ", "Sexo": "Masculino", "Uso_suelo": "Suelo desnudo Pastizal", "Pendiente": "26 a 36%", "Cuerdas_asignadas": 2}}, {"type": "Feature", "geometry": {"type": "Point", "coordinates": [-91.3117325, 14.7122357]}, "properties": {"Fecha": "2025-04-30 11:46:00", "Proyecto": "3. TNC", "Municipio_VMS": null, "Municipio_BMZ": null, "Comunidad": "Santa María Visitación ", "Sector": "Saq' ulew", "Participante": "Isaac Xaminez ", "Sexo": "Masculino", "Uso_suelo": "Agricultura", "Pendiente": "0 a 12%", "Cuerdas_asignadas": 1}}, {"type": "Feature", "geometry": {"type": "Point", "coordinates": [-91.3312516, 14.6900912]}, "properties": {"Fecha": "2025-04-07 09:35:00", "Proyecto": "3. TNC", "Municipio_VMS": null, "Municipio_BMZ": null, "Comunidad": "Montecristo ", "Sector": "Patum, ", "Participante": "Manuel Mendoza Perez ", "Sexo": "Masculino", "Uso_suelo": "Arbusto/Matorral", "Pendiente": "12 a 26%", "Cuerdas_asignadas": 2}}, {"type": "Feature", "geometry": {"type": "Point", "coordinates": [-91.3213175, 14.7007542]}, "properties": {"Fecha": "2025-04-22 15:17:00", "Proyecto": "3. TNC", "Municipio_VMS": null, "Municipio_BMZ": null, "Comunidad": "Montecristo ", "Sector": "Payatza", "Participante": "Domingo Atz Sosa", "Sexo": "Masculino", "Uso_suelo": "Suelo desnudo", "Pendiente": "0 a 12%", "Cuerdas_asignadas": 2}}, {"type": "Feature", "geometry": {"type": "Point", "coordinates": [-91.3240593, 14.6966388]}, "properties": {"Fecha": "2025-04-21 16:04:00", "Proyecto": "3. TNC", "Municipio_VMS": null, "Municipio_BMZ": null, "Comunidad": "Montecristo ", "Sector": "Xiquichoy ", "Participante": "Ana Atz Sosa", "Sexo": "Femenino", "Uso_suelo": "Arbusto/Matorral", "Pendiente": "12 a 26%", "Cuerdas_asignadas": 1}}, {"type": "Feature", "geometry": {"type": "Point", "coordinates": [-91.31953, 14.7017995]}, "properties": {"Fecha": "2025-04-22 16:20:00", "Proyecto": "3. TNC", "Municipio_VMS": null, "Municipio_BMZ": null, "Comunidad": "Montecristo ", "Sector": "Sector 1 ", "Participante": "Cornelio Sosa Saquic", "Sexo": "Masculino", "Uso_suelo": "Suelo desnudo", "Pendiente": "12 a 26%", "Cuerdas_asignadas": 10}}, {"type": "Feature", "geometry": {"type": "Point", "coordinates": [-91.3177714, 14.7031585]}, "properties": {"Fecha": "2025-04-23 14:26:00", "Proyecto": "3. TNC", "Municipio_VMS": null, "Municipio_BMZ": null, "Comunidad": "Montecristo", "Sector": "Payatza", "Participante": "Juan Ambrocio  Saquic", "Sexo": "Masculino", "Uso_suelo": "Pastizal", "Pendiente": "26 a 36%", "Cuerdas_asignadas": 1}}, {"type": "Feature", "geometry": {"type": "Point", "coordinates": [-91.3147318, 14.7134755]}, "properties": {"Fecha": "2025-04-17 10:47:00", "Proyecto": "3. TNC", "Municipio_VMS": null, "Municipio_BMZ": null, "Comunidad": "Montecristo ", "Sector": "Sector 3 Montecristo ", "Participante": "Santos Mauricio Vicente Mendoza ", "Sexo": "Masculino", "Uso_suelo": "Pastizal", "Pendiente": "12 a 26%", "Cuerdas_asignadas": 2}}, {"type": "Feature", "geometry": {"type": "Point", "coordinates": [-91.3250317, 14.72053]}, "properties": {"Fecha": "2025-04-17 11:29:00", "Proyecto": "3. TNC", "Municipio_VMS": null, "Municipio_BMZ": null, "Comunidad": "Santa Maria Visitación ", "Sector": "Agua Tibia ", "Participante": "Otto Perez ", "Sexo": "Masculino", "Uso_suelo": "Pastizal", "Pendiente": "12 a 26%", "Cuerdas_asignadas": 2}}, {"type": "Feature", "geometry": {"type": "Point", "coordinates": [-91.32505, 14.7205367]}, "properties": {"Fecha": "2025-04-18 11:32:00", "Proyecto": "3. TNC", "Municipio_VMS": null, "Municipio_BMZ": null, "Comunidad": "Santa Maria Visitación ", "Sector": "Tzantem", "Participante": "Magdalena Perez ", "Sexo": "Femenino", "Uso_suelo": "Arbusto/Matorral", "Pendiente": "26 a 36%", "Cuerdas_asignadas": 2}}, {"type": "Feature", "geometry": {"type": "Point", "coordinates": [-91.3306767, 14.7198333]}, "properties": {"Fecha": "2025-04-25 11:54:00", "Proyecto": "3. TNC", "Municipio_VMS": null, "Municipio_BMZ": null, "Comunidad": "Santa Maria Visitación ", "Sector": "Chuipoj ", "Participante": "Juan Rumualdo Cox", "Sexo": "Masculino", "Uso_suelo": "Pastizal", "Pendiente": "12 a 26%", "Cuerdas_asignadas": 2}}, {"type": "Feature", "geometry": {"type": "Point", "coordinates": [-91.3075008, 14.7666787]}, "properties": {"Fecha": "2025-04-21 10:59:00", "Proyecto": "1. VMS", "Municipio_VMS": "1. Sololá", "Municipio_BMZ": null, "Comunidad": "Mirador", "Sector": "Buena Vista", "Participante": "Lucía Ixcol Ixcol", "Sexo": "Femenino", "Uso_suelo": "Pastizal Arbusto/Matorral", "Pendiente": "26 a 36%", "Cuerdas_asignadas": 7}}, {"type": "Feature", "geometry": {"type": "Point", "coordinates": [-91.2454073, 14.8035102]}, "properties": {"Fecha": "2025-04-24 09:49:00", "Proyecto": "1. VMS", "Municipio_VMS": "1. Sololá", "Municipio_BMZ": null, "Comunidad": "Cienaga Grande", "Sector": "Santa Rita", "Participante": "Hector", "Sexo": "Masculino", "Uso_suelo": "Enriquecimiento del bosque Arbusto/Matorral", "Pendiente": "12 a 26%", "Cuerdas_asignadas": 9}}, {"type": "Feature", "geometry": {"type": "Point", "coordinates": [-91.2463916, 14.8060524]}, "properties": {"Fecha": "2025-04-24 10:01:00", "Proyecto": "1. VMS", "Municipio_VMS": "1. Sololá", "Municipio_BMZ": null, "Comunidad": "Ciénaga Grande", "Sector": "Santa Rita", "Participante": "Cristobal Tahay", "Sexo": "Masculino", "Uso_suelo": "Enriquecimiento del bosque Arbusto/Matorral", "Pendiente": "12 a 26%", "Cuerdas_asignadas": 12}}, {"type": "Feature", "geometry": {"type": "Point", "coordinates": [-91.2648259, 14.7886905]}, "properties": {"Fecha": "2025-02-28 10:03:00", "Proyecto": "1. VMS", "Municipio_VMS": "3. Santa Lucía Utatlán", "Municipio_BMZ": null, "Comunidad": "Novillero ", "Sector": "Corazón del bosque ", "Participante": "Selvin Fernando Pérez Aju ", "Sexo": "Masculino", "Uso_suelo": "Arboles dispersos", "Pendiente": "36 a 55%", "Cuerdas_asignadas": 7}}, {"type": "Feature", "geometry": {"type": "Point", "coordinates": [-91.2707262, 14.8279047]}, "properties": {"Fecha": "2025-04-28 12:07:00", "Proyecto": "1. VMS", "Municipio_VMS": "3. Santa Lucía Utatlán", "Municipio_BMZ": null, "Comunidad": "PayajUt", "Sector": "La Pedrera ", "Participante": "Arturo López ", "Sexo": "Masculino", "Uso_suelo": "Enriquecimiento del bosque Arboles dispersos", "Pendiente": "36 a 55%", "Cuerdas_asignadas": 35}}, {"type": "Feature", "geometry": {"type": "Point", "coordinates": [-91.2209149, 14.8153245]}, "properties": {"Fecha": "2025-04-30 15:32:00", "Proyecto": "1. VMS", "Municipio_VMS": "1. Sololá", "Municipio_BMZ": null, "Comunidad": "Argueta", "Sector": "Campo 4", "Participante": "Adela Juana García Tzoc", "Sexo": "Femenino", "Uso_suelo": "Arboles dispersos", "Pendiente": "36 a 55%", "Cuerdas_asignadas": 3}}, {"type": "Feature", "geometry": {"type": "Point", "coordinates": [-91.1588356, 14.8238603]}, "properties": {"Fecha": "2025-05-07 12:09:00", "Proyecto": "1. VMS", "Municipio_VMS": null, "Municipio_BMZ": null, "Comunidad": "Chuacruz", "Sector": "Palax", "Participante": "Isaías Zaput Samines ", "Sexo": "Masculino", "Uso_suelo": "Arbusto/Matorral", "Pendiente": "36 a 55%", "Cuerdas_asignadas": 4.5}}, {"type": "Feature", "geometry": {"type": "Point", "coordinates": [-91.1900663, 14.8368109]}, "properties": {"Fecha": "2025-05-07 14:50:00", "Proyecto": "1. VMS", "Municipio_VMS": "1. Sololá", "Municipio_BMZ": null, "Comunidad": "Xibalbay ", "Sector": "Sector Tanque ", "Participante": "German Enrique Guit Quisquina ", "Sexo": "Masculino", "Uso_suelo": "Arbusto/Matorral Arboles dispersos", "Pendiente": "36 a 55%", "Cuerdas_asignadas": 5}}, {"type": "Feature", "geometry": {"type": "Point", "coordinates": [-91.1897947, 14.8366319]}, "properties": {"Fecha": "2025-05-07 15:00:00", "Proyecto": "1. VMS", "Municipio_VMS": "1. Sololá", "Municipio_BMZ": null, "Comunidad": "Xibalbay ", "Sector": "Sector Tanque ", "Participante": "José María Guit Guarcax", "Sexo": "Masculino", "Uso_suelo": "Suelo desnudo Enriquecimiento del bosque", "Pendiente": "36 a 55%", "Cuerdas_asignadas": 3}}, {"type": "Feature", "geometry": {"type": "Point", "coordinates": [-91.2563389, 14.8583417]}, "properties": {"Fecha": "2025-05-09 10:04:00", "Proyecto": "1. VMS", "Municipio_VMS": "5. Totonicapán", "Municipio_BMZ": null, "Comunidad": "Pamesebal", "Sector": "Cocoles", "Participante": "Herlinda Flora Tzaquitzal García", "Sexo": "Femenino", "Uso_suelo": "Arboles dispersos", "Pendiente": "26 a 36%", "Cuerdas_asignadas": 3}}, {"type": "Feature", "geometry": {"type": "Point", "coordinates": [-91.3020852, 14.7871973]}, "properties": {"Fecha": "2025-02-21 08:54:00", "Proyecto": "1. VMS", "Municipio_VMS": "3. Santa Lucía Utatlán", "Municipio_BMZ": null, "Comunidad": "Mesabal", "Sector": "Chuisuj", "Participante": "Lety Teresa Yac Charar", "Sexo": "Femenino", "Uso_suelo": null, "Pendiente": "36 a 55%", "Cuerdas_asignadas": 5}}, {"type": "Feature", "geometry": {"type": "Point", "coordinates": [-91.1080246, 14.7063479]}, "properties": {"Fecha": "2025-04-28 15:46:00", "Proyecto": "2. BMZ", "Municipio_VMS": null, "Municipio_BMZ": "7. Otros--- Especificar", "Comunidad": "Chocruz", "Sector": "Apiario Yaxon", "Participante": "Cesar Nazario Yaxon Martín", "Sexo": "Masculino", "Uso_suelo": "Arbusto/Matorral", "Pendiente": "36 a 55%", "Cuerdas_asignadas": 3}}, {"type": "Feature", "geometry": {"type": "Point", "coordinates": [-91.1082977, 14.7064828]}, "properties": {"Fecha": "2025-04-28 15:58:00", "Proyecto": "2. BMZ", "Municipio_VMS": null, "Municipio_BMZ": "7. Otros--- Especificar", "Comunidad": "Chocruz", "Sector": "Apiario", "Participante": "Alma Zeten Martín", "Sexo": "Femenino", "Uso_suelo": "Arboles dispersos", "Pendiente": "12 a 26% 36 a 55%", "Cuerdas_asignadas": 1}}, {"type": "Feature", "geometry": {"type": "Point", "coordinates": [-91.2766344, 14.7754197]}, "properties": {"Fecha": "2025-04-29 10:25:00", "Proyecto": "1. VMS", "Municipio_VMS": "3. Santa Lucía Utatlán", "Municipio_BMZ": null, "Comunidad": "Chuimacha", "Sector": "Chuimacha", "Participante": "Gloria Estrella Chox Charar", "Sexo": "Femenino", "Uso_suelo": "Pastizal Arboles dispersos", "Pendiente": "26 a 36%", "Cuerdas_asignadas": 5}}, {"type": "Feature", "geometry": {"type": "Point", "coordinates": [-91.2762556, 14.776424]}, "properties": {"Fecha": "2025-04-29 10:45:00", "Proyecto": "1. VMS", "Municipio_VMS": "3. Santa Lucía Utatlán", "Municipio_BMZ": null, "Comunidad": "Chuimacha", "Sector": "Chuimacha", "Participante": "Luisa Joj Saloj", "Sexo": "Femenino", "Uso_suelo": "Pastizal Arboles dispersos", "Pendiente": "12 a 26% 36 a 55%", "Cuerdas_asignadas": 5}}, {"type": "Feature", "geometry": {"type": "Point", "coordinates": [-91.2064655, 14.7905907]}, "properties": {"Fecha": "2025-04-30 08:40:00", "Proyecto": "1. VMS", "Municipio_VMS": "1. Sololá", "Municipio_BMZ": null, "Comunidad": "Xequel", "Sector": "Xequel", "Participante": "Ilario viente Saloj", "Sexo": null, "Uso_suelo": "Arboles dispersos", "Pendiente": "26 a 36% 55 a 75%", "Cuerdas_asignadas": 2}}, {"type": "Feature", "geometry": {"type": "Point", "coordinates": [-91.2071824, 14.7913566]}, "properties": {"Fecha": "2025-04-30 08:52:00", "Proyecto": "1. VMS", "Municipio_VMS": "1. Sololá", "Municipio_BMZ": null, "Comunidad": "Xequel", "Sector": "Xequel", "Participante": "Alberto Chumil Tococh", "Sexo": "Masculino", "Uso_suelo": "Arboles dispersos", "Pendiente": "26 a 36% 55 a 75%", "Cuerdas_asignadas": 3}}, {"type": "Feature", "geometry": {"type": "Point", "coordinates": [-91.2203676, 14.8160173]}, "properties": {"Fecha": "2025-04-30 15:31:00", "Proyecto": "1. VMS", "Municipio_VMS": "1. Sololá", "Municipio_BMZ": null, "Comunidad": "San juan Argueta", "Sector": "Campo 4 nuevos orisontes", "Participante": "Irene Micaela Sapon García de García", "Sexo": "Femenino", "Uso_suelo": "Arboles dispersos", "Pendiente": "12 a 26% 26 a 36%", "Cuerdas_asignadas": 3}}, {"type": "Feature", "geometry": {"type": "Point", "coordinates": [-91.2228114, 14.8180099]}, "properties": {"Fecha": "2025-04-30 15:57:00", "Proyecto": "1. VMS", "Municipio_VMS": "1. Sololá", "Municipio_BMZ": null, "Comunidad": "San Juan Argueta", "Sector": "Cementerio", "Participante": "Juana Cristina Gutierrez Menchu", "Sexo": "Femenino", "Uso_suelo": "Pastizal Arboles dispersos", "Pendiente": "26 a 36%", "Cuerdas_asignadas": 2}}, {"type": "Feature", "geometry": {"type": "Point", "coordinates": [-91.2229668, 14.8183476]}, "properties": {"Fecha": "2025-04-30 16:01:00", "Proyecto": "1. VMS", "Municipio_VMS": "1. Sololá", "Municipio_BMZ": null, "Comunidad": "San Juan Argueta", "Sector": "Cementerio", "Participante": "Maria de los Ángeles de la Cruz", "Sexo": "Masculino", "Uso_suelo": null, "Pendiente": "26 a 36%", "Cuerdas_asignadas": 1}}, {"type": "Feature", "geometry": {"type": "Point", "coordinates": [-91.2141853, 14.7796011]}, "properties": {"Fecha": "2025-05-08 12:05:00", "Proyecto": "1. VMS", "Municipio_VMS": "2. San José Chacayá", "Municipio_BMZ": null, "Comunidad": "El Molino", "Sector": "El Molino", "Participante": "Defino Gutiérrez ", "Sexo": "Masculino", "Uso_suelo": "Pastizal Arboles dispersos", "Pendiente": "12 a 26% 26 a 36%", "Cuerdas_asignadas": 7}}, {"type": "Feature", "geometry": {"type": "Point", "coordinates": [-91.2470441, 14.8174316]}, "properties": {"Fecha": "2025-05-08 15:27:00", "Proyecto": "1. VMS", "Municipio_VMS": "4. Nahualá", "Municipio_BMZ": null, "Comunidad": "Xeabaj 1", "Sector": "Xequej", "Participante": "Osbaldo Guarchaj", "Sexo": null, "Uso_suelo": "Pastizal Arboles dispersos", "Pendiente": "26 a 36%", "Cuerdas_asignadas": null}}, {"type": "Feature", "geometry": {"type": "Point", "coordinates": [-91.2452818, 14.8072971]}, "properties": {"Fecha": "2025-05-08 16:11:00", "Proyecto": "1. VMS", "Municipio_VMS": "4. Nahualá", "Municipio_BMZ": null, "Comunidad": "Tzancotom", "Sector": "Xoljuyub", "Participante": "Diego Ixtos", "Sexo": "Femenino", "Uso_suelo": "Arboles dispersos", "Pendiente": "12 a 26% 26 a 36%", "Cuerdas_asignadas": 3}}, {"type": "Feature", "geometry": {"type": "Point", "coordinates": [-91.2563763, 14.8590426]}, "properties": {"Fecha": "2025-05-09 10:09:00", "Proyecto": "1. VMS", "Municipio_VMS": "5. Totonicapán", "Municipio_BMZ": null, "Comunidad": "Pamesabal", "Sector": "Cocales", "Participante": "Norma Josefa García Tale", "Sexo": "Femenino", "Uso_suelo": "Arboles dispersos", "Pendiente": "12 a 26%", "Cuerdas_asignadas": 5}}, {"type": "Feature", "geometry": {"type": "Point", "coordinates": [-91.2762764, 14.8724365]}, "properties": {"Fecha": "2025-05-09 11:17:00", "Proyecto": "1. VMS", "Municipio_VMS": "5. Totonicapán", "Municipio_BMZ": null, "Comunidad": "Rancho Central", "Sector": "Rancho", "Participante": "Miquel Sic Vasques", "Sexo": null, "Uso_suelo": "Pastizal", "Pendiente": "26 a 36%", "Cuerdas_asignadas": 5}}, {"type": "Feature", "geometry": {"type": "Point", "coordinates": [-91.2768366, 14.7761807]}, "properties": {"Fecha": "2025-04-29 10:25:00", "Proyecto": "1. VMS", "Municipio_VMS": "3. Santa Lucía Utatlán", "Municipio_BMZ": null, "Comunidad": "Chuimacha", "Sector": "Chuimacha", "Participante": "Agustín Chox Ibaté", "Sexo": "Masculino", "Uso_suelo": "Arbusto/Matorral", "Pendiente": "26 a 36%", "Cuerdas_asignadas": 5}}, {"type": "Feature", "geometry": {"type": "Point", "coordinates": [-91.2044409, 14.7891326]}, "properties": {"Fecha": "2025-04-30 08:26:00", "Proyecto": "1. VMS", "Municipio_VMS": "2. San José Chacayá", "Municipio_BMZ": null, "Comunidad": "Chuiquel", "Sector": "Paxot", "Participante": "María Vicente Vicente", "Sexo": "Femenino", "Uso_suelo": "Arbusto/Matorral", "Pendiente": "36 a 55%", "Cuerdas_asignadas": 5}}, {"type": "Feature", "geometry": {"type": "Point", "coordinates": [-91.2202158, 14.8152374]}, "properties": {"Fecha": "2025-04-30 15:32:00", "Proyecto": "1. VMS", "Municipio_VMS": "1. Sololá", "Municipio_BMZ": null, "Comunidad": "San Juan Argueta", "Sector": "San Juan Argueta", "Participante": "Mirna Antonieta Sapón García", "Sexo": "Femenino", "Uso_suelo": "Arbusto/Matorral", "Pendiente": "26 a 36%", "Cuerdas_asignadas": 1}}, {"type": "Feature", "geometry": {"type": "Point", "coordinates": [-91.1579354, 14.8232734]}, "properties": {"Fecha": "2025-05-07 12:08:00", "Proyecto": "1. VMS", "Municipio_VMS": "1. Sololá", "Municipio_BMZ": null, "Comunidad": "Chuacruz, Pujujil 1", "Sector": "Puwi escuela", "Participante": "Tomas Mejía Jorge", "Sexo": "Masculino", "Uso_suelo": "Agricultura", "Pendiente": "26 a 36%", "Cuerdas_asignadas": 4.5}}, {"type": "Feature", "geometry": {"type": "Point", "coordinates": [-91.1490303, 14.8308163]}, "properties": {"Fecha": "2025-05-07 12:35:00", "Proyecto": "1. VMS", "Municipio_VMS": "1. Sololá", "Municipio_BMZ": null, "Comunidad": "Progreso, Jujujil", "Sector": null, "Participante": "Marta Lidia Palax", "Sexo": "Femenino", "Uso_suelo": "Arbusto/Matorral Suelo desnudo", "Pendiente": "26 a 36% 36 a 55%", "Cuerdas_asignadas": 2}}, {"type": "Feature", "geometry": {"type": "Point", "coordinates": [-91.1886485, 14.8369259]}, "properties": {"Fecha": "2025-05-07 14:49:00", "Proyecto": "1. VMS", "Municipio_VMS": "1. Sololá", "Municipio_BMZ": null, "Comunidad": "Xibalbay", "Sector": "Sector Guit", "Participante": "Marcelo Guit Cosigua", "Sexo": null, "Uso_suelo": "Arbusto/Matorral", "Pendiente": "26 a 36%", "Cuerdas_asignadas": 3}}, {"type": "Feature", "geometry": {"type": "Point", "coordinates": [-91.1800944, 14.8308472]}, "properties": {"Fecha": "2025-05-07 15:52:00", "Proyecto": "1. VMS", "Municipio_VMS": "1. Sololá", "Municipio_BMZ": null, "Comunidad": "Xibalbay", "Sector": "Sector Río", "Participante": "Andres Ibaté Güit", "Sexo": "Masculino", "Uso_suelo": "Arbusto/Matorral", "Pendiente": "36 a 55%", "Cuerdas_asignadas": 4}}, {"type": "Feature", "geometry": {"type": "Point", "coordinates": [-91.2389367, 14.7891176]}, "properties": {"Fecha": "2025-05-08 13:35:00", "Proyecto": "1. VMS", "Municipio_VMS": "2. San José Chacayá", "Municipio_BMZ": null, "Comunidad": "Villa linda", "Sector": "Villa linda", "Participante": "Mauricio Ajú García", "Sexo": "Masculino", "Uso_suelo": "Suelo desnudo", "Pendiente": "26 a 36%", "Cuerdas_asignadas": 5}}, {"type": "Feature", "geometry": {"type": "Point", "coordinates": [-91.2481021, 14.8182678]}, "properties": {"Fecha": "2025-05-08 15:26:00", "Proyecto": "1. VMS", "Municipio_VMS": "4. Nahualá", "Municipio_BMZ": null, "Comunidad": "Xeabaj", "Sector": "Xequekñj", "Participante": "Osbaldo Jacinto Guarchaj Guarchaj", "Sexo": "Masculino", "Uso_suelo": "Suelo desnudo", "Pendiente": "26 a 36%", "Cuerdas_asignadas": 5}}, {"type": "Feature", "geometry": {"type": "Point", "coordinates": [-91.2448163, 14.8077957]}, "properties": {"Fecha": "2025-05-08 16:13:00", "Proyecto": "1. VMS", "Municipio_VMS": "4. Nahualá", "Municipio_BMZ": null, "Comunidad": "Tzam cotom", "Sector": "Xol juyub", "Participante": "Joel Guarchaj Ajtzalam", "Sexo": "Masculino", "Uso_suelo": "Arbusto/Matorral", "Pendiente": "26 a 36%", "Cuerdas_asignadas": 3}}, {"type": "Feature", "geometry": {"type": "Point", "coordinates": [-91.2559588, 14.8589493]}, "properties": {"Fecha": "2025-05-09 10:05:00", "Proyecto": "1. VMS", "Municipio_VMS": "5. Totonicapán", "Municipio_BMZ": null, "Comunidad": "Rancho de Teja", "Sector": "Pa Cocales", "Participante": "Santa Paula Tale Par", "Sexo": "Femenino", "Uso_suelo": "Arbusto/Matorral", "Pendiente": "26 a 36%", "Cuerdas_asignadas": 5}}, {"type": "Feature", "geometry": {"type": "Point", "coordinates": [-91.1215057, 14.7409366]}, "properties": {"Fecha": "2025-05-12 15:08:00", "Proyecto": "2. BMZ", "Municipio_VMS": null, "Municipio_BMZ": "7. Otros--- Especificar", "Comunidad": "Xe Juyú I", "Sector": "Pinada de Xe Juyu I", "Participante": "Yuliana Estefana Sinay Juárez", "Sexo": "Femenino", "Uso_suelo": "Suelo desnudo", "Pendiente": "26 a 36%", "Cuerdas_asignadas": 2.5}}, {"type": "Feature", "geometry": {"type": "Point", "coordinates": [-91.1215363, 14.7407021]}, "properties": {"Fecha": "2025-05-12 15:29:00", "Proyecto": "2. BMZ", "Municipio_VMS": null, "Municipio_BMZ": "7. Otros--- Especificar", "Comunidad": "Xe Juyú I", "Sector": "Pinada Xejuyú", "Participante": "Dimas Noe Sacalxot Buch", "Sexo": "Masculino", "Uso_suelo": "Arboles dispersos", "Pendiente": "36 a 55%", "Cuerdas_asignadas": 2.5}}, {"type": "Feature", "geometry": {"type": "Point", "coordinates": [-91.0965668, 14.7270071]}, "properties": {"Fecha": "2025-05-13 09:15:00", "Proyecto": "2. BMZ", "Municipio_VMS": null, "Municipio_BMZ": "7. Otros--- Especificar", "Comunidad": "Choquec", "Sector": "Choquec ", "Participante": "Tomás Salvador Calel", "Sexo": "Masculino", "Uso_suelo": "Suelo desnudo", "Pendiente": "36 a 55%", "Cuerdas_asignadas": 1}}, {"type": "Feature", "geometry": {"type": "Point", "coordinates": [-91.0966058, 14.7270201]}, "properties": {"Fecha": "2025-05-13 09:19:00", "Proyecto": "2. BMZ", "Municipio_VMS": null, "Municipio_BMZ": "7. Otros--- Especificar", "Comunidad": "Choquec ", "Sector": "Choquec ", "Participante": "Francisco Salvador Guatcas", "Sexo": "Masculino", "Uso_suelo": "Arboles dispersos", "Pendiente": "36 a 55%", "Cuerdas_asignadas": 1}}, {"type": "Feature", "geometry": {"type": "Point", "coordinates": [-91.0998433, 14.7269703]}, "properties": {"Fecha": "2025-05-13 09:37:00", "Proyecto": "1. VMS", "Municipio_VMS": "6. Otros---Especificar", "Municipio_BMZ": null, "Comunidad": "Choquec", "Sector": "Choquec", "Participante": "Estela Quino Morales", "Sexo": "Femenino", "Uso_suelo": "Arboles dispersos", "Pendiente": "36 a 55%", "Cuerdas_asignadas": 1}}, {"type": "Feature", "geometry": {"type": "Point", "coordinates": [-91.0997888, 14.7269687]}, "properties": {"Fecha": "2025-05-13 09:46:00", "Proyecto": "2. BMZ", "Municipio_VMS": null, "Municipio_BMZ": "7. Otros--- Especificar", "Comunidad": "Choquec", "Sector": "Choquec", "Participante": "Juana Salvador Pérez", "Sexo": "Femenino", "Uso_suelo": "Suelo desnudo", "Pendiente": "36 a 55%", "Cuerdas_asignadas": 3}}, {"type": "Feature", "geometry": {"type": "Point", "coordinates": [-91.1012336, 14.7276071]}, "properties": {"Fecha": "2025-05-13 09:58:00", "Proyecto": "2. BMZ", "Municipio_VMS": null, "Municipio_BMZ": "7. Otros--- Especificar", "Comunidad": "Choquec ", "Sector": "Choquec ", "Participante": "Manual Roberto Salvador Pérez ", "Sexo": "Masculino", "Uso_suelo": "Arboles dispersos", "Pendiente": null, "Cuerdas_asignadas": 1}}, {"type": "Feature", "geometry": {"type": "Point", "coordinates": [-91.1012214, 14.7276087]}, "properties": {"Fecha": "2025-05-13 10:01:00", "Proyecto": "2. BMZ", "Municipio_VMS": null, "Municipio_BMZ": "7. Otros--- Especificar", "Comunidad": "Choquec", "Sector": "Choquec", "Participante": "Flora Josefa Quino Méndez", "Sexo": "Femenino", "Uso_suelo": "Arboles dispersos", "Pendiente": "26 a 36%", "Cuerdas_asignadas": 2}}, {"type": "Feature", "geometry": {"type": "Point", "coordinates": [-91.0960138, 14.7274513]}, "properties": {"Fecha": "2025-05-13 11:00:00", "Proyecto": "2. BMZ", "Municipio_VMS": null, "Municipio_BMZ": "7. Otros--- Especificar", "Comunidad": "Choquec", "Sector": "Choquec", "Participante": "Rolando Solíz Méndez", "Sexo": "Masculino", "Uso_suelo": "Suelo desnudo", "Pendiente": "26 a 36%", "Cuerdas_asignadas": 4.5}}, {"type": "Feature", "geometry": {"type": "Point", "coordinates": [-91.0954275, 14.7275782]}, "properties": {"Fecha": "2025-05-13 11:05:00", "Proyecto": "2. BMZ", "Municipio_VMS": null, "Municipio_BMZ": "7. Otros--- Especificar", "Comunidad": "Choquec", "Sector": "Choquec", "Participante": "Domingo Salvador Calel", "Sexo": "Masculino", "Uso_suelo": "Arboles dispersos", "Pendiente": "26 a 36%", "Cuerdas_asignadas": 1}}, {"type": "Feature", "geometry": {"type": "Point", "coordinates": [-91.1021678, 14.7372662]}, "properties": {"Fecha": "2025-05-13 12:10:00", "Proyecto": "2. BMZ", "Municipio_VMS": null, "Municipio_BMZ": "7. Otros--- Especificar", "Comunidad": "Choquec ", "Sector": "Chajuan", "Participante": "Tomás Morales Morales ", "Sexo": "Masculino", "Uso_suelo": "Arboles dispersos", "Pendiente": "55 a 75%", "Cuerdas_asignadas": 1}}, {"type": "Feature", "geometry": {"type": "Point", "coordinates": [-91.100059, 14.7344257]}, "properties": {"Fecha": "2025-05-13 12:31:00", "Proyecto": "2. BMZ", "Municipio_VMS": null, "Municipio_BMZ": "7. Otros--- Especificar", "Comunidad": "Choquec ", "Sector": "Choquec ", "Participante": "Consuelo Can Tohom", "Sexo": "Femenino", "Uso_suelo": "Arboles dispersos", "Pendiente": "36 a 55%", "Cuerdas_asignadas": 1}}, {"type": "Feature", "geometry": {"type": "Point", "coordinates": [-91.1073513, 14.7339746]}, "properties": {"Fecha": "2025-05-13 12:47:00", "Proyecto": "2. BMZ", "Municipio_VMS": null, "Municipio_BMZ": "7. Otros--- Especificar", "Comunidad": "Choquec ", "Sector": "Choquec ", "Participante": "Tomasa Morales Larez", "Sexo": "Femenino", "Uso_suelo": "Arboles dispersos", "Pendiente": "26 a 36%", "Cuerdas_asignadas": 1.5}}, {"type": "Feature", "geometry": {"type": "Point", "coordinates": [-91.1038948, 14.7126355]}, "properties": {"Fecha": "2025-05-16 09:47:00", "Proyecto": "2. BMZ", "Municipio_VMS": null, "Municipio_BMZ": "7. Otros--- Especificar", "Comunidad": "Canoas Altas", "Sector": "Barrio Retalhuleu ", "Participante": "Sebastian Tian Lix", "Sexo": "Masculino", "Uso_suelo": "Arboles dispersos", "Pendiente": "36 a 55%", "Cuerdas_asignadas": 2}}, {"type": "Feature", "geometry": {"type": "Point", "coordinates": [-91.1133514, 14.726912]}, "properties": {"Fecha": "2025-05-16 11:02:00", "Proyecto": "2. BMZ", "Municipio_VMS": null, "Municipio_BMZ": "7. Otros--- Especificar", "Comunidad": "Canoas Bajas", "Sector": "La granja Canoas Altas ", "Participante": "Angel Molares Tol", "Sexo": "Masculino", "Uso_suelo": "Arbusto/Matorral Arboles dispersos", "Pendiente": "36 a 55%", "Cuerdas_asignadas": 2}}, {"type": "Feature", "geometry": {"type": "Point", "coordinates": [-91.0958805, 14.7223805]}, "properties": {"Fecha": "2025-05-16 11:37:00", "Proyecto": "1. VMS", "Municipio_VMS": "6. Otros---Especificar", "Municipio_BMZ": null, "Comunidad": "Canoas Bajas", "Sector": "Chowit", "Participante": "Glenda Leticia Sacuj Ian", "Sexo": "Femenino", "Uso_suelo": "Arbusto/Matorral Arboles dispersos", "Pendiente": "26 a 36% 36 a 55%", "Cuerdas_asignadas": 3}}, {"type": "Feature", "geometry": {"type": "Point", "coordinates": [-91.1097414, 14.7239633]}, "properties": {"Fecha": "2025-05-15 11:19:00", "Proyecto": "2. BMZ", "Municipio_VMS": null, "Municipio_BMZ": "7. Otros--- Especificar", "Comunidad": "Canoas Altas", "Sector": "Canoas Altas", "Participante": "Joselin Sacuj Tian", "Sexo": "Femenino", "Uso_suelo": "Arbusto/Matorral Arboles dispersos", "Pendiente": "26 a 36%", "Cuerdas_asignadas": 2}}, {"type": "Feature", "geometry": {"type": "Point", "coordinates": [-91.093662, 14.719849]}, "properties": {"Fecha": "2025-05-16 10:11:00", "Proyecto": "2. BMZ", "Municipio_VMS": null, "Municipio_BMZ": "7. Otros--- Especificar", "Comunidad": "Canoas bajas", "Sector": "Chobit", "Participante": "María Estela Tian Lix", "Sexo": "Femenino", "Uso_suelo": "Pastizal Arbusto/Matorral", "Pendiente": "12 a 26%", "Cuerdas_asignadas": 2}}, {"type": "Feature", "geometry": {"type": "Point", "coordinates": [-91.0945088, 14.7221716]}, "properties": {"Fecha": "2025-05-15 09:24:00", "Proyecto": "2. BMZ", "Municipio_VMS": null, "Municipio_BMZ": "7. Otros--- Especificar", "Comunidad": "Chobit", "Sector": "Chobit", "Participante": "Rosa María Ajcalon", "Sexo": "Femenino", "Uso_suelo": "Pastizal Arbusto/Matorral Arboles dispersos", "Pendiente": "12 a 26%", "Cuerdas_asignadas": 3}}, {"type": "Feature", "geometry": {"type": "Point", "coordinates": [-91.115408, 14.7279889]}, "properties": {"Fecha": "2025-05-15 10:03:00", "Proyecto": "2. BMZ", "Municipio_VMS": null, "Municipio_BMZ": "7. Otros--- Especificar", "Comunidad": "Las canoas altas", "Sector": "Canoas bajas", "Participante": "Miriam Azucena Tohom", "Sexo": "Femenino", "Uso_suelo": "Arbusto/Matorral Enriquecimiento del bosque", "Pendiente": "12 a 26%", "Cuerdas_asignadas": 1}}, {"type": "Feature", "geometry": {"type": "Point", "coordinates": [-91.119439, 14.7566377]}, "properties": {"Fecha": "2025-05-14 10:30:00", "Proyecto": "2. BMZ", "Municipio_VMS": null, "Municipio_BMZ": "7. Otros--- Especificar", "Comunidad": "Chutiestancia", "Sector": "Chutiestancia", "Participante": "Catarina Méndez Cortés", "Sexo": "Femenino", "Uso_suelo": "Arboles dispersos", "Pendiente": "0 a 12%", "Cuerdas_asignadas": 2}}, {"type": "Feature", "geometry": {"type": "Point", "coordinates": [-91.1200982, 14.7592529]}, "properties": {"Fecha": "2025-05-14 10:42:00", "Proyecto": "2. BMZ", "Municipio_VMS": null, "Municipio_BMZ": "7. Otros--- Especificar", "Comunidad": "Chutiestancia", "Sector": "Chutiestancia", "Participante": "Josefina Morales Méndez", "Sexo": "Femenino", "Uso_suelo": "Arbusto/Matorral", "Pendiente": "0 a 12%", "Cuerdas_asignadas": 1.5}}, {"type": "Feature", "geometry": {"type": "Point", "coordinates": [-91.1220542, 14.7585665]}, "properties": {"Fecha": "2025-05-14 10:54:00", "Proyecto": "2. BMZ", "Municipio_VMS": null, "Municipio_BMZ": "7. Otros--- Especificar", "Comunidad": "Chutiestancia", "Sector": "Sector Chutinamit", "Participante": "Miguel Chumil Calel", "Sexo": "Masculino", "Uso_suelo": "Arbusto/Matorral", "Pendiente": "26 a 36%", "Cuerdas_asignadas": 3}}, {"type": "Feature", "geometry": {"type": "Point", "coordinates": [-91.1231172, 14.7568303]}, "properties": {"Fecha": "2025-05-14 11:19:00", "Proyecto": "2. BMZ", "Municipio_VMS": null, "Municipio_BMZ": "7. Otros--- Especificar", "Comunidad": "Chutiestancia", "Sector": "Sector Chutinamit", "Participante": "María Morales Tian", "Sexo": "Femenino", "Uso_suelo": "Suelo desnudo", "Pendiente": "26 a 36%", "Cuerdas_asignadas": 1}}, {"type": "Feature", "geometry": {"type": "Point", "coordinates": [-91.0945732, 14.7182716]}, "properties": {"Fecha": "2025-05-15 09:24:00", "Proyecto": "4. Otros--- Especificar", "Municipio_VMS": null, "Municipio_BMZ": null, "Comunidad": "Las Canoas Bajas", "Sector": "Barrio Chovit", "Participante": "Dionisia Tohom Locon", "Sexo": "Femenino", "Uso_suelo": "Arboles dispersos", "Pendiente": "0 a 12%", "Cuerdas_asignadas": 2}}, {"type": "Feature", "geometry": {"type": "Point", "coordinates": [-91.0939158, 14.7187162]}, "properties": {"Fecha": "2025-05-15 09:52:00", "Proyecto": "4. Otros--- Especificar", "Municipio_VMS": null, "Municipio_BMZ": null, "Comunidad": "Canoas Bajas", "Sector": "Barrio Chovit", "Participante": "Carlos Sacuj Cumes", "Sexo": "Masculino", "Uso_suelo": "Arboles dispersos", "Pendiente": "0 a 12%", "Cuerdas_asignadas": 3}}, {"type": "Feature", "geometry": {"type": "Point", "coordinates": [-91.1143071, 14.7203607]}, "properties": {"Fecha": "2025-05-15 11:40:00", "Proyecto": "4. Otros--- Especificar", "Municipio_VMS": null, "Municipio_BMZ": null, "Comunidad": "Canoas Altas", "Sector": "Paruixepec", "Participante": "Elida Clemencia Morales Choy", "Sexo": "Femenino", "Uso_suelo": "Arbusto/Matorral Arboles dispersos", "Pendiente": "0 a 12%", "Cuerdas_asignadas": 2}}, {"type": "Feature", "geometry": {"type": "Point", "coordinates": [-91.0939389, 14.7198443]}, "properties": {"Fecha": "2025-05-16 10:02:00", "Proyecto": "2. BMZ", "Municipio_VMS": null, "Municipio_BMZ": "7. Otros--- Especificar", "Comunidad": "Canoas Bajas", "Sector": "Caserío Chovit", "Participante": "Juana Tian Lix", "Sexo": "Femenino", "Uso_suelo": "Arbusto/Matorral", "Pendiente": "0 a 12%", "Cuerdas_asignadas": 3}}, {"type": "Feature", "geometry": {"type": "Point", "coordinates": [-91.109364, 14.7199606]}, "properties": {"Fecha": "2025-05-16 10:48:00", "Proyecto": "4. Otros--- Especificar", "Municipio_VMS": null, "Municipio_BMZ": null, "Comunidad": "Las Canoas Altas", "Sector": "Las Canoas Altas", "Participante": "Luis Sacuj Matzar", "Sexo": "Masculino", "Uso_suelo": "Arboles dispersos Arbusto/Matorral", "Pendiente": "12 a 26%", "Cuerdas_asignadas": 3}}, {"type": "Feature", "geometry": {"type": "Point", "coordinates": [-91.1051016, 14.7321995]}, "properties": {"Fecha": "2025-05-16 11:29:00", "Proyecto": "2. BMZ", "Municipio_VMS": null, "Municipio_BMZ": "7. Otros--- Especificar", "Comunidad": "Las Canoas Bajas", "Sector": "Barrio Las Cruces", "Participante": "Zacarias García", "Sexo": "Masculino", "Uso_suelo": "Arboles dispersos", "Pendiente": "0 a 12%", "Cuerdas_asignadas": 3}}, {"type": "Feature", "geometry": {"type": "Point", "coordinates": [-91.1170521, 14.753951]}, "properties": {"Fecha": "2025-05-14 09:13:00", "Proyecto": "2. BMZ", "Municipio_VMS": null, "Municipio_BMZ": "7. Otros--- Especificar", "Comunidad": "Chutiestancia", "Sector": "Chutiestancia", "Participante": "Marta Alicia Morales Parabal", "Sexo": "Femenino", "Uso_suelo": "Arboles dispersos", "Pendiente": "0 a 12%", "Cuerdas_asignadas": 1}}, {"type": "Feature", "geometry": {"type": "Point", "coordinates": [-91.1186682, 14.7538957]}, "properties": {"Fecha": "2025-05-14 09:30:00", "Proyecto": "2. BMZ", "Municipio_VMS": null, "Municipio_BMZ": "7. Otros--- Especificar", "Comunidad": "Chutiestancia", "Sector": "Chutiestancia", "Participante": "Sebastiana Tian Tzoc", "Sexo": "Femenino", "Uso_suelo": "Arboles dispersos", "Pendiente": "0 a 12%", "Cuerdas_asignadas": 2}}, {"type": "Feature", "geometry": {"type": "Point", "coordinates": [-91.120176, 14.7552809]}, "properties": {"Fecha": "2025-05-14 09:47:00", "Proyecto": "2. BMZ", "Municipio_VMS": null, "Municipio_BMZ": "7. Otros--- Especificar", "Comunidad": "Chutiestancia", "Sector": "Chutiestancia", "Participante": "Blanca Estela Mendez Calel", "Sexo": "Femenino", "Uso_suelo": "Pastizal", "Pendiente": "12 a 26%", "Cuerdas_asignadas": 2}}, {"type": "Feature", "geometry": {"type": "Point", "coordinates": [-91.1206487, 14.7562662]}, "properties": {"Fecha": "2025-05-14 09:58:00", "Proyecto": "2. BMZ", "Municipio_VMS": null, "Municipio_BMZ": "7. Otros--- Especificar", "Comunidad": "Chutiestancia", "Sector": "Chutiestancia", "Participante": "Silvia Tomasa Méndez", "Sexo": "Femenino", "Uso_suelo": "Arboles dispersos", "Pendiente": "12 a 26%", "Cuerdas_asignadas": 1}}, {"type": "Feature", "geometry": {"type": "Point", "coordinates": [-91.1212844, 14.7572676]}, "properties": {"Fecha": "2025-05-14 10:07:00", "Proyecto": "2. BMZ", "Municipio_VMS": null, "Municipio_BMZ": "7. Otros--- Especificar", "Comunidad": "Chutiestancia", "Sector": "Chutiestancia", "Participante": "Roxana Karina Ayala Virula", "Sexo": "Femenino", "Uso_suelo": "Arboles dispersos", "Pendiente": "0 a 12%", "Cuerdas_asignadas": 2}}, {"type": "Feature", "geometry": {"type": "Point", "coordinates": [-91.1204912, 14.757868]}, "properties": {"Fecha": "2025-05-14 10:17:00", "Proyecto": "2. BMZ", "Municipio_VMS": null, "Municipio_BMZ": "7. Otros--- Especificar", "Comunidad": "Chutiestancia", "Sector": "Chutiestancia", "Participante": "Manuela Tian Chumil", "Sexo": "Femenino", "Uso_suelo": "Arboles dispersos", "Pendiente": "12 a 26%", "Cuerdas_asignadas": 1}}, {"type": "Feature", "geometry": {"type": "Point", "coordinates": [-91.2813104, 14.6835402]}, "properties": {"Fecha": "2025-05-20 11:50:00", "Proyecto": "3. TNC", "Municipio_VMS": null, "Municipio_BMZ": null, "Comunidad": "Pajulia ", "Sector": "Pajulia ", "Participante": "José Navichoc ", "Sexo": "Masculino", "Uso_suelo": "Agricultura", "Pendiente": "0 a 12%", "Cuerdas_asignadas": null}}, {"type": "Feature", "geometry": {"type": "Point", "coordinates": [-91.0842045, 14.7318426]}, "properties": {"Fecha": "2025-05-13 09:36:00", "Proyecto": "2. BMZ", "Municipio_VMS": null, "Municipio_BMZ": null, "Comunidad": "San Andres Semetaba", "Sector": "Colindancia con Tablón, Río Madre Vieja", "Participante": "Adrian Toom Tol", "Sexo": "Masculino", "Uso_suelo": "Pastizal", "Pendiente": "26 a 36%", "Cuerdas_asignadas": 2}}, {"type": "Feature", "geometry": {"type": "Point", "coordinates": [-91.0958266, 14.7383669]}, "properties": {"Fecha": "2025-05-13 10:10:00", "Proyecto": "2. BMZ", "Municipio_VMS": null, "Municipio_BMZ": null, "Comunidad": "San Andres Semetabaj", "Sector": "Río Madre Vieja, Colinda caleaj", "Participante": "Domingo Salvador Calel", "Sexo": "Masculino", "Uso_suelo": "Pastizal", "Pendiente": "36 a 55%", "Cuerdas_asignadas": 2}}, {"type": "Feature", "geometry": {"type": "Point", "coordinates": [-91.0956944, 14.7383311]}, "properties": {"Fecha": "2025-05-13 10:19:00", "Proyecto": "2. BMZ", "Municipio_VMS": null, "Municipio_BMZ": "7. Otros--- Especificar", "Comunidad": "Choquek", "Sector": "Río Madre Vieja", "Participante": "Tomas Salvador Calel", "Sexo": "Masculino", "Uso_suelo": "Pastizal", "Pendiente": "36 a 55%", "Cuerdas_asignadas": 1}}, {"type": "Feature", "geometry": {"type": "Point", "coordinates": [-91.1157807, 14.7280824]}, "properties": {"Fecha": "2025-05-15 10:05:00", "Proyecto": "2. BMZ", "Municipio_VMS": null, "Municipio_BMZ": "7. Otros--- Especificar", "Comunidad": "Canoas Bajas", "Sector": "Canoas Altas", "Participante": "Aurora Kar Güit", "Sexo": "Femenino", "Uso_suelo": "Arbusto/Matorral", "Pendiente": "36 a 55%", "Cuerdas_asignadas": 2}}, {"type": "Feature", "geometry": {"type": "Point", "coordinates": [-91.0945008, 14.7181733]}, "properties": {"Fecha": "2025-05-16 10:12:00", "Proyecto": "2. BMZ", "Municipio_VMS": null, "Municipio_BMZ": "7. Otros--- Especificar", "Comunidad": "Canoas Bajas, Barrio Chovit", "Sector": null, "Participante": "Victor Manuel Tian Cuy", "Sexo": "Masculino", "Uso_suelo": "Enriquecimiento del bosque", "Pendiente": "36 a 55%", "Cuerdas_asignadas": 1.5}}, {"type": "Feature", "geometry": {"type": "Point", "coordinates": [-91.1099396, 14.7241974]}, "properties": {"Fecha": "2025-05-15 11:21:00", "Proyecto": "2. BMZ", "Municipio_VMS": null, "Municipio_BMZ": "7. Otros--- Especificar", "Comunidad": "Canoas Altas", "Sector": "Chinimatuk", "Participante": "Evelyn Guadalupe Sacuj", "Sexo": "Femenino", "Uso_suelo": "Arbusto/Matorral", "Pendiente": "36 a 55%", "Cuerdas_asignadas": 3}}, {"type": "Feature", "geometry": {"type": "Point", "coordinates": [-91.1159348, 14.7277217]}, "properties": {"Fecha": "2025-05-15 10:11:00", "Proyecto": "2. BMZ", "Municipio_VMS": null, "Municipio_BMZ": "7. Otros--- Especificar", "Comunidad": "Canoas Bajas", "Sector": "Canoas Altas", "Participante": "Patrocina Maribel Tohom Locom", "Sexo": "Femenino", "Uso_suelo": "Arbusto/Matorral", "Pendiente": "36 a 55%", "Cuerdas_asignadas": 2}}, {"type": "Feature", "geometry": {"type": "Point", "coordinates": [-91.0943228, 14.7212186]}, "properties": {"Fecha": "2025-05-15 09:25:00", "Proyecto": "2. BMZ", "Municipio_VMS": null, "Municipio_BMZ": "7. Otros--- Especificar", "Comunidad": "Barrio Chovit, Canoas Bajas", "Sector": "Barrio Chovit", "Participante": "Keny Sucely Díaz Sulugüi", "Sexo": "Femenino", "Uso_suelo": "Agricultura", "Pendiente": "36 a 55%", "Cuerdas_asignadas": 2}}, {"type": "Feature", "geometry": {"type": "Point", "coordinates": [-91.1143514, 14.7131941]}, "properties": {"Fecha": "2025-05-20 14:55:00", "Proyecto": "2. BMZ", "Municipio_VMS": null, "Municipio_BMZ": "7. Otros--- Especificar", "Comunidad": "Pacaman", "Sector": "Chi swan", "Participante": "Vilma Prisila Sicajan Xiquin", "Sexo": "Femenino", "Uso_suelo": "Arbusto/Matorral", "Pendiente": "26 a 36%", "Cuerdas_asignadas": 1.5}}, {"type": "Feature", "geometry": {"type": "Point", "coordinates": [-91.1030162, 14.7538683]}, "properties": {"Fecha": "2025-05-14 11:04:00", "Proyecto": "2. BMZ", "Municipio_VMS": null, "Municipio_BMZ": "7. Otros--- Especificar", "Comunidad": "Chuti Estancia", "Sector": "Mendoza", "Participante": "Juana Chumil Tol", "Sexo": "Femenino", "Uso_suelo": "Arboles dispersos", "Pendiente": "36 a 55%", "Cuerdas_asignadas": 1}}, {"type": "Feature", "geometry": {"type": "Point", "coordinates": [-91.1044643, 14.7614535]}, "properties": {"Fecha": "2025-05-14 10:33:00", "Proyecto": "2. BMZ", "Municipio_VMS": null, "Municipio_BMZ": "7. Otros--- Especificar", "Comunidad": "Chuti Estancia", "Sector": "Las Colmenas", "Participante": "Teresa Morales Calel", "Sexo": "Femenino", "Uso_suelo": "Enriquecimiento del bosque", "Pendiente": "36 a 55%", "Cuerdas_asignadas": 1}}, {"type": "Feature", "geometry": {"type": "Point", "coordinates": [-91.1093897, 14.7539224]}, "properties": {"Fecha": "2025-05-14 10:48:00", "Proyecto": "2. BMZ", "Municipio_VMS": null, "Municipio_BMZ": "7. Otros--- Especificar", "Comunidad": "Chuti Estancia", "Sector": "Pa Nima Tzalam", "Participante": "Lidia Josefina Morales Calel", "Sexo": "Femenino", "Uso_suelo": "Arboles dispersos", "Pendiente": "36 a 55%", "Cuerdas_asignadas": 1}}, {"type": "Feature", "geometry": {"type": "Point", "coordinates": [-91.1087917, 14.7647548]}, "properties": {"Fecha": "2025-05-14 10:14:00", "Proyecto": "2. BMZ", "Municipio_VMS": null, "Municipio_BMZ": "7. Otros--- Especificar", "Comunidad": "Chuti Estancia", "Sector": "La Cuchilla", "Participante": "Tomasa Calel Mendez", "Sexo": "Femenino", "Uso_suelo": "Enriquecimiento del bosque", "Pendiente": "36 a 55%", "Cuerdas_asignadas": 1}}, {"type": "Feature", "geometry": {"type": "Point", "coordinates": [-91.1090331, 14.7645735]}, "properties": {"Fecha": "2025-05-14 10:18:00", "Proyecto": "2. BMZ", "Municipio_VMS": null, "Municipio_BMZ": "7. Otros--- Especificar", "Comunidad": "Chuti Estancia", "Sector": "La Cuchilla", "Participante": "Tomas Chumil Calel", "Sexo": "Masculino", "Uso_suelo": "Enriquecimiento del bosque", "Pendiente": "55 a 75%", "Cuerdas_asignadas": 2}}, {"type": "Feature", "geometry": {"type": "Point", "coordinates": [-91.1167786, 14.7539276]}, "properties": {"Fecha": "2025-05-14 09:20:00", "Proyecto": "2. BMZ", "Municipio_VMS": null, "Municipio_BMZ": "7. Otros--- Especificar", "Comunidad": "Chuti Estancia", "Sector": "Chuti Estancia", "Participante": "María Chumil Tian", "Sexo": "Femenino", "Uso_suelo": "Arboles dispersos", "Pendiente": "26 a 36%", "Cuerdas_asignadas": 2}}, {"type": "Feature", "geometry": {"type": "Point", "coordinates": [-91.119763, 14.7580656]}, "properties": {"Fecha": "2025-05-14 09:53:00", "Proyecto": "2. BMZ", "Municipio_VMS": null, "Municipio_BMZ": "7. Otros--- Especificar", "Comunidad": "Chuti Estancia", "Sector": "Chuti Estancia", "Participante": "Juana Morales Tian", "Sexo": "Femenino", "Uso_suelo": "Agricultura", "Pendiente": "36 a 55%", "Cuerdas_asignadas": 3}}, {"type": "Feature", "geometry": {"type": "Point", "coordinates": [-91.1024098, 14.7375404]}, "properties": {"Fecha": "2025-05-13 12:18:00", "Proyecto": "2. BMZ", "Municipio_VMS": null, "Municipio_BMZ": null, "Comunidad": "Choquec", "Sector": "Choquec", "Participante": "Marcela Zapeta Solis", "Sexo": "Femenino", "Uso_suelo": "Arbusto/Matorral", "Pendiente": "36 a 55%", "Cuerdas_asignadas": 1}}, {"type": "Feature", "geometry": {"type": "Point", "coordinates": [-91.0996668, 14.7340947]}, "properties": {"Fecha": "2025-05-13 12:32:00", "Proyecto": "2. BMZ", "Municipio_VMS": null, "Municipio_BMZ": null, "Comunidad": "Choquec", "Sector": "Río Madre Vieja", "Participante": "Pedro Salvador Calel", "Sexo": "Masculino", "Uso_suelo": "Arbusto/Matorral", "Pendiente": "36 a 55%", "Cuerdas_asignadas": 1}}, {"type": "Feature", "geometry": {"type": "Point", "coordinates": [-91.0944661, 14.7244661]}, "properties": {"Fecha": "2025-05-13 11:36:00", "Proyecto": "2. BMZ", "Municipio_VMS": null, "Municipio_BMZ": "7. Otros--- Especificar", "Comunidad": "Choquec", "Sector": "Chusanai", "Participante": "Lesbia Marina Quex Zapeta", "Sexo": "Femenino", "Uso_suelo": "Arboles dispersos", "Pendiente": "26 a 36%", "Cuerdas_asignadas": 1}}, {"type": "Feature", "geometry": {"type": "Point", "coordinates": [-91.0946198, 14.7237968]}, "properties": {"Fecha": "2025-05-13 11:40:00", "Proyecto": "2. BMZ", "Municipio_VMS": null, "Municipio_BMZ": "7. Otros--- Especificar", "Comunidad": "Choquec", "Sector": "Chusanai", "Participante": "Floricelda Guadalupe Zapeta Morales", "Sexo": "Femenino", "Uso_suelo": "Arboles dispersos", "Pendiente": "36 a 55%", "Cuerdas_asignadas": 2}}, {"type": "Feature", "geometry": {"type": "Point", "coordinates": [-91.0916747, 14.7226181]}, "properties": {"Fecha": "2025-05-13 11:11:00", "Proyecto": "2. BMZ", "Municipio_VMS": null, "Municipio_BMZ": "7. Otros--- Especificar", "Comunidad": "Chiquec", "Sector": "Chusanai", "Participante": "María Morales Matzar", "Sexo": "Femenino", "Uso_suelo": "Agricultura", "Pendiente": "36 a 55%", "Cuerdas_asignadas": 3}}, {"type": "Feature", "geometry": {"type": "Point", "coordinates": [-91.091846, 14.7233638]}, "properties": {"Fecha": "2025-05-13 11:17:00", "Proyecto": "2. BMZ", "Municipio_VMS": null, "Municipio_BMZ": "7. Otros--- Especificar", "Comunidad": "Choquekñc", "Sector": "Chusanai", "Participante": "Cristy Lourdes Quex Dionicio", "Sexo": "Femenino", "Uso_suelo": "Arbusto/Matorral", "Pendiente": "55 a 75%", "Cuerdas_asignadas": 1}}, {"type": "Feature", "geometry": {"type": "Point", "coordinates": [-91.0918431, 14.7226943]}, "properties": {"Fecha": "2025-05-13 11:02:00", "Proyecto": "2. BMZ", "Municipio_VMS": null, "Municipio_BMZ": "7. Otros--- Especificar", "Comunidad": "Choquec", "Sector": "Chusanai", "Participante": "Arely Lineth Cumes Lopez", "Sexo": "Masculino", "Uso_suelo": "Agricultura", "Pendiente": "26 a 36%", "Cuerdas_asignadas": null}}, {"type": "Feature", "geometry": {"type": "Point", "coordinates": [-91.1153934, 14.7098222]}, "properties": {"Fecha": "2025-05-20 15:15:00", "Proyecto": "2. BMZ", "Municipio_VMS": null, "Municipio_BMZ": "7. Otros--- Especificar", "Comunidad": "Pacaman", "Sector": "Panacal", "Participante": "Kevin Nazario Yaxon Joj", "Sexo": "Masculino", "Uso_suelo": "Enriquecimiento del bosque", "Pendiente": "26 a 36%", "Cuerdas_asignadas": 1}}, {"type": "Feature", "geometry": {"type": "Point", "coordinates": [-91.1169564, 14.707005]}, "properties": {"Fecha": "2025-05-20 16:05:00", "Proyecto": "2. BMZ", "Municipio_VMS": null, "Municipio_BMZ": "7. Otros--- Especificar", "Comunidad": "Pacaman", "Sector": "Pacaman", "Participante": "Tomasa Ajanale Zarate", "Sexo": "Femenino", "Uso_suelo": "Arbusto/Matorral", "Pendiente": "36 a 55%", "Cuerdas_asignadas": 2}}, {"type": "Feature", "geometry": {"type": "Point", "coordinates": [-91.1151189, 14.7041133]}, "properties": {"Fecha": "2025-05-20 16:39:00", "Proyecto": "2. BMZ", "Municipio_VMS": null, "Municipio_BMZ": "7. Otros--- Especificar", "Comunidad": "Pacaman", "Sector": "Xe abaj", "Participante": "Martina Miranda Nimacachi", "Sexo": "Femenino", "Uso_suelo": "Pastizal", "Pendiente": "26 a 36%", "Cuerdas_asignadas": 2}}, {"type": "Feature", "geometry": {"type": "Point", "coordinates": [-91.1041144, 14.7141695]}, "properties": {"Fecha": "2025-05-20 11:12:00", "Proyecto": "2. BMZ", "Municipio_VMS": null, "Municipio_BMZ": "7. Otros--- Especificar", "Comunidad": "Las canoas bajas", "Sector": "Retaluleu", "Participante": "Artemio Cumes", "Sexo": "Masculino", "Uso_suelo": "Pastizal Agricultura", "Pendiente": "26 a 36%", "Cuerdas_asignadas": 2}}, {"type": "Feature", "geometry": {"type": "Point", "coordinates": [-91.1097041, 14.7425867]}, "properties": {"Fecha": "2025-05-20 11:51:00", "Proyecto": "2. BMZ", "Municipio_VMS": null, "Municipio_BMZ": null, "Comunidad": "Canoas Bajas", "Sector": "Paquim", "Participante": "María Alfonsa Morales", "Sexo": "Femenino", "Uso_suelo": "Pastizal", "Pendiente": "12 a 26%", "Cuerdas_asignadas": 1}}, {"type": "Feature", "geometry": {"type": "Point", "coordinates": [-91.1107491, 14.7155708]}, "properties": {"Fecha": "2025-05-20 12:34:00", "Proyecto": "2. BMZ", "Municipio_VMS": null, "Municipio_BMZ": null, "Comunidad": "Canoas Altas", "Sector": "Chutonayi", "Participante": "María Victoria Sicajan", "Sexo": "Femenino", "Uso_suelo": "Suelo desnudo Pastizal", "Pendiente": "12 a 26%", "Cuerdas_asignadas": 2}}, {"type": "Feature", "geometry": {"type": "Point", "coordinates": [-91.1148734, 14.7089467]}, "properties": {"Fecha": "2025-05-20 15:32:00", "Proyecto": "2. BMZ", "Municipio_VMS": null, "Municipio_BMZ": null, "Comunidad": "Santa Catarina Palopo", "Sector": "Sector 1 nacimiento", "Participante": "José Matilde Yac", "Sexo": "Masculino", "Uso_suelo": "Enriquecimiento del bosque Arboles dispersos", "Pendiente": "12 a 26%", "Cuerdas_asignadas": 1}}, {"type": "Feature", "geometry": {"type": "Point", "coordinates": [-91.1189712, 14.7063]}, "properties": {"Fecha": "2025-05-20 16:08:00", "Proyecto": "2. BMZ", "Municipio_VMS": null, "Municipio_BMZ": "7. Otros--- Especificar", "Comunidad": "Pacaman", "Sector": "Pacaman", "Participante": "Victorina Cumes cicajan", "Sexo": "Femenino", "Uso_suelo": "Arboles dispersos Enriquecimiento del bosque", "Pendiente": "12 a 26%", "Cuerdas_asignadas": 1}}, {"type": "Feature", "geometry": {"type": "Point", "coordinates": [-91.1189881, 14.706254]}, "properties": {"Fecha": "2025-05-20 16:13:00", "Proyecto": "2. BMZ", "Municipio_VMS": null, "Municipio_BMZ": null, "Comunidad": "Santa Catarina Palopo", "Sector": "Pacam", "Participante": "Silvia Antonieta Coz", "Sexo": "Femenino", "Uso_suelo": "Arbusto/Matorral", "Pendiente": "12 a 26%", "Cuerdas_asignadas": 2}}, {"type": "Feature", "geometry": {"type": "Point", "coordinates": [-91.1159206, 14.7046902]}, "properties": {"Fecha": "2025-05-20 16:35:00", "Proyecto": "4. Otros--- Especificar", "Municipio_VMS": null, "Municipio_BMZ": null, "Comunidad": "Pacaman", "Sector": "Chu xe abaj", "Participante": "Cristobalina Taquira Nimacachi", "Sexo": "Femenino", "Uso_suelo": "Agricultura", "Pendiente": "12 a 26%", "Cuerdas_asignadas": 1}}, {"type": "Feature", "geometry": {"type": "Point", "coordinates": [-91.0474254, 14.6229165]}, "properties": {"Fecha": "2025-05-28 11:14:00", "Proyecto": "2. BMZ", "Municipio_VMS": null, "Municipio_BMZ": "7. Otros--- Especificar", "Comunidad": "Xetzitzi", "Sector": "Xetzitzi", "Participante": "Juan Antonio Sir", "Sexo": "Masculino", "Uso_suelo": "Pastizal Arbusto/Matorral", "Pendiente": "26 a 36%", "Cuerdas_asignadas": 2}}, {"type": "Feature", "geometry": {"type": "Point", "coordinates": [-91.04755, 14.623338]}, "properties": {"Fecha": "2025-05-28 11:18:00", "Proyecto": "2. BMZ", "Municipio_VMS": null, "Municipio_BMZ": "7. Otros--- Especificar", "Comunidad": "Xetzitzi", "Sector": "Xetzitzi", "Participante": "Alejandra Muxtay Cumes", "Sexo": "Femenino", "Uso_suelo": "Arbusto/Matorral", "Pendiente": "26 a 36%", "Cuerdas_asignadas": 2}}, {"type": "Feature", "geometry": {"type": "Point", "coordinates": [-91.0550755, 14.6055808]}, "properties": {"Fecha": "2025-05-28 10:33:00", "Proyecto": "2. BMZ", "Municipio_VMS": null, "Municipio_BMZ": "7. Otros--- Especificar", "Comunidad": "Xetzitzi", "Sector": "Xetzitzi", "Participante": "Agustín Muxtay Cumes", "Sexo": "Masculino", "Uso_suelo": "Arbusto/Matorral", "Pendiente": "12 a 26%", "Cuerdas_asignadas": 2}}, {"type": "Feature", "geometry": {"type": "Point", "coordinates": [-91.0572039, 14.6067129]}, "properties": {"Fecha": "2025-05-28 10:37:00", "Proyecto": "2. BMZ", "Municipio_VMS": null, "Municipio_BMZ": "7. Otros--- Especificar", "Comunidad": "Xetzitzi", "Sector": "En la Cumbre de Pochuta, Chokanak", "Participante": "Agustín Muxtay Cumes", "Sexo": "Masculino", "Uso_suelo": "Arbusto/Matorral", "Pendiente": "36 a 55%", "Cuerdas_asignadas": 3}}, {"type": "Feature", "geometry": {"type": "Point", "coordinates": [-91.0438313, 14.6225866]}, "properties": {"Fecha": "2025-05-28 11:13:00", "Proyecto": "2. BMZ", "Municipio_VMS": null, "Municipio_BMZ": "7. Otros--- Especificar", "Comunidad": "Xetzitzi", "Sector": "San José ", "Participante": "Favor Raquek Guitz", "Sexo": "Masculino", "Uso_suelo": "Arbusto/Matorral", "Pendiente": "55 a 75%", "Cuerdas_asignadas": 3}}, {"type": "Feature", "geometry": {"type": "Point", "coordinates": [-91.0441005, 14.6259594]}, "properties": {"Fecha": "2025-05-28 11:41:00", "Proyecto": "2. BMZ", "Municipio_VMS": null, "Municipio_BMZ": "7. Otros--- Especificar", "Comunidad": "Xetzitzi ", "Sector": "Cho raqan achi", "Participante": "Lorena Sir Muxtay", "Sexo": "Masculino", "Uso_suelo": "Arbusto/Matorral", "Pendiente": "36 a 55%", "Cuerdas_asignadas": 2}}, {"type": "Feature", "geometry": {"type": "Point", "coordinates": [-91.1499106, 14.603645]}, "properties": {"Fecha": "2025-05-29 14:40:00", "Proyecto": "2. BMZ", "Municipio_VMS": null, "Municipio_BMZ": "7. Otros--- Especificar", "Comunidad": "Pampojila", "Sector": "San Roquel", "Participante": "Emilio Cuj Sajqui", "Sexo": "Masculino", "Uso_suelo": "Arbusto/Matorral", "Pendiente": "55 a 75%", "Cuerdas_asignadas": 2}}, {"type": "Feature", "geometry": {"type": "Point", "coordinates": [-91.043461, 14.635422]}, "properties": {"Fecha": "2025-05-28 10:01:00", "Proyecto": "2. BMZ", "Municipio_VMS": null, "Municipio_BMZ": "7. Otros--- Especificar", "Comunidad": "Xetzitzi", "Sector": "Sector II", "Participante": "José Raquec Guitz", "Sexo": "Masculino", "Uso_suelo": "Arbusto/Matorral", "Pendiente": "36 a 55%", "Cuerdas_asignadas": 2}}, {"type": "Feature", "geometry": {"type": "Point", "coordinates": [-91.0442846, 14.6375437]}, "properties": {"Fecha": "2025-05-28 10:13:00", "Proyecto": "2. BMZ", "Municipio_VMS": null, "Municipio_BMZ": "7. Otros--- Especificar", "Comunidad": "Xetxitzi", "Sector": "Sector II", "Participante": "Daniel Upun Nicar", "Sexo": "Masculino", "Uso_suelo": "Suelo desnudo Pastizal", "Pendiente": "36 a 55%", "Cuerdas_asignadas": 4}}, {"type": "Feature", "geometry": {"type": "Point", "coordinates": [-91.0414681, 14.6356064]}, "properties": {"Fecha": "2025-05-28 10:41:00", "Proyecto": "2. BMZ", "Municipio_VMS": null, "Municipio_BMZ": "7. Otros--- Especificar", "Comunidad": "Xetxitzi", "Sector": "Sector II", "Participante": "Julián Upun Jocholaj", "Sexo": "Masculino", "Uso_suelo": null, "Pendiente": "36 a 55%", "Cuerdas_asignadas": 3}}, {"type": "Feature", "geometry": {"type": "Point", "coordinates": [-91.0409347, 14.6325902]}, "properties": {"Fecha": "2025-05-28 10:53:00", "Proyecto": "2. BMZ", "Municipio_VMS": null, "Municipio_BMZ": "7. Otros--- Especificar", "Comunidad": "Xetxitzi ", "Sector": "Sector II ", "Participante": "Josué David Micar Solis ", "Sexo": "Masculino", "Uso_suelo": "Arbusto/Matorral", "Pendiente": "36 a 55%", "Cuerdas_asignadas": 3}}, {"type": "Feature", "geometry": {"type": "Point", "coordinates": [-91.1514582, 14.6026114]}, "properties": {"Fecha": "2025-05-29 14:40:00", "Proyecto": "2. BMZ", "Municipio_VMS": null, "Municipio_BMZ": "7. Otros--- Especificar", "Comunidad": "Parcela miento Pampojila", "Sector": "San Rogelio", "Participante": "Manuel López Chovaj", "Sexo": "Masculino", "Uso_suelo": "Arbusto/Matorral", "Pendiente": "36 a 55%", "Cuerdas_asignadas": 2}}, {"type": "Feature", "geometry": {"type": "Point", "coordinates": [-91.1536891, 14.6029545]}, "properties": {"Fecha": "2025-05-29 14:55:00", "Proyecto": "2. BMZ", "Municipio_VMS": null, "Municipio_BMZ": "7. Otros--- Especificar", "Comunidad": "Pampojila ", "Sector": "San Rogelio ", "Participante": "Celestino Julajuj Chuc", "Sexo": "Masculino", "Uso_suelo": "Agroforestal Arbusto/Matorral", "Pendiente": "36 a 55%", "Cuerdas_asignadas": 2}}, {"type": "Feature", "geometry": {"type": "Point", "coordinates": [-91.102791, 14.7106624]}, "properties": {"Fecha": "2025-06-03 16:25:00", "Proyecto": "2. BMZ", "Municipio_VMS": null, "Municipio_BMZ": null, "Comunidad": "San Andres Semetabaj", "Sector": "Bella vista", "Participante": "Catarina Perez García ", "Sexo": "Femenino", "Uso_suelo": "Arbusto/Matorral", "Pendiente": "36 a 55%", "Cuerdas_asignadas": 3}}, {"type": "Feature", "geometry": {"type": "Point", "coordinates": [-91.0947812, 14.7021048]}, "properties": {"Fecha": "2025-06-03 14:49:00", "Proyecto": "2. BMZ", "Municipio_VMS": null, "Municipio_BMZ": "7. Otros--- Especificar", "Comunidad": "Godínez ", "Sector": "Barrio Yaxon ", "Participante": "Rony Girón Estacuy", "Sexo": "Masculino", "Uso_suelo": "Arboles dispersos", "Pendiente": "26 a 36%", "Cuerdas_asignadas": 1}}, {"type": "Feature", "geometry": {"type": "Point", "coordinates": [-91.1056105, 14.7234305]}, "properties": {"Fecha": "2025-06-03 15:13:00", "Proyecto": "2. BMZ", "Municipio_VMS": null, "Municipio_BMZ": "7. Otros--- Especificar", "Comunidad": "Las Canoas Baja", "Sector": "Canoas_Coopwrativa", "Participante": "Berta Ramos Pichiya", "Sexo": "Masculino", "Uso_suelo": "Arboles dispersos Arbusto/Matorral", "Pendiente": "26 a 36%", "Cuerdas_asignadas": 4.5}}, {"type": "Feature", "geometry": {"type": "Point", "coordinates": [-91.1036598, 14.7093022]}, "properties": {"Fecha": "2025-06-03 16:17:00", "Proyecto": "4. Otros--- Especificar", "Municipio_VMS": null, "Municipio_BMZ": null, "Comunidad": "Godínez ", "Sector": "Barrio Bellavista ", "Participante": "Saqueo Ismael Vasquez ", "Sexo": "Masculino", "Uso_suelo": "Arbusto/Matorral", "Pendiente": "26 a 36%", "Cuerdas_asignadas": 2}}, {"type": "Feature", "geometry": {"type": "Point", "coordinates": [-91.1058841, 14.7629441]}, "properties": {"Fecha": "2025-06-10 10:17:00", "Proyecto": "2. BMZ", "Municipio_VMS": null, "Municipio_BMZ": "7. Otros--- Especificar", "Comunidad": "Panimatzalam", "Sector": "En el Río", "Participante": "Josefa Lastor Morales", "Sexo": "Femenino", "Uso_suelo": "Arboles dispersos", "Pendiente": "36 a 55%", "Cuerdas_asignadas": 2}}, {"type": "Feature", "geometry": {"type": "Point", "coordinates": [-91.1030056, 14.7474295]}, "properties": {"Fecha": "2025-06-10 10:52:00", "Proyecto": "4. Otros--- Especificar", "Municipio_VMS": null, "Municipio_BMZ": null, "Comunidad": "Panimatzalam", "Sector": "Camino al rio a media lomas.", "Participante": "René Matzar Jubilajuj", "Sexo": "Masculino", "Uso_suelo": "Arbusto/Matorral", "Pendiente": "36 a 55%", "Cuerdas_asignadas": 1.5}}, {"type": "Feature", "geometry": {"type": "Point", "coordinates": [-91.1259485, 14.7565181]}, "properties": {"Fecha": "2025-06-10 12:20:00", "Proyecto": "2. BMZ", "Municipio_VMS": null, "Municipio_BMZ": "7. Otros--- Especificar", "Comunidad": "Chuitinamit", "Sector": "Chuitinamit", "Participante": "Lucas Xun Morales ", "Sexo": null, "Uso_suelo": null, "Pendiente": null, "Cuerdas_asignadas": 1.5}}, {"type": "Feature", "geometry": {"type": "Point", "coordinates": [-91.1213988, 14.814707]}, "properties": {"Fecha": "2025-06-10 14:59:00", "Proyecto": "2. BMZ", "Municipio_VMS": null, "Municipio_BMZ": "7. Otros--- Especificar", "Comunidad": "Churuneles I", "Sector": "Churuneles ", "Participante": "Juan Rufino Churunel Morales ", "Sexo": "Masculino", "Uso_suelo": "Arboles dispersos", "Pendiente": "55 a 75%", "Cuerdas_asignadas": 3}}, {"type": "Feature", "geometry": {"type": "Point", "coordinates": [-91.1071936, 14.8181899]}, "properties": {"Fecha": "2025-06-10 15:36:00", "Proyecto": "2. BMZ", "Municipio_VMS": null, "Municipio_BMZ": "7. Otros--- Especificar", "Comunidad": "Churuneles I ", "Sector": "Chujuyu", "Participante": "Carlos Churunel Topoz", "Sexo": "Masculino", "Uso_suelo": "Arboles dispersos", "Pendiente": null, "Cuerdas_asignadas": 1.5}}, {"type": "Feature", "geometry": {"type": "Point", "coordinates": [-91.1128157, 14.8180563]}, "properties": {"Fecha": "2025-06-10 16:11:00", "Proyecto": "2. BMZ", "Municipio_VMS": null, "Municipio_BMZ": "7. Otros--- Especificar", "Comunidad": "Churuneles I", "Sector": "Churuneles", "Participante": "Ana Churunel Quisquina", "Sexo": "Femenino", "Uso_suelo": "Arboles dispersos", "Pendiente": "36 a 55%", "Cuerdas_asignadas": 1}}, {"type": "Feature", "geometry": {"type": "Point", "coordinates": [-91.1111833, 14.8184739]}, "properties": {"Fecha": "2025-06-10 16:50:00", "Proyecto": "2. BMZ", "Municipio_VMS": null, "Municipio_BMZ": "7. Otros--- Especificar", "Comunidad": "Churunel I", "Sector": "Churunel ", "Participante": "Simion Churunel Cuc", "Sexo": "Masculino", "Uso_suelo": "Pastizal Agricultura", "Pendiente": "36 a 55% 26 a 36%", "Cuerdas_asignadas": 1}}, {"type": "Feature", "geometry": {"type": "Point", "coordinates": [-91.1152167, 14.8181527]}, "properties": {"Fecha": "2025-06-10 17:07:00", "Proyecto": "2. BMZ", "Municipio_VMS": null, "Municipio_BMZ": "7. Otros--- Especificar", "Comunidad": "Churunel I ", "Sector": "Churunel ", "Participante": "Victor Churunel Solis ", "Sexo": "Masculino", "Uso_suelo": "Arbusto/Matorral", "Pendiente": "36 a 55%", "Cuerdas_asignadas": 1}}, {"type": "Feature", "geometry": {"type": "Point", "coordinates": [-91.1190251, 14.7462995]}, "properties": {"Fecha": "2025-06-10 18:03:00", "Proyecto": "2. BMZ", "Municipio_VMS": null, "Municipio_BMZ": "7. Otros--- Especificar", "Comunidad": "Panimatzalam ", "Sector": "Tocache", "Participante": null, "Sexo": "Femenino", "Uso_suelo": "Arbusto/Matorral Agroforestal", "Pendiente": "36 a 55%", "Cuerdas_asignadas": 3}}, {"type": "Feature", "geometry": {"type": "Point", "coordinates": [-91.1110602, 14.7507209]}, "properties": {"Fecha": "2025-06-10 18:33:00", "Proyecto": "2. BMZ", "Municipio_VMS": null, "Municipio_BMZ": null, "Comunidad": "San Andrés Semetabaj ", "Sector": "Panimatzalam ", "Participante": "Manuel Juracan Calel lI", "Sexo": "Masculino", "Uso_suelo": "Arboles dispersos", "Pendiente": "26 a 36% 36 a 55%", "Cuerdas_asignadas": 2}}, {"type": "Feature", "geometry": {"type": "Point", "coordinates": [-91.1006139, 14.7485032]}, "properties": {"Fecha": "2025-06-10 10:46:00", "Proyecto": "2. BMZ", "Municipio_VMS": null, "Municipio_BMZ": "7. Otros--- Especificar", "Comunidad": "Panimatzalam", "Sector": "Río Madre Vieja ", "Participante": "Tomasa Mendez Morales ", "Sexo": "Femenino", "Uso_suelo": "Enriquecimiento del bosque", "Pendiente": "36 a 55%", "Cuerdas_asignadas": 1}}, {"type": "Feature", "geometry": {"type": "Point", "coordinates": [-91.112414, 14.8161779]}, "properties": {"Fecha": "2025-06-10 15:26:00", "Proyecto": "2. BMZ", "Municipio_VMS": null, "Municipio_BMZ": null, "Comunidad": "Sololá ", "Sector": "Churunel I", "Participante": "Mario Churunel Ajcalon", "Sexo": "Masculino", "Uso_suelo": "Agricultura", "Pendiente": "26 a 36%", "Cuerdas_asignadas": 1}}, {"type": "Feature", "geometry": {"type": "Point", "coordinates": [-91.108837, 14.8138394]}, "properties": {"Fecha": "2025-06-10 15:49:00", "Proyecto": "2. BMZ", "Municipio_VMS": null, "Municipio_BMZ": "7. Otros--- Especificar", "Comunidad": "Churunel", "Sector": "Chotek", "Participante": "Isaías Churunel Ajcalón", "Sexo": "Masculino", "Uso_suelo": "Arbusto/Matorral", "Pendiente": "26 a 36%", "Cuerdas_asignadas": 1}}, {"type": "Feature", "geometry": {"type": "Point", "coordinates": [-91.1125827, 14.8190769]}, "properties": {"Fecha": "2025-06-10 16:14:00", "Proyecto": "2. BMZ", "Municipio_VMS": null, "Municipio_BMZ": "7. Otros--- Especificar", "Comunidad": "Churunel ", "Sector": "Chij juyu", "Participante": "Carmelina Castro Sut", "Sexo": "Masculino", "Uso_suelo": "Enriquecimiento del bosque", "Pendiente": "26 a 36%", "Cuerdas_asignadas": 1}}, {"type": "Feature", "geometry": {"type": "Point", "coordinates": [-91.1156734, 14.8165515]}, "properties": {"Fecha": "2025-06-10 16:50:00", "Proyecto": "2. BMZ", "Municipio_VMS": null, "Municipio_BMZ": "7. Otros--- Especificar", "Comunidad": "Churunel ", "Sector": "Churunel", "Participante": "José María Churunel Quisquina", "Sexo": "Masculino", "Uso_suelo": "Arbusto/Matorral", "Pendiente": "36 a 55%", "Cuerdas_asignadas": 1}}, {"type": "Feature", "geometry": {"type": "Point", "coordinates": [-91.1158668, 14.8167381]}, "properties": {"Fecha": "2025-06-10 16:53:00", "Proyecto": "2. BMZ", "Municipio_VMS": null, "Municipio_BMZ": "7. Otros--- Especificar", "Comunidad": "Churunel", "Sector": "Churunel ", "Participante": "Jorge Churunel Quisquina", "Sexo": "Masculino", "Uso_suelo": "Arbusto/Matorral", "Pendiente": "26 a 36%", "Cuerdas_asignadas": 1}}, {"type": "Feature", "geometry": {"type": "Point", "coordinates": [-91.1149758, 14.8188139]}, "properties": {"Fecha": "2025-06-10 17:14:00", "Proyecto": "1. VMS", "Municipio_VMS": "6. Otros---Especificar", "Municipio_BMZ": null, "Comunidad": "Churunel ", "Sector": "Churunel", "Participante": "Julio Churunel Solis", "Sexo": "Masculino", "Uso_suelo": "Enriquecimiento del bosque", "Pendiente": "36 a 55%", "Cuerdas_asignadas": 1}}, {"type": "Feature", "geometry": {"type": "Point", "coordinates": [-91.1110989, 14.7520121]}, "properties": {"Fecha": "2025-06-10 18:34:00", "Proyecto": "2. BMZ", "Municipio_VMS": null, "Municipio_BMZ": "7. Otros--- Especificar", "Comunidad": "Panimatzalam", "Sector": "Panimatzalam", "Participante": "Pedro Tecun Calel", "Sexo": "Masculino", "Uso_suelo": "Arbusto/Matorral", "Pendiente": "26 a 36%", "Cuerdas_asignadas": 2}}, {"type": "Feature", "geometry": {"type": "Point", "coordinates": [-91.1108734, 14.7523054]}, "properties": {"Fecha": "2025-06-10 18:47:00", "Proyecto": "2. BMZ", "Municipio_VMS": null, "Municipio_BMZ": "7. Otros--- Especificar", "Comunidad": "Panimatzalam ", "Sector": "Panimatzalam ", "Participante": "Dominga Parabal Cuc", "Sexo": "Femenino", "Uso_suelo": "Arbusto/Matorral", "Pendiente": "26 a 36%", "Cuerdas_asignadas": 3}}, {"type": "Feature", "geometry": {"type": "Point", "coordinates": [-91.1606429, 14.8474043]}, "properties": {"Fecha": "2025-07-30 09:02:00", "Proyecto": "1. VMS", "Municipio_VMS": "1. Sololá", "Municipio_BMZ": null, "Comunidad": "Barberena", "Sector": "Barberena", "Participante": "Santos Julajuj Tun", "Sexo": "Masculino", "Uso_suelo": "Pastizal Arboles dispersos", "Pendiente": "36 a 55%", "Cuerdas_asignadas": 6}}, {"type": "Feature", "geometry": {"type": "Point", "coordinates": [-91.1604109, 14.8466575]}, "properties": {"Fecha": "2025-07-30 09:26:00", "Proyecto": "1. VMS", "Municipio_VMS": "1. Sololá", "Municipio_BMZ": null, "Comunidad": "Barberena", "Sector": "Barberena", "Participante": "Alberto Tun Panjoj ", "Sexo": "Masculino", "Uso_suelo": "Arbusto/Matorral Arboles dispersos", "Pendiente": "26 a 36%", "Cuerdas_asignadas": 5}}, {"type": "Feature", "geometry": {"type": "Point", "coordinates": [-91.1600333, 14.8460067]}, "properties": {"Fecha": "2025-07-30 09:32:00", "Proyecto": "1. VMS", "Municipio_VMS": "1. Sololá", "Municipio_BMZ": null, "Comunidad": "Barberena", "Sector": "Barberena", "Participante": "Maria Cristina Tun Guit", "Sexo": "Femenino", "Uso_suelo": "Pastizal Arboles dispersos", "Pendiente": "26 a 36%", "Cuerdas_asignadas": 5}}, {"type": "Feature", "geometry": {"type": "Point", "coordinates": [-91.1597953, 14.8448339]}, "properties": {"Fecha": "2025-07-30 09:48:00", "Proyecto": "1. VMS", "Municipio_VMS": "1. Sololá", "Municipio_BMZ": null, "Comunidad": "Barberena ", "Sector": "Barberena ", "Participante": "Marta pilo Julajuj", "Sexo": "Femenino", "Uso_suelo": "Arbusto/Matorral", "Pendiente": "26 a 36%", "Cuerdas_asignadas": 5}}, {"type": "Feature", "geometry": {"type": "Point", "coordinates": [-91.1611371, 14.8475031]}, "properties": {"Fecha": "2025-07-30 09:24:00", "Proyecto": "1. VMS", "Municipio_VMS": "1. Sololá", "Municipio_BMZ": null, "Comunidad": "Barberena", "Sector": "Barberena", "Participante": "Rafael Tún Güit", "Sexo": "Masculino", "Uso_suelo": "Pastizal Arboles dispersos", "Pendiente": "36 a 55%", "Cuerdas_asignadas": 6}}, {"type": "Feature", "geometry": {"type": "Point", "coordinates": [-91.1600572, 14.8464883]}, "properties": {"Fecha": "2025-07-30 11:30:00", "Proyecto": "1. VMS", "Municipio_VMS": "1. Sololá", "Municipio_BMZ": null, "Comunidad": "Barberena", "Sector": "Barberena", "Participante": "Juana Julajuj Nimacachí", "Sexo": "Femenino", "Uso_suelo": "Arbusto/Matorral", "Pendiente": "26 a 36%", "Cuerdas_asignadas": 6}}, {"type": "Feature", "geometry": {"type": "Point", "coordinates": [-91.1601994, 14.8453176]}, "properties": {"Fecha": "2025-07-30 09:45:00", "Proyecto": "1. VMS", "Municipio_VMS": "1. Sololá", "Municipio_BMZ": null, "Comunidad": "Barberena", "Sector": "Barberena", "Participante": "Aura Marina Piló", "Sexo": "Femenino", "Uso_suelo": "Arbusto/Matorral Arboles dispersos", "Pendiente": "36 a 55%", "Cuerdas_asignadas": 5}}, {"type": "Feature", "geometry": {"type": "Point", "coordinates": [-91.2741249, 14.7916845]}, "properties": {"Fecha": "2025-08-01 11:49:00", "Proyecto": "1. VMS", "Municipio_VMS": "3. Santa Lucía Utatlán", "Municipio_BMZ": null, "Comunidad": "Aposentos", "Sector": "Aposentos tanque", "Participante": "Isabel Cux Sazo", "Sexo": "Femenino", "Uso_suelo": "Pastizal", "Pendiente": "26 a 36%", "Cuerdas_asignadas": 3}}, {"type": "Feature", "geometry": {"type": "Point", "coordinates": [-91.2541886, 14.7814918]}, "properties": {"Fecha": "2025-08-01 12:25:00", "Proyecto": "1. VMS", "Municipio_VMS": "3. Santa Lucía Utatlán", "Municipio_BMZ": null, "Comunidad": "Aposentos", "Sector": "Chocol", "Participante": "Riena Aracely Cux Yac", "Sexo": "Femenino", "Uso_suelo": "Arboles dispersos", "Pendiente": "26 a 36%", "Cuerdas_asignadas": 4}}, {"type": "Feature", "geometry": {"type": "Point", "coordinates": [-91.2726898, 14.8091647]}, "properties": {"Fecha": "2025-08-01 13:26:00", "Proyecto": "1. VMS", "Municipio_VMS": "3. Santa Lucía Utatlán", "Municipio_BMZ": null, "Comunidad": "Aposentos", "Sector": "Sampual", "Participante": "Ávila Zelaida Saquic Godoy", "Sexo": "Masculino", "Uso_suelo": "Arboles dispersos", "Pendiente": "36 a 55%", "Cuerdas_asignadas": 4}}, {"type": "Feature", "geometry": {"type": "Point", "coordinates": [-91.247978, 14.755867]}, "properties": {"Fecha": "2025-07-31 08:30:00", "Proyecto": "1. VMS", "Municipio_VMS": "3. Santa Lucía Utatlán", "Municipio_BMZ": null, "Comunidad": "Chuijumil", "Sector": "Tznjuyub", "Participante": "Eliazar Martin Tayun Yac ", "Sexo": "Masculino", "Uso_suelo": "Suelo desnudo Pastizal", "Pendiente": "12 a 26%", "Cuerdas_asignadas": 2}}, {"type": "Feature", "geometry": {"type": "Point", "coordinates": [-91.2471123, 14.7572457]}, "properties": {"Fecha": "2025-07-31 08:43:00", "Proyecto": "1. VMS", "Municipio_VMS": "1. Sololá", "Municipio_BMZ": null, "Comunidad": "Chujumil", "Sector": "Chotuj", "Participante": "Juan Gabino Yac Chávez ", "Sexo": "Masculino", "Uso_suelo": "Arboles dispersos", "Pendiente": "26 a 36%", "Cuerdas_asignadas": 2}}, {"type": "Feature", "geometry": {"type": "Point", "coordinates": [-91.2533, 14.7593117]}, "properties": {"Fecha": "2025-07-31 08:58:00", "Proyecto": "1. VMS", "Municipio_VMS": "3. Santa Lucía Utatlán", "Municipio_BMZ": null, "Comunidad": "Chujumil ", "Sector": "Chujumil ", "Participante": "Santos Yac Xamines", "Sexo": "Masculino", "Uso_suelo": "Arboles dispersos", "Pendiente": "12 a 26%", "Cuerdas_asignadas": 2}}, {"type": "Feature", "geometry": {"type": "Point", "coordinates": [-91.276261, 14.7839774]}, "properties": {"Fecha": "2025-08-01 10:55:00", "Proyecto": "1. VMS", "Municipio_VMS": "3. Santa Lucía Utatlán", "Municipio_BMZ": null, "Comunidad": "Aposentos", "Sector": "Xejupa", "Participante": "Abener Israel Yac Yac", "Sexo": "Masculino", "Uso_suelo": "Pastizal Arboles dispersos", "Pendiente": "26 a 36% 36 a 55%", "Cuerdas_asignadas": 3}}, {"type": "Feature", "geometry": {"type": "Point", "coordinates": [-91.2727531, 14.7921403]}, "properties": {"Fecha": "2025-08-01 11:25:00", "Proyecto": "1. VMS", "Municipio_VMS": "3. Santa Lucía Utatlán", "Municipio_BMZ": null, "Comunidad": "Aposentos", "Sector": "Abajo de la carretera", "Participante": "Alejandro Méndez Can", "Sexo": "Masculino", "Uso_suelo": "Arboles dispersos", "Pendiente": "26 a 36%", "Cuerdas_asignadas": 3}}, {"type": "Feature", "geometry": {"type": "Point", "coordinates": [-91.2732348, 14.7920218]}, "properties": {"Fecha": "2025-08-01 11:35:00", "Proyecto": "1. VMS", "Municipio_VMS": "3. Santa Lucía Utatlán", "Municipio_BMZ": null, "Comunidad": "Aposentos", "Sector": "Aposentos", "Participante": "Maria Guadalupe Shamines Alvarez de Mendez", "Sexo": "Masculino", "Uso_suelo": "Agroforestal", "Pendiente": "12 a 26%", "Cuerdas_asignadas": 3}}, {"type": "Feature", "geometry": {"type": "Point", "coordinates": [-91.1005967, 14.818615]}, "properties": {"Fecha": "2026-02-05 10:24:00", "Proyecto": "2. BMZ", "Municipio_VMS": null, "Municipio_BMZ": null, "Comunidad": "Sololá ", "Sector": "Paswan", "Participante": "Evelin Hermelinda Panjoj Cuc", "Sexo": "Femenino", "Uso_suelo": "Pastizal Arbusto/Matorral", "Pendiente": "26 a 36%", "Cuerdas_asignadas": 1}}, {"type": "Feature", "geometry": {"type": "Point", "coordinates": [-91.10074, 14.818861]}, "properties": {"Fecha": "2026-02-05 09:23:00", "Proyecto": "2. BMZ", "Municipio_VMS": null, "Municipio_BMZ": "7. Otros--- Especificar", "Comunidad": "Churunel Central", "Sector": "Paswan", "Participante": "Santos Cuc Lopic", "Sexo": "Femenino", "Uso_suelo": "Pastizal Arbusto/Matorral", "Pendiente": "36 a 55%", "Cuerdas_asignadas": 1}}, {"type": "Feature", "geometry": {"type": "Point", "coordinates": [-91.1308771, 14.6275404]}, "properties": {"Fecha": "2026-04-21 10:18:00", "Proyecto": "2. BMZ", "Municipio_VMS": null, "Municipio_BMZ": "7. Otros--- Especificar", "Comunidad": "Iquitiu", "Sector": "Iquitiu", "Participante": "Fermin Sancoy cosigua.", "Sexo": "Masculino", "Uso_suelo": "Arboles dispersos Arbusto/Matorral", "Pendiente": "55 a 75%", "Cuerdas_asignadas": null}}, {"type": "Feature", "geometry": {"type": "Point", "coordinates": [-91.1388786, 14.6044129]}, "properties": {"Fecha": "2026-04-21 11:07:00", "Proyecto": "2. BMZ", "Municipio_VMS": null, "Municipio_BMZ": "7. Otros--- Especificar", "Comunidad": "Pampojila", "Sector": "El Rio", "Participante": "Alexis Tacaxot Días ", "Sexo": "Masculino", "Uso_suelo": "Arbusto/Matorral", "Pendiente": "36 a 55%", "Cuerdas_asignadas": null}}, {"type": "Feature", "geometry": {"type": "Point", "coordinates": [-91.075898, 14.7887408]}, "properties": {"Fecha": "2026-04-17 12:24:00", "Proyecto": "2. BMZ", "Municipio_VMS": null, "Municipio_BMZ": "7. Otros--- Especificar", "Comunidad": "Sucun", "Sector": "Sucun ", "Participante": "Sebastiana Calel Quino", "Sexo": "Femenino", "Uso_suelo": "Suelo desnudo", "Pendiente": "36 a 55%", "Cuerdas_asignadas": 1}}, {"type": "Feature", "geometry": {"type": "Point", "coordinates": [-91.1402166, 14.634444]}, "properties": {"Fecha": "2026-04-21 09:34:00", "Proyecto": "2. BMZ", "Municipio_VMS": null, "Municipio_BMZ": "7. Otros--- Especificar", "Comunidad": "BARRIO EL RELLENO ", "Sector": "El relleno ", "Participante": "Alexi Días ", "Sexo": "Masculino", "Uso_suelo": "Arbusto/Matorral", "Pendiente": "36 a 55%", "Cuerdas_asignadas": null}}, {"type": "Feature", "geometry": {"type": "Point", "coordinates": [-91.0761452, 14.7889633]}, "properties": {"Fecha": "2026-04-17 12:09:00", "Proyecto": "2. BMZ", "Municipio_VMS": null, "Municipio_BMZ": "7. Otros--- Especificar", "Comunidad": "Caserío Sucun", "Sector": "Sucun", "Participante": "Maria Anastasia Calel Quino", "Sexo": "Femenino", "Uso_suelo": "Arbusto/Matorral", "Pendiente": "36 a 55%", "Cuerdas_asignadas": 3}}, {"type": "Feature", "geometry": {"type": "Point", "coordinates": [-91.0915733, 14.7637935]}, "properties": {"Fecha": "2026-04-17 11:31:00", "Proyecto": "2. BMZ", "Municipio_VMS": null, "Municipio_BMZ": "7. Otros--- Especificar", "Comunidad": "Caliaj", "Sector": "Caliaj", "Participante": "Maria Rafaela Par", "Sexo": "Femenino", "Uso_suelo": "Arbusto/Matorral", "Pendiente": "36 a 55%", "Cuerdas_asignadas": 3}}, {"type": "Feature", "geometry": {"type": "Point", "coordinates": [-91.0916283, 14.7606467]}, "properties": {"Fecha": "2026-04-17 11:26:00", "Proyecto": "2. BMZ", "Municipio_VMS": null, "Municipio_BMZ": "7. Otros--- Especificar", "Comunidad": "Caliaj", "Sector": "Caliaj ", "Participante": "Yessica Yojana Gonzalez Garcia", "Sexo": "Femenino", "Uso_suelo": "Arbusto/Matorral", "Pendiente": "36 a 55%", "Cuerdas_asignadas": 2}}, {"type": "Feature", "geometry": {"type": "Point", "coordinates": [-91.0948582, 14.762195]}, "properties": {"Fecha": "2026-04-17 09:50:00", "Proyecto": "2. BMZ", "Municipio_VMS": null, "Municipio_BMZ": "7. Otros--- Especificar", "Comunidad": "Caliaj", "Sector": "Corral siwal", "Participante": "Ancelmo Parabal Calel", "Sexo": "Masculino", "Uso_suelo": "Arbusto/Matorral", "Pendiente": "36 a 55%", "Cuerdas_asignadas": 1}}, {"type": "Feature", "geometry": {"type": "Point", "coordinates": [-91.0885786, 14.7656641]}, "properties": {"Fecha": "2026-04-17 10:18:00", "Proyecto": "2. BMZ", "Municipio_VMS": null, "Municipio_BMZ": "7. Otros--- Especificar", "Comunidad": "Caliaj", "Sector": "Papol", "Participante": "Victor Leonel Gonzalez", "Sexo": "Masculino", "Uso_suelo": "Arbusto/Matorral", "Pendiente": "55 a 75%", "Cuerdas_asignadas": 4}}, {"type": "Feature", "geometry": {"type": "Point", "coordinates": [-90.9704967, 14.6278567]}, "properties": {"Fecha": "2026-04-15 10:03:00", "Proyecto": "2. BMZ", "Municipio_VMS": null, "Municipio_BMZ": "7. Otros--- Especificar", "Comunidad": "El sitio", "Sector": "El Sitio", "Participante": "Angel David Hernandez Garcia ", "Sexo": "Masculino", "Uso_suelo": "Arbusto/Matorral", "Pendiente": "36 a 55%", "Cuerdas_asignadas": 1}}, {"type": "Feature", "geometry": {"type": "Point", "coordinates": [-90.99386, 14.6183483]}, "properties": {"Fecha": "2026-04-15 11:42:00", "Proyecto": "2. BMZ", "Municipio_VMS": null, "Municipio_BMZ": "7. Otros--- Especificar", "Comunidad": "La Trompeta.", "Sector": "La Rabanito", "Participante": "Emilio Panjoj  Curruchiche", "Sexo": "Masculino", "Uso_suelo": "Arbusto/Matorral", "Pendiente": "36 a 55%", "Cuerdas_asignadas": 4}}, {"type": "Feature", "geometry": {"type": "Point", "coordinates": [-91.073965, 14.6821828]}, "properties": {"Fecha": "2026-04-14 23:43:00", "Proyecto": "2. BMZ", "Municipio_VMS": null, "Municipio_BMZ": "7. Otros--- Especificar", "Comunidad": "Paraíso Chichoy", "Sector": "Paqum", "Participante": "Juana Xiquita Aju", "Sexo": "Femenino", "Uso_suelo": "Arbusto/Matorral", "Pendiente": null, "Cuerdas_asignadas": 2}}, {"type": "Feature", "geometry": {"type": "Point", "coordinates": [-91.0651817, 14.6828212]}, "properties": {"Fecha": "2026-04-14 12:37:00", "Proyecto": "2. BMZ", "Municipio_VMS": null, "Municipio_BMZ": "7. Otros--- Especificar", "Comunidad": "Paraíso Chichoy ", "Sector": "Paraíso Chichoy ", "Participante": "Rodrigo Upun Par", "Sexo": "Masculino", "Uso_suelo": "Arbusto/Matorral", "Pendiente": "36 a 55%", "Cuerdas_asignadas": 1}}, {"type": "Feature", "geometry": {"type": "Point", "coordinates": [-91.068321, 14.6813813]}, "properties": {"Fecha": "2026-04-14 09:34:00", "Proyecto": "2. BMZ", "Municipio_VMS": null, "Municipio_BMZ": "7. Otros--- Especificar", "Comunidad": "Paraíso Chichoy", "Sector": "Pachor", "Participante": "Osman Jochola xinico", "Sexo": "Masculino", "Uso_suelo": "Pastizal Arbusto/Matorral", "Pendiente": "26 a 36%", "Cuerdas_asignadas": 1}}, {"type": "Feature", "geometry": {"type": "Point", "coordinates": [-91.06808, 14.68183]}, "properties": {"Fecha": "2026-04-14 09:40:00", "Proyecto": "4. Otros--- Especificar", "Municipio_VMS": null, "Municipio_BMZ": null, "Comunidad": "Paraíso Chi choy", "Sector": "Pachorro", "Participante": "Osman Jochola ", "Sexo": "Masculino", "Uso_suelo": "Arbusto/Matorral Pastizal", "Pendiente": "36 a 55%", "Cuerdas_asignadas": 1}}, {"type": "Feature", "geometry": {"type": "Point", "coordinates": [-91.075031, 14.6808569]}, "properties": {"Fecha": "2026-04-14 11:03:00", "Proyecto": "2. BMZ", "Municipio_VMS": null, "Municipio_BMZ": "7. Otros--- Especificar", "Comunidad": "Paraíso Chichoy ", "Sector": "Parachaq_juyu.", "Participante": "Raquel Olcot Saguach.", "Sexo": "Femenino", "Uso_suelo": "Arbusto/Matorral", "Pendiente": "36 a 55%", "Cuerdas_asignadas": 2}}, {"type": "Feature", "geometry": {"type": "Point", "coordinates": [-91.0748967, 14.682385]}, "properties": {"Fecha": "2026-04-14 10:21:00", "Proyecto": "2. BMZ", "Municipio_VMS": null, "Municipio_BMZ": "7. Otros--- Especificar", "Comunidad": "Paraíso Chichoy ", "Sector": "Parachaq_juyu", "Participante": "Rosa linda Olcot Saguach", "Sexo": "Femenino", "Uso_suelo": "Arbusto/Matorral Arboles dispersos", "Pendiente": "36 a 55%", "Cuerdas_asignadas": 4}}, {"type": "Feature", "geometry": {"type": "Point", "coordinates": [-90.9926433, 14.6554683]}, "properties": {"Fecha": "2026-03-13 09:59:00", "Proyecto": "2. BMZ", "Municipio_VMS": null, "Municipio_BMZ": "7. Otros--- Especificar", "Comunidad": "Kojobal", "Sector": "Chelteya", "Participante": "Soltero Cuxil Xicay", "Sexo": "Masculino", "Uso_suelo": "Pastizal Arbusto/Matorral", "Pendiente": "36 a 55%", "Cuerdas_asignadas": 3}}, {"type": "Feature", "geometry": {"type": "Point", "coordinates": [-91.0076283, 14.6346683]}, "properties": {"Fecha": "2026-03-13 11:34:00", "Proyecto": "2. BMZ", "Municipio_VMS": null, "Municipio_BMZ": "7. Otros--- Especificar", "Comunidad": "Kojobal", "Sector": "Chewen", "Participante": "Juan Antonio Choror", "Sexo": "Masculino", "Uso_suelo": "Pastizal Arbusto/Matorral", "Pendiente": "36 a 55%", "Cuerdas_asignadas": 4}}, {"type": "Feature", "geometry": {"type": "Point", "coordinates": [-91.0023317, 14.6411783]}, "properties": {"Fecha": "2026-03-13 13:06:00", "Proyecto": "2. BMZ", "Municipio_VMS": null, "Municipio_BMZ": "7. Otros--- Especificar", "Comunidad": "Kojobal", "Sector": "Chewen", "Participante": "Ruben Xicay Samora", "Sexo": "Masculino", "Uso_suelo": "Pastizal Arbusto/Matorral", "Pendiente": "36 a 55%", "Cuerdas_asignadas": 4}}, {"type": "Feature", "geometry": {"type": "Point", "coordinates": [-91.0349899, 14.6503013]}, "properties": {"Fecha": "2026-04-07 09:57:00", "Proyecto": "4. Otros--- Especificar", "Municipio_VMS": null, "Municipio_BMZ": null, "Comunidad": "San José Xepatan ", "Sector": "La Rejoya", "Participante": "Feliciano Patal Cumes ", "Sexo": "Masculino", "Uso_suelo": "Pastizal", "Pendiente": "26 a 36%", "Cuerdas_asignadas": 3}}, {"type": "Feature", "geometry": {"type": "Point", "coordinates": [-91.0987567, 14.8189033]}, "properties": {"Fecha": "2026-02-05 10:55:00", "Proyecto": "2. BMZ", "Municipio_VMS": null, "Municipio_BMZ": null, "Comunidad": "Churunel Central", "Sector": "Paswan", "Participante": "Josefina Morales zet", "Sexo": "Femenino", "Uso_suelo": "Arbusto/Matorral", "Pendiente": null, "Cuerdas_asignadas": 1}}, {"type": "Feature", "geometry": {"type": "Point", "coordinates": [-91.098811, 14.8197147]}, "properties": {"Fecha": "2026-02-05 11:26:00", "Proyecto": "2. BMZ", "Municipio_VMS": null, "Municipio_BMZ": "7. Otros--- Especificar", "Comunidad": "Churunel Central ", "Sector": "Paswan ", "Participante": "Teresa Quisquina Cuc", "Sexo": "Femenino", "Uso_suelo": "Arbusto/Matorral", "Pendiente": "36 a 55%", "Cuerdas_asignadas": 1}}, {"type": "Feature", "geometry": {"type": "Point", "coordinates": [-91.1031167, 14.820445]}, "properties": {"Fecha": "2026-02-05 11:29:00", "Proyecto": "2. BMZ", "Municipio_VMS": null, "Municipio_BMZ": "7. Otros--- Especificar", "Comunidad": "Churunel Central ", "Sector": "Iglesia ", "Participante": "Florida Simaj de La Cruz", "Sexo": "Femenino", "Uso_suelo": "Pastizal Arbusto/Matorral", "Pendiente": "36 a 55%", "Cuerdas_asignadas": 2}}, {"type": "Feature", "geometry": {"type": "Point", "coordinates": [-91.1051902, 14.8166271]}, "properties": {"Fecha": "2026-02-05 11:58:00", "Proyecto": "2. BMZ", "Municipio_VMS": null, "Municipio_BMZ": "7. Otros--- Especificar", "Comunidad": "Churunel Central ", "Sector": "Campo", "Participante": "Soyla Churunel Zet", "Sexo": "Femenino", "Uso_suelo": "Pastizal Arbusto/Matorral", "Pendiente": "36 a 55%", "Cuerdas_asignadas": 5}}, {"type": "Feature", "geometry": {"type": "Point", "coordinates": [-91.099245, 14.817605]}, "properties": {"Fecha": "2026-02-05 10:43:00", "Proyecto": "2. BMZ", "Municipio_VMS": null, "Municipio_BMZ": null, "Comunidad": "CHURUNEL Central ", "Sector": "Paswan", "Participante": "Estela Bocel Panjoj", "Sexo": "Femenino", "Uso_suelo": "Arbusto/Matorral", "Pendiente": "36 a 55%", "Cuerdas_asignadas": 1}}, {"type": "Feature", "geometry": {"type": "Point", "coordinates": [-91.274431, 14.8760455]}, "properties": {"Fecha": "2026-03-23 09:58:00", "Proyecto": "1. VMS", "Municipio_VMS": "5. Totonicapán", "Municipio_BMZ": null, "Comunidad": "Rancho de Tejas", "Sector": "Ranchos de Tejas", "Participante": "Gloria Esperanza Tale Gutietrres", "Sexo": "Femenino", "Uso_suelo": "Arbusto/Matorral", "Pendiente": "36 a 55%", "Cuerdas_asignadas": 4}}, {"type": "Feature", "geometry": {"type": "Point", "coordinates": [-91.2747823, 14.8754333]}, "properties": {"Fecha": "2026-03-23 10:20:00", "Proyecto": null, "Municipio_VMS": null, "Municipio_BMZ": null, "Comunidad": "Rancho de Tejas", "Sector": "Pala", "Participante": "Rosalinda Victoria Tale Gutierres", "Sexo": "Femenino", "Uso_suelo": "Arbusto/Matorral", "Pendiente": "36 a 55%", "Cuerdas_asignadas": 2}}, {"type": "Feature", "geometry": {"type": "Point", "coordinates": [-91.0291733, 14.6357533]}, "properties": {"Fecha": "2026-04-07 10:30:00", "Proyecto": "2. BMZ", "Municipio_VMS": null, "Municipio_BMZ": "7. Otros--- Especificar", "Comunidad": "San José Xepatan", "Sector": "Pa Cienaga", "Participante": "Marcos Cristal Xulu", "Sexo": "Masculino", "Uso_suelo": "Pastizal Arbusto/Matorral Enriquecimiento del bosque", "Pendiente": "26 a 36%", "Cuerdas_asignadas": null}}, {"type": "Feature", "geometry": {"type": "Point", "coordinates": [-91.0295232, 14.6359734]}, "properties": {"Fecha": "2026-04-07 10:33:00", "Proyecto": "2. BMZ", "Municipio_VMS": null, "Municipio_BMZ": "7. Otros--- Especificar", "Comunidad": "San José Xepatan", "Sector": "Cienaga", "Participante": "Ines de la Cruz", "Sexo": "Masculino", "Uso_suelo": "Pastizal Arbusto/Matorral", "Pendiente": "36 a 55%", "Cuerdas_asignadas": 4.5}}, {"type": "Feature", "geometry": {"type": "Point", "coordinates": [-91.0289816, 14.6357773]}, "properties": {"Fecha": "2026-04-07 10:41:00", "Proyecto": "2. BMZ", "Municipio_VMS": null, "Municipio_BMZ": "7. Otros--- Especificar", "Comunidad": "San José Xepatan", "Sector": "Cienaga", "Participante": "Gilbert Cristal Xulu", "Sexo": "Masculino", "Uso_suelo": "Pastizal Arbusto/Matorral", "Pendiente": "26 a 36%", "Cuerdas_asignadas": 2}}, {"type": "Feature", "geometry": {"type": "Point", "coordinates": [-91.0296165, 14.6342835]}, "properties": {"Fecha": "2026-04-07 10:48:00", "Proyecto": "2. BMZ", "Municipio_VMS": null, "Municipio_BMZ": "7. Otros--- Especificar", "Comunidad": "San José Xepatan", "Sector": "Cienaga", "Participante": null, "Sexo": null, "Uso_suelo": null, "Pendiente": null, "Cuerdas_asignadas": null}}, {"type": "Feature", "geometry": {"type": "Point", "coordinates": [-91.3435503, 14.6555226]}, "properties": {"Fecha": "2026-05-14 14:50:00", "Proyecto": "2. BMZ", "Municipio_VMS": null, "Municipio_BMZ": "3. San Juan la Laguna", "Comunidad": "Pasajquim ", "Sector": "Sector Chofierro ", "Participante": "Viviana Perez Tunay", "Sexo": "Femenino", "Uso_suelo": "Agricultura", "Pendiente": "0 a 12%", "Cuerdas_asignadas": 3}}, {"type": "Feature", "geometry": {"type": "Point", "coordinates": [-91.3433712, 14.6556506]}, "properties": {"Fecha": "2026-05-14 15:18:00", "Proyecto": "2. BMZ", "Municipio_VMS": null, "Municipio_BMZ": "3. San Juan la Laguna", "Comunidad": "Aldea Pasajquim Pasajquim ", "Sector": "Sector Chofierro ", "Participante": "Kilmer Ventura Menchu Pérez ", "Sexo": "Masculino", "Uso_suelo": "Agricultura", "Pendiente": "0 a 12%", "Cuerdas_asignadas": 3}}, {"type": "Feature", "geometry": {"type": "Point", "coordinates": [-91.0212893, 14.6377269]}, "properties": {"Fecha": "2026-01-28 10:21:00", "Proyecto": "2. BMZ", "Municipio_VMS": null, "Municipio_BMZ": "7. Otros--- Especificar", "Comunidad": "Astillero", "Sector": "Astillero", "Participante": "Hermelindo Patricio Sirin ", "Sexo": "Masculino", "Uso_suelo": "Pastizal", "Pendiente": "36 a 55%", "Cuerdas_asignadas": 12}}, {"type": "Feature", "geometry": {"type": "Point", "coordinates": [-91.1032546, 14.8235997]}, "properties": {"Fecha": "2026-02-05 10:38:00", "Proyecto": "2. BMZ", "Municipio_VMS": null, "Municipio_BMZ": "7. Otros--- Especificar", "Comunidad": "Churunel Central", "Sector": "Pa Swan", "Participante": "Florinda Chiroy Xep", "Sexo": "Femenino", "Uso_suelo": "Arbusto/Matorral", "Pendiente": "36 a 55%", "Cuerdas_asignadas": 3}}, {"type": "Feature", "geometry": {"type": "Point", "coordinates": [-91.017579, 14.6345545]}, "properties": {"Fecha": "2026-01-28 12:05:00", "Proyecto": "4. Otros--- Especificar", "Municipio_VMS": null, "Municipio_BMZ": null, "Comunidad": "Astillero ", "Sector": "Astillero", "Participante": "Hermelindo UGAM Patzun", "Sexo": "Masculino", "Uso_suelo": "Pastizal", "Pendiente": "36 a 55%", "Cuerdas_asignadas": 5}}, {"type": "Feature", "geometry": {"type": "Point", "coordinates": [-91.1027423, 14.8224436]}, "properties": {"Fecha": "2026-02-05 10:23:00", "Proyecto": "2. BMZ", "Municipio_VMS": null, "Municipio_BMZ": "7. Otros--- Especificar", "Comunidad": "Churunel Central", "Sector": "Pa Suan", "Participante": "Rosa Cuc Quisquina", "Sexo": "Femenino", "Uso_suelo": "Arbusto/Matorral", "Pendiente": "26 a 36%", "Cuerdas_asignadas": 4}}, {"type": "Feature", "geometry": {"type": "Point", "coordinates": [-91.0163583, 14.6332733]}, "properties": {"Fecha": "2026-01-28 11:42:00", "Proyecto": "2. BMZ", "Municipio_VMS": null, "Municipio_BMZ": "7. Otros--- Especificar", "Comunidad": "Astillero ", "Sector": "Astillero", "Participante": "Hermelindo Patricio ", "Sexo": "Masculino", "Uso_suelo": "Pastizal Arbusto/Matorral Arboles dispersos", "Pendiente": "36 a 55%", "Cuerdas_asignadas": 20}}, {"type": "Feature", "geometry": {"type": "Point", "coordinates": [-91.2998953, 14.7518969]}, "properties": {"Fecha": "2026-02-17 12:20:00", "Proyecto": "1. VMS", "Municipio_VMS": "3. Santa Lucía Utatlán", "Municipio_BMZ": null, "Comunidad": "Buena Vista", "Sector": "La Cumbre", "Participante": "Arturo Tzaj Chocoy", "Sexo": null, "Uso_suelo": "Arboles dispersos Arbusto/Matorral", "Pendiente": "26 a 36%", "Cuerdas_asignadas": 4}}, {"type": "Feature", "geometry": {"type": "Point", "coordinates": [-91.294214, 14.7728519]}, "properties": {"Fecha": "2026-02-11 11:18:00", "Proyecto": "1. VMS", "Municipio_VMS": "3. Santa Lucía Utatlán", "Municipio_BMZ": null, "Comunidad": "Pamesabl", "Sector": "Pamesabl", "Participante": "Francisca Olegaria", "Sexo": "Femenino", "Uso_suelo": "Arbusto/Matorral", "Pendiente": "26 a 36%", "Cuerdas_asignadas": 5}}, {"type": "Feature", "geometry": {"type": "Point", "coordinates": [-91.2137503, 14.7854759]}, "properties": {"Fecha": "2026-02-19 10:32:00", "Proyecto": "1. VMS", "Municipio_VMS": "6. Otros---Especificar", "Municipio_BMZ": null, "Comunidad": "Ilucion", "Sector": "Ilucion", "Participante": "Mateo Ajcalon Vicente", "Sexo": "Masculino", "Uso_suelo": "Pastizal Arboles dispersos", "Pendiente": "26 a 36% 12 a 26%", "Cuerdas_asignadas": 3}}, {"type": "Feature", "geometry": {"type": "Point", "coordinates": [-91.2123723, 14.7859432]}, "properties": {"Fecha": "2026-02-19 10:54:00", "Proyecto": "1. VMS", "Municipio_VMS": "1. Sololá", "Municipio_BMZ": null, "Comunidad": "Ilucion", "Sector": "Ilucion", "Participante": "Romelia Cosigua Vicente de Saloj", "Sexo": "Femenino", "Uso_suelo": "Arboles dispersos", "Pendiente": "12 a 26%", "Cuerdas_asignadas": 1}}, {"type": "Feature", "geometry": {"type": "Point", "coordinates": [-91.299542, 14.7516994]}, "properties": {"Fecha": "2026-02-17 12:46:00", "Proyecto": "1. VMS", "Municipio_VMS": "3. Santa Lucía Utatlán", "Municipio_BMZ": null, "Comunidad": "Buena Vista", "Sector": "La Cumbre", "Participante": "Maria Tzaj Chocóy", "Sexo": "Femenino", "Uso_suelo": "Arbusto/Matorral Arboles dispersos", "Pendiente": "36 a 55%", "Cuerdas_asignadas": 3}}, {"type": "Feature", "geometry": {"type": "Point", "coordinates": [-91.2101966, 14.7864337]}, "properties": {"Fecha": "2026-02-19 11:11:00", "Proyecto": "1. VMS", "Municipio_VMS": "1. Sololá", "Municipio_BMZ": null, "Comunidad": "Ilucion", "Sector": "Ilicion", "Participante": "Juan Ajcalon Vicente ", "Sexo": "Masculino", "Uso_suelo": "Arboles dispersos Arbusto/Matorral", "Pendiente": "12 a 26%", "Cuerdas_asignadas": 2}}, {"type": "Feature", "geometry": {"type": "Point", "coordinates": [-91.2096107, 14.7851782]}, "properties": {"Fecha": "2026-02-19 11:08:00", "Proyecto": "1. VMS", "Municipio_VMS": "1. Sololá", "Municipio_BMZ": null, "Comunidad": "Ilucion", "Sector": "Ilucion", "Participante": "Tomás Chavez", "Sexo": "Masculino", "Uso_suelo": "Pastizal Arboles dispersos Agricultura", "Pendiente": "12 a 26%", "Cuerdas_asignadas": 4}}, {"type": "Feature", "geometry": {"type": "Point", "coordinates": [-91.2191567, 14.7895973]}, "properties": {"Fecha": "2026-02-19 11:31:00", "Proyecto": "1. VMS", "Municipio_VMS": "1. Sololá", "Municipio_BMZ": null, "Comunidad": "Ilucion", "Sector": "Ilucion", "Participante": "Maria bocel Guit", "Sexo": "Femenino", "Uso_suelo": "Pastizal", "Pendiente": "26 a 36% 12 a 26%", "Cuerdas_asignadas": 2}}, {"type": "Feature", "geometry": {"type": "Point", "coordinates": [-91.2781856, 14.869436]}, "properties": {"Fecha": "2026-01-26 12:11:00", "Proyecto": "1. VMS", "Municipio_VMS": null, "Municipio_BMZ": null, "Comunidad": "Rancho de Teja", "Sector": "Nacimiento", "Participante": "Miguel Sic", "Sexo": "Femenino", "Uso_suelo": "Pastizal Arboles dispersos", "Pendiente": "26 a 36%", "Cuerdas_asignadas": 5}}, {"type": "Feature", "geometry": {"type": "Point", "coordinates": [-91.2788687, 14.8700576]}, "properties": {"Fecha": "2026-01-26 12:37:00", "Proyecto": "1. VMS", "Municipio_VMS": "5. Totonicapán", "Municipio_BMZ": null, "Comunidad": "Rancho de Teja", "Sector": "Arriba de nacimiento", "Participante": "Miguel sic", "Sexo": "Masculino", "Uso_suelo": "Arbusto/Matorral Arboles dispersos", "Pendiente": "26 a 36% 12 a 26%", "Cuerdas_asignadas": 5}}, {"type": "Feature", "geometry": {"type": "Point", "coordinates": [-91.1077915, 14.8192918]}, "properties": {"Fecha": "2026-02-05 10:06:00", "Proyecto": "2. BMZ", "Municipio_VMS": null, "Municipio_BMZ": "7. Otros--- Especificar", "Comunidad": "Churunel central", "Sector": "Barranco", "Participante": "Martina Solis", "Sexo": null, "Uso_suelo": "Arboles dispersos", "Pendiente": "36 a 55% 12 a 26%", "Cuerdas_asignadas": 1}}, {"type": "Feature", "geometry": {"type": "Point", "coordinates": [-91.1079037, 14.819593]}, "properties": {"Fecha": "2026-02-05 10:10:00", "Proyecto": "2. BMZ", "Municipio_VMS": null, "Municipio_BMZ": "7. Otros--- Especificar", "Comunidad": "Churunles", "Sector": "Barrranco", "Participante": "Cristina Zet Pechwr", "Sexo": null, "Uso_suelo": "Arboles dispersos Pastizal", "Pendiente": "36 a 55%", "Cuerdas_asignadas": 1}}, {"type": "Feature", "geometry": {"type": "Point", "coordinates": [-91.110397, 14.8164957]}, "properties": {"Fecha": "2026-02-05 10:26:00", "Proyecto": "2. BMZ", "Municipio_VMS": null, "Municipio_BMZ": null, "Comunidad": "Churunel", "Sector": "Barranco", "Participante": "Dina Elizabeth chacaj y mateo salazar", "Sexo": "Femenino", "Uso_suelo": "Pastizal", "Pendiente": "12 a 26%", "Cuerdas_asignadas": 2}}, {"type": "Feature", "geometry": {"type": "Point", "coordinates": [-91.1078327, 14.8140313]}, "properties": {"Fecha": "2026-02-05 10:35:00", "Proyecto": "2. BMZ", "Municipio_VMS": null, "Municipio_BMZ": null, "Comunidad": "Chirunel", "Sector": "Central", "Participante": "Rosenda Chiroy", "Sexo": "Femenino", "Uso_suelo": "Arbusto/Matorral", "Pendiente": "36 a 55% 26 a 36%", "Cuerdas_asignadas": 2}}, {"type": "Feature", "geometry": {"type": "Point", "coordinates": [-91.1071128, 14.8146396]}, "properties": {"Fecha": "2026-02-05 22:40:00", "Proyecto": "2. BMZ", "Municipio_VMS": null, "Municipio_BMZ": null, "Comunidad": "Churunel", "Sector": "Central", "Participante": "Juana Churunel", "Sexo": "Femenino", "Uso_suelo": "Suelo desnudo", "Pendiente": "12 a 26% 26 a 36%", "Cuerdas_asignadas": 1}}, {"type": "Feature", "geometry": {"type": "Point", "coordinates": [-91.1052921, 14.8165569]}, "properties": {"Fecha": "2026-02-01 10:51:00", "Proyecto": "2. BMZ", "Municipio_VMS": null, "Municipio_BMZ": "7. Otros--- Especificar", "Comunidad": "Pero", "Sector": "Central", "Participante": "Oralia chopen", "Sexo": "Femenino", "Uso_suelo": "Agricultura", "Pendiente": "12 a 26%", "Cuerdas_asignadas": 1}}, {"type": "Feature", "geometry": {"type": "Point", "coordinates": [-91.1053066, 14.8165963]}, "properties": {"Fecha": "2026-02-05 10:52:00", "Proyecto": "2. BMZ", "Municipio_VMS": null, "Municipio_BMZ": null, "Comunidad": null, "Sector": null, "Participante": "Cristina Zet Yaxon", "Sexo": null, "Uso_suelo": "Agricultura", "Pendiente": "12 a 26% 26 a 36%", "Cuerdas_asignadas": 1}}, {"type": "Feature", "geometry": {"type": "Point", "coordinates": [-91.1054428, 14.8164566]}, "properties": {"Fecha": "2026-02-05 10:55:00", "Proyecto": null, "Municipio_VMS": null, "Municipio_BMZ": null, "Comunidad": null, "Sector": null, "Participante": "Hermelida Zet Guarcax", "Sexo": null, "Uso_suelo": "Agricultura", "Pendiente": null, "Cuerdas_asignadas": 1}}, {"type": "Feature", "geometry": {"type": "Point", "coordinates": [-91.1027025, 14.815642]}, "properties": {"Fecha": "2026-02-05 11:05:00", "Proyecto": "2. BMZ", "Municipio_VMS": null, "Municipio_BMZ": "7. Otros--- Especificar", "Comunidad": "9", "Sector": null, "Participante": "Cecilia Huracan Baran", "Sexo": null, "Uso_suelo": "Pastizal", "Pendiente": "12 a 26%", "Cuerdas_asignadas": 1}}, {"type": "Feature", "geometry": {"type": "Point", "coordinates": [-91.1022417, 14.8157465]}, "properties": {"Fecha": "2026-02-05 11:09:00", "Proyecto": "2. BMZ", "Municipio_VMS": null, "Municipio_BMZ": "7. Otros--- Especificar", "Comunidad": null, "Sector": null, "Participante": "Florinda Sequec y Ana María", "Sexo": "Femenino", "Uso_suelo": "Pastizal Arboles dispersos", "Pendiente": "26 a 36% 36 a 55%", "Cuerdas_asignadas": 1}}, {"type": "Feature", "geometry": {"type": "Point", "coordinates": [-91.2938929, 14.7720465]}, "properties": {"Fecha": "2026-02-11 11:11:00", "Proyecto": "1. VMS", "Municipio_VMS": "3. Santa Lucía Utatlán", "Municipio_BMZ": null, "Comunidad": "Pamesabal", "Sector": "Pemsabal", "Participante": "Abraham Vásquez", "Sexo": "Masculino", "Uso_suelo": "Arboles dispersos", "Pendiente": "26 a 36% 36 a 55%", "Cuerdas_asignadas": 5}}, {"type": "Feature", "geometry": {"type": "Point", "coordinates": [-91.218823, 14.7895993]}, "properties": {"Fecha": "2026-02-19 11:33:00", "Proyecto": "1. VMS", "Municipio_VMS": "1. Sololá", "Municipio_BMZ": null, "Comunidad": "Ilucion", "Sector": "Ilucion", "Participante": "Abrham", "Sexo": null, "Uso_suelo": "Arboles dispersos Pastizal", "Pendiente": "12 a 26% 55 a 75%", "Cuerdas_asignadas": 2}}, {"type": "Feature", "geometry": {"type": "Point", "coordinates": [-91.2245726, 14.7891571]}, "properties": {"Fecha": "2026-02-19 11:46:00", "Proyecto": "1. VMS", "Municipio_VMS": "1. Sololá", "Municipio_BMZ": null, "Comunidad": "Ilucion", "Sector": "Ilucion", "Participante": "Mario", "Sexo": null, "Uso_suelo": "Enriquecimiento del bosque Pastizal", "Pendiente": null, "Cuerdas_asignadas": 3}}, {"type": "Feature", "geometry": {"type": "Point", "coordinates": [-91.2145633, 14.7837217]}, "properties": {"Fecha": "2026-02-19 12:03:00", "Proyecto": "1. VMS", "Municipio_VMS": "1. Sololá", "Municipio_BMZ": null, "Comunidad": "Ilucion", "Sector": "Ilucion", "Participante": "Emilio", "Sexo": "Masculino", "Uso_suelo": "Pastizal Agricultura", "Pendiente": "12 a 26% 26 a 36%", "Cuerdas_asignadas": 2}}]}