{"type":"FeatureCollection","features":[{"type":"Feature","geometry":{"type":"MultiPolygon","coordinates":[[[[-90.80942560696207,14.494810838859635],[-90.8116033323489,14.495164339945186],[-90.81633558977867,14.49705396185585],[-90.81650218258682,14.498331823494969],[-90.81720598631217,14.500067260694511],[-90.81633630754129,14.496980700719785],[-90.81160405156841,14.495091079029773],[-90.80942560696207,14.494810838859635]]],[[[-90.78627110934167,14.522419066934644],[-90.7863246130521,14.524247532202258],[-90.78627360375003,14.522406141102199],[-90.78627110934167,14.522419066934644]]],[[[-90.78521953324983,14.528298123779784],[-90.78558377648528,14.533693592203871],[-90.78811851394761,14.535777669953427],[-90.79210019403904,14.538052844997233],[-90.78811924300761,14.535704410451325],[-90.78558450627106,14.533620332814825],[-90.78521953324983,14.528298123779784]]]]},"properties":{"FID":0,"CODIGO":312,"OID_":36,"MUNICIPIOS":"Ciudad Vieja","AREA_KM2":35.748,"DEPARTAMEN":"SACATEPEQUEZ"},"id":0},{"type":"Feature","geometry":{"type":"Polygon","coordinates":[[[-90.83008091923436,14.55937783619477],[-90.83596390175455,14.560195874782039],[-90.84021460114516,14.562576600186656],[-90.84401148195843,14.56333677218706],[-90.8446742003949,14.563817267764327],[-90.85164506526905,14.564168312173134],[-90.85389661625597,14.563145330249638],[-90.85585175792897,14.559972425761888],[-90.85606869151586,14.55426252848127],[-90.85566560928018,14.553613888581875],[-90.85572657952721,14.551443546922465],[-90.85734604109746,14.545968999002753],[-90.85839787763143,14.544696635817793],[-90.85833502486868,14.542255205261537],[-90.86071779730486,14.5391380902149],[-90.8614645222088,14.538899808229903],[-90.8652730647405,14.535520048935032],[-90.86875139518673,14.53355361745121],[-90.87175960214188,14.532483076628575],[-90.8732751237458,14.519323309439617],[-90.87559831535197,14.504110566174829],[-90.8651793325888,14.505529576068097],[-90.85106403480702,14.505762193690357],[-90.84864821767668,14.505189993471642],[-90.84345522130995,14.501259122459114],[-90.83723325166335,14.498251642399484],[-90.830871007226,14.498181657999508],[-90.82738319693374,14.499074459100289],[-90.82231997063667,14.498709034777608],[-90.81935117664551,14.497147645146065],[-90.81633630754129,14.496980700719785],[-90.81720868175356,14.499998876368835],[-90.81700894149222,14.505121322213387],[-90.81575820543617,14.506579136082816],[-90.81188846216563,14.508864318110238],[-90.80676065559392,14.511214153661106],[-90.80243533374032,14.51212581950802],[-90.78826635333107,14.516772531969513],[-90.78714635560236,14.517883518192022],[-90.78627360375003,14.522406141102199],[-90.78632648287001,14.52431143166079],[-90.78522409849488,14.52828168229185],[-90.78558450627106,14.533620332814825],[-90.78811924300761,14.535704410451325],[-90.79210019403904,14.538052844997233],[-90.78700058830492,14.540053868722516],[-90.7880164287804,14.542771583718821],[-90.79423894958828,14.540850344588032],[-90.79794170699834,14.543088779169695],[-90.80177441439527,14.546147246948646],[-90.80594185028592,14.54614568350331],[-90.80950564135247,14.54674266763551],[-90.81367628299276,14.546595294560623],[-90.81772038713623,14.547584052461634],[-90.82052600594645,14.546102340538424],[-90.82441050441471,14.546283047861692],[-90.82730763514807,14.54753205583529],[-90.82900833786898,14.549647548958712],[-90.83008091923436,14.55937783619477]]]},"properties":{"FID":1,"CODIGO":313,"OID_":37,"MUNICIPIOS":"San Miguel Dueñas","AREA_KM2":44.781,"DEPARTAMEN":"SACATEPEQUEZ"},"id":1},{"type":"Feature","geometry":{"type":"Polygon","coordinates":[[[-90.81633630754129,14.496980700719785],[-90.81935117664551,14.497147645146065],[-90.82231997063667,14.498709034777608],[-90.82738319693374,14.499074459100289],[-90.830871007226,14.498181657999508],[-90.83723325166335,14.498251642399484],[-90.84345522130995,14.501259122459114],[-90.84864821767668,14.505189993471642],[-90.85106403480702,14.505762193690357],[-90.8651793325888,14.505529576068097],[-90.87559831535197,14.504110566174829],[-90.87643389496418,14.502685898003534],[-90.87666132167018,14.496216941161368],[-90.87726771110843,14.495054498121231],[-90.87852882194001,14.484294780163449],[-90.88060332128462,14.474226854947792],[-90.88082660336725,14.470670868310139],[-90.8771217030662,14.466410786233714],[-90.87102196994681,14.460888797664524],[-90.86400944179145,14.45679289159722],[-90.86101355379402,14.456261927644723],[-90.85859130063567,14.454778319415812],[-90.85673842315117,14.452968928015524],[-90.85348881377507,14.447784250683128],[-90.85048979285351,14.445364606518535],[-90.84779410018768,14.444252282188174],[-90.8454782552575,14.442333549135844],[-90.84394373905148,14.440403875144842],[-90.8431879768171,14.438126660341009],[-90.83958863382604,14.434767315305052],[-90.83552733733163,14.426092789400885],[-90.83268385882022,14.421540783920236],[-90.8298607967694,14.41854200156207],[-90.82868743980085,14.417940484098514],[-90.82536684904112,14.414925718934624],[-90.82553056907585,14.418056789724897],[-90.82340562899074,14.420786328474515],[-90.82175402848834,14.42419685815752],[-90.82003795157661,14.42545487081032],[-90.82028857526623,14.42910197961123],[-90.81998633170997,14.432271483752658],[-90.81820959309394,14.4340677139023],[-90.8152660575866,14.435147962857762],[-90.81453239430016,14.437002563481153],[-90.81312321190327,14.438439500229899],[-90.81275782922532,14.44041319439588],[-90.81312722537587,14.441309617252289],[-90.81331698763958,14.4453753705489],[-90.81258377745432,14.447588728923325],[-90.81099010667074,14.44878672105396],[-90.81056299834805,14.450521315528324],[-90.81105720170568,14.452912430269414],[-90.81382370494555,14.456675791871168],[-90.81382462789374,14.457333526023273],[-90.81308954424824,14.458231416239302],[-90.8131571870705,14.462715884662343],[-90.81169414590501,14.469653940530003],[-90.81169781635708,14.472284874559515],[-90.81078099077321,14.474917025794564],[-90.808882103766,14.477430876837307],[-90.80796976159996,14.48335168273322],[-90.80975742342628,14.489089558349109],[-90.80963659125983,14.490464979113911],[-90.80865730672335,14.492379674499386],[-90.8093924565196,14.494724444539424],[-90.81160405156841,14.495091079029773],[-90.81633630754129,14.496980700719785]]]},"properties":{"FID":2,"CODIGO":314,"OID_":38,"MUNICIPIOS":"Alotenango","AREA_KM2":90.15,"DEPARTAMEN":"SACATEPEQUEZ"},"id":2},{"type":"Feature","geometry":{"type":"Polygon","coordinates":[[[-90.78700058830492,14.540053868722516],[-90.78732771579699,14.541137381051493],[-90.78799627390254,14.54279339383456],[-90.78732844539819,14.541064121622135],[-90.78700058830492,14.540053868722516]]]},"properties":{"FID":3,"CODIGO":315,"OID_":39,"MUNICIPIOS":"San Antonio Aguas Calientes","AREA_KM2":5.151,"DEPARTAMEN":"SACATEPEQUEZ"},"id":3},{"type":"Feature","geometry":{"type":"Polygon","coordinates":[[[-90.78799627390254,14.54279339383456],[-90.79423822227574,14.540923604361597],[-90.79794098078943,14.543162039112536],[-90.80177368929058,14.54622050706182],[-90.80594112655534,14.546218943822057],[-90.80950491876588,14.546815928125957],[-90.81367556178895,14.546668555257028],[-90.81771966721476,14.547657313350285],[-90.82052528702653,14.546175601573676],[-90.82440978676624,14.546356309085882],[-90.82730691839055,14.547605317193137],[-90.82900762156355,14.549720810386244],[-90.83008091923436,14.55937783619477],[-90.82900833786898,14.549647548958712],[-90.82730763514807,14.54753205583529],[-90.82441050441471,14.546283047861692],[-90.82052600594645,14.546102340538424],[-90.81772038713623,14.547584052461634],[-90.81367628299276,14.546595294560623],[-90.80950564135247,14.54674266763551],[-90.80594185028592,14.54614568350331],[-90.80177441439527,14.546147246948646],[-90.79794170699834,14.543088779169695],[-90.79423894958828,14.540850344588032],[-90.78799627390254,14.54279339383456]]]},"properties":{"FID":4,"CODIGO":316,"OID_":40,"MUNICIPIOS":"Santa Catarina Barahona","AREA_KM2":10.552,"DEPARTAMEN":"SACATEPEQUEZ"},"id":4},{"type":"Feature","geometry":{"type":"Polygon","coordinates":[[[-90.8149885888793,14.626182565029323],[-90.81844789319145,14.624594836848045],[-90.8264085764408,14.633276990160212],[-90.82728839369884,14.63357773501645],[-90.8283584166974,14.634825624862515],[-90.82995614920807,14.635436889957987],[-90.83118802992396,14.636861345919673],[-90.83587386639569,14.639953431063004],[-90.8382100178497,14.642283805057135],[-90.8427189195889,14.648720795855832],[-90.84531582281475,14.650680807864687],[-90.85093367085547,14.652116411723869],[-90.85353060740835,14.653430277796463],[-90.85611646992191,14.655885930214447],[-90.85776779271384,14.655783684361799],[-90.8604816520682,14.656356480757713],[-90.86505223953178,14.655267868978996],[-90.86643122400584,14.655314414209501],[-90.87018391453731,14.658361200530292],[-90.87095968211382,14.659722730274392],[-90.87018462274334,14.658287937794377],[-90.86643193330505,14.655241151634192],[-90.86505294928689,14.65519460646944],[-90.86048236339727,14.65628321847441],[-90.85776850491573,14.65571042220528],[-90.85611718267776,14.65581266813818],[-90.8535313208986,14.653357015829277],[-90.8509343851416,14.652043149873727],[-90.84531653889395,14.65060754627706],[-90.8427196364305,14.648647534381666],[-90.83821073585922,14.642210543761163],[-90.83587458506125,14.639880169865927],[-90.831188749986,14.636788084931199],[-90.8299568696057,14.635363629020608],[-90.82835913759375,14.634752363999164],[-90.82728911488599,14.633504474197505],[-90.82640929790436,14.633203729382263],[-90.81844861684739,14.624521576405002],[-90.8149885888793,14.626182565029323]]]},"properties":{"FID":5,"CODIGO":401,"OID_":41,"MUNICIPIOS":"Chimaltenango","AREA_KM2":49.092,"DEPARTAMEN":"CHIMALTENANGO"},"id":5},{"type":"Feature","geometry":{"type":"MultiPolygon","coordinates":[[[[-90.92378760625706,14.792937184806012],[-90.92402560702288,14.795193860769809],[-90.92528412668509,14.797080201564661],[-90.9257777057803,14.797123049755958],[-90.9297558426699,14.801453280092163],[-90.93585519898552,14.811819666702766],[-90.92975653809984,14.80138001544976],[-90.92577840233292,14.797049785271222],[-90.9252848234013,14.797006937102736],[-90.92402630406863,14.79512059635454],[-90.92378760625706,14.792937184806012]]],[[[-90.9343510661203,14.814864763397438],[-90.9346394086425,14.816720908669549],[-90.93744628715513,14.820730661416544],[-90.93464010318101,14.816647643897227],[-90.9343510661203,14.814864763397438]]],[[[-90.93425497392371,14.828545881001485],[-90.93431760470295,14.829286627754698],[-90.93426099946753,14.828535659020153],[-90.93425497392371,14.828545881001485]]],[[[-90.93380061975198,14.83035695213555],[-90.93426471623165,14.835471103354905],[-90.93676815832538,14.839086610245968],[-90.94187385754596,14.843754418992685],[-90.94485566771745,14.850223959212688],[-90.94600967356602,14.854369499918455],[-90.94761838844241,14.866714821583622],[-90.9460103661179,14.854296234859344],[-90.94485636045603,14.850150694180524],[-90.94187455097324,14.843681154057144],[-90.93676885324348,14.839013345517],[-90.9342654118153,14.835397838719052],[-90.93380061975198,14.83035695213555]]],[[[-90.9473911389479,14.873766896235928],[-90.94789371629558,14.880797084743167],[-90.95001603746798,14.888247265084127],[-90.95033937085083,14.891454639080523],[-90.95122926410373,14.893030389593937],[-90.952425722915,14.896905912315724],[-90.9512299567771,14.892957124540613],[-90.95034006374823,14.891381374058112],[-90.95001673031851,14.888174000056152],[-90.94789440950011,14.880723819765453],[-90.9473911389479,14.873766896235928]]]]},"properties":{"FID":6,"CODIGO":402,"OID_":42,"MUNICIPIOS":"San José Poaquil","AREA_KM2":96.589,"DEPARTAMEN":"CHIMALTENANGO"},"id":6},{"type":"Feature","geometry":{"type":"MultiPolygon","coordinates":[[[[-90.94146270171636,14.728573079792064],[-90.9417369579829,14.731440034688923],[-90.9428680039495,14.7364161074227],[-90.94173764597178,14.731366769048126],[-90.94146270171636,14.728573079792064]]],[[[-90.93060306784855,14.755835790274679],[-90.93093343419282,14.757355709293265],[-90.9332350427523,14.759706535526387],[-90.93532289410983,14.776092150215904],[-90.93706901195746,14.781295713758892],[-90.93778354964338,14.782734284161666],[-90.9353235864283,14.776018885154429],[-90.93323573496724,14.759633270458067],[-90.93093412706298,14.75728244431697],[-90.93060306784855,14.755835790274679]]]]},"properties":{"FID":7,"CODIGO":404,"OID_":44,"MUNICIPIOS":"Comalapa","AREA_KM2":85.754,"DEPARTAMEN":"CHIMALTENANGO"},"id":7},{"type":"Feature","geometry":{"type":"Polygon","coordinates":[[[-90.94739299105514,14.873709845333936],[-90.94789440950011,14.880723819765453],[-90.95001673031851,14.888174000056152],[-90.95034006374823,14.891381374058112],[-90.9512299567771,14.892957124540613],[-90.95243808982514,14.896870461914817],[-90.95350860807403,14.893222595387046],[-90.9554052621174,14.890335491478664],[-90.95570948014434,14.889051665743061],[-90.96302145148843,14.878177164812042],[-90.96441004891126,14.87240736558241],[-90.96517300739417,14.866034470989643],[-90.9645898053355,14.863702440871206],[-90.96406102889715,14.855316535606649],[-90.96313604410875,14.851353803369852],[-90.96403298961697,14.849632422088346],[-90.96424094336462,14.848073234080319],[-90.96562161417238,14.846776319478211],[-90.96613011545172,14.845548485217433],[-90.97031797004736,14.840215635454626],[-90.97061640568955,14.839281874746955],[-90.97390689559361,14.835270492406906],[-90.97538250867288,14.832490107277824],[-90.97886579513377,14.827702060642311],[-90.98932765373446,14.809477878327211],[-90.99171184356004,14.802865876118666],[-90.9915618763637,14.79771713799006],[-90.9908306258053,14.794545722233028],[-90.98845299875875,14.788807132456473],[-90.98700277397545,14.786499203947422],[-90.98324180853866,14.783305833662954],[-90.98062192925937,14.782016676092214],[-90.97941203707555,14.780911538987784],[-90.97509377033954,14.780003921295492],[-90.95009425709989,14.783197771528915],[-90.94514791915171,14.782617232651836],[-90.94152327403168,14.783700899450357],[-90.93958421371967,14.783493823733684],[-90.93781019845433,14.78271327753556],[-90.93118419263307,14.788008901697575],[-90.93042253432276,14.788142128233833],[-90.92955405360667,14.78913396689361],[-90.9237954822135,14.792931990463767],[-90.92402630406863,14.79512059635454],[-90.9252848234013,14.797006937102736],[-90.92577840233292,14.797049785271222],[-90.92975653809984,14.80138001544976],[-90.93586029421155,14.811754167206068],[-90.93575317955943,14.813195470540627],[-90.93436119582995,14.81485223610817],[-90.93464010318101,14.816647643897227],[-90.93745293281759,14.82074015482294],[-90.93704996035758,14.824241474344221],[-90.93426099946753,14.828535659020153],[-90.93432283221321,14.829348454294726],[-90.9338068685651,14.830344884474894],[-90.9342654118153,14.835397838719052],[-90.93676885324348,14.839013345517],[-90.94187455097324,14.843681154057144],[-90.94485636045603,14.850150694180524],[-90.9460103661179,14.854296234859344],[-90.94762043064756,14.866651912682366],[-90.94739299105514,14.873709845333936]]]},"properties":{"FID":8,"CODIGO":405,"OID_":45,"MUNICIPIOS":"Santa Apolonia","AREA_KM2":46.144,"DEPARTAMEN":"CHIMALTENANGO"},"id":8},{"type":"Feature","geometry":{"type":"Polygon","coordinates":[[[-90.94098922470579,14.9242445597007],[-90.9429284312348,14.924413477926372],[-90.94389955799086,14.925697445391883],[-90.94526614230992,14.925830588807726],[-90.94985111086508,14.922716963751196],[-90.95140455492293,14.922192097706047],[-90.95430252540943,14.924130333897095],[-90.95776997724766,14.924447095591198],[-90.96283344533022,14.925701989042864],[-90.96448349369669,14.926946749411954],[-90.96583953228782,14.929377160213955],[-90.97085092966768,14.93260925837794],[-90.97246422051676,14.932953401175016],[-90.97302230561945,14.934947474658669],[-90.97365116733731,14.935403737773482],[-90.97510633635159,14.935702409617004],[-90.97816181593792,14.935378173902514],[-90.98458130452157,14.935528625295715],[-90.9893985668805,14.934142172122822],[-90.99030893526555,14.934687845780727],[-90.99068695595437,14.936637387928284],[-90.99319907847179,14.936340928805423],[-90.9963157109608,14.938005002607062],[-90.99902735948257,14.93805587175124],[-90.99969773396418,14.93654587417383],[-91.0014035104314,14.93550578749643],[-91.00228480523535,14.933106401068299],[-91.0030110776822,14.932771618044619],[-91.0056757348868,14.933124714854218],[-91.00779752447137,14.932318636464561],[-91.01018186137341,14.932394752403864],[-91.01485200825881,14.931132962926792],[-91.01715191740283,14.924264807441231],[-91.02113471459099,14.917670968826089],[-91.02801813869226,14.909513852717467],[-91.02908794034946,14.90658503198316],[-91.02934220726208,14.903950666354026],[-91.0269921461371,14.899537468607345],[-91.0262051130719,14.884751285659744],[-91.02497449456138,14.880481196306498],[-91.03098838944213,14.874997960063357],[-91.03287752308252,14.872813736524092],[-91.03919021960344,14.864677132705681],[-91.04116829015096,14.861432896075257],[-91.04194253238495,14.859222115570287],[-91.04273736490761,14.858461899856541],[-91.0452053923487,14.84687232277239],[-91.04486780028115,14.843687879375986],[-91.03991940478532,14.833011761653403],[-91.03601557414969,14.830932772001416],[-91.02571799106109,14.83292191849323],[-91.02350196659748,14.8327142443471],[-91.020228014692,14.827791612252923],[-91.01983242631037,14.8253247433611],[-91.02109377127857,14.823309126456838],[-91.02437079172489,14.821554800487375],[-91.02578606605125,14.8214449501957],[-91.03219582344687,14.817694261909406],[-91.04977517879844,14.809614734580364],[-91.057069663236,14.807871280225688],[-91.07039551038473,14.806896612462134],[-91.07233132630307,14.80588148251063],[-91.07554614854303,14.795118276876437],[-91.07753493984595,14.790512477249896],[-91.07877143127922,14.78556375807557],[-91.0794036968059,14.784693570786475],[-91.08245085216764,14.773434006926092],[-91.0843999417678,14.769406140172613],[-91.08571112228792,14.761722014228571],[-91.08681549286729,14.757828308183306],[-91.08690528979754,14.755656780760855],[-91.0860627453848,14.754038960123092],[-91.0810462540332,14.748940038491416],[-91.0775682963853,14.746981751940318],[-91.0761306951829,14.745327325323881],[-91.07561694754688,14.743886174394738],[-91.07550427773756,14.740922242847642],[-91.0768153856473,14.738736034137263],[-91.08289738044763,14.733726927174297],[-91.08401351596179,14.731988641067533],[-91.08502487786825,14.725566045051131],[-91.08469911574774,14.723993168586619],[-91.08262368355228,14.720493353620599],[-91.0790028891345,14.717132087170711],[-91.07803657198133,14.71462534199764],[-91.07634899747846,14.712247034904903],[-91.07519034431971,14.704479161761519],[-91.07363000932666,14.704541884460728],[-91.07164043724254,14.70590686929444],[-91.06833774704015,14.707262024444915],[-91.06461013100997,14.710013173765326],[-91.0602073688523,14.712192663773841],[-91.05883701896583,14.712355146773433],[-91.05697463174566,14.711790543978202],[-91.05391163045209,14.711946707449723],[-91.051662233625,14.712817935692597],[-91.04971476524297,14.713863381256587],[-91.04751447332238,14.716320945371821],[-91.04515830851126,14.7201146194777],[-91.03504948965367,14.72178107502709],[-91.02977371855657,14.725998209538119],[-91.02543554038145,14.726931567926579],[-91.01467616305182,14.72695701863368],[-91.00579591337367,14.728768216342438],[-90.99584914352126,14.728841573554579],[-90.9944034472578,14.72764977639622],[-90.99421329436906,14.724139674429768],[-90.99486292436761,14.716618946758729],[-90.99611058317494,14.708923778972208],[-90.99422652704456,14.705931047708857],[-90.99326275436978,14.705609815265584],[-90.99026715469665,14.70279155520641],[-90.98992753587773,14.697673905747585],[-90.99074976565231,14.69341801897644],[-90.98816116869541,14.6900192886553],[-90.98171914659196,14.6891263293489],[-90.98132456805399,14.688751267722713],[-90.9765886318636,14.689097456841198],[-90.97391405058045,14.689834314095682],[-90.97088755385299,14.689534511156763],[-90.97009389902077,14.688773021554194],[-90.96948264553988,14.686543566280617],[-90.96744285232552,14.683636295010102],[-90.96570996410247,14.68230404584283],[-90.96438047395331,14.682648202530938],[-90.96181613355687,14.684643088969816],[-90.96024955972084,14.687339129498076],[-90.95881359024094,14.688587087934783],[-90.95839969218827,14.695044498255275],[-90.95909029051982,14.698902355120804],[-90.95988964470983,14.710791171986928],[-90.96054461764554,14.711618124554134],[-90.96086371261532,14.713497121767181],[-90.9606301910443,14.71708351145303],[-90.95994420051576,14.718779705412643],[-90.9552061394315,14.720842275033128],[-90.95030540371707,14.721426976852257],[-90.94815503458621,14.72085106641843],[-90.94275020329647,14.717766901742262],[-90.94229332409537,14.718593056725359],[-90.94146628262385,14.728530056406191],[-90.94287062400409,14.736351342328206],[-90.9427422167075,14.739581669530894],[-90.94134601470128,14.741673580576386],[-90.94066232428402,14.741803037475771],[-90.9393502390514,14.743400943323921],[-90.93797123497643,14.745817154281024],[-90.93795259358313,14.746625737588209],[-90.9372180821803,14.746911736262978],[-90.9353965174121,14.749480982346755],[-90.93424428458792,14.750120171509945],[-90.93409005390816,14.750842823796916],[-90.93322884460255,14.750961631596105],[-90.93081615210428,14.754169378802594],[-90.93060922291522,14.755787655300349],[-90.93093412706298,14.75728244431697],[-90.93323573496724,14.759633270458067],[-90.9353235864283,14.776018885154429],[-90.93781019845433,14.78271327753556],[-90.93958421371967,14.783493823733684],[-90.94152327403168,14.783700899450357],[-90.94514791915171,14.782617232651836],[-90.95009425709989,14.783197771528915],[-90.97509377033954,14.780003921295492],[-90.97941203707555,14.780911538987784],[-90.98062192925937,14.782016676092214],[-90.98324180853866,14.783305833662954],[-90.98700277397545,14.786499203947422],[-90.98845299875875,14.788807132456473],[-90.9908306258053,14.794545722233028],[-90.9915618763637,14.79771713799006],[-90.99171184356004,14.802865876118666],[-90.98932765373446,14.809477878327211],[-90.97886579513377,14.827702060642311],[-90.97538250867288,14.832490107277824],[-90.97390689559361,14.835270492406906],[-90.97061640568955,14.839281874746955],[-90.97031797004736,14.840215635454626],[-90.96613011545172,14.845548485217433],[-90.96562161417238,14.846776319478211],[-90.96424094336462,14.848073234080319],[-90.96403298961697,14.849632422088346],[-90.96313604410875,14.851353803369852],[-90.96406102889715,14.855316535606649],[-90.9645898053355,14.863702440871206],[-90.96517300739417,14.866034470989643],[-90.96441004891126,14.87240736558241],[-90.96302145148843,14.878177164812042],[-90.95570948014434,14.889051665743061],[-90.9554052621174,14.890335491478664],[-90.95350860807403,14.893222595387046],[-90.95193537778607,14.898382782418985],[-90.95121557543317,14.905345558818077],[-90.94471547098742,14.915934227191663],[-90.9428157763527,14.917571912594896],[-90.94279351329939,14.918386100356162],[-90.94160137655732,14.919884423434214],[-90.94098922470579,14.9242445597007]]]},"properties":{"FID":9,"CODIGO":406,"OID_":46,"MUNICIPIOS":"Tecpán Guatemala","AREA_KM2":247.906,"DEPARTAMEN":"CHIMALTENANGO"},"id":9},{"type":"Feature","geometry":{"type":"Polygon","coordinates":[[[-90.98816116869541,14.6900192886553],[-90.99074976565231,14.69341801897644],[-90.98992753587773,14.697673905747585],[-90.99026715469665,14.70279155520641],[-90.99326275436978,14.705609815265584],[-90.99422652704456,14.705931047708857],[-90.99611058317494,14.708923778972208],[-90.99486292436761,14.716618946758729],[-90.99421329436906,14.724139674429768],[-90.9944034472578,14.72764977639622],[-90.99584914352126,14.728841573554579],[-91.00579591337367,14.728768216342438],[-91.01467616305182,14.72695701863368],[-91.02543554038145,14.726931567926579],[-91.02977371855657,14.725998209538119],[-91.03504948965367,14.72178107502709],[-91.04515830851126,14.7201146194777],[-91.04751447332238,14.716320945371821],[-91.04971476524297,14.713863381256587],[-91.051662233625,14.712817935692597],[-91.05391163045209,14.711946707449723],[-91.05697463174566,14.711790543978202],[-91.05883701896583,14.712355146773433],[-91.0602073688523,14.712192663773841],[-91.06461013100997,14.710013173765326],[-91.06833774704015,14.707262024444915],[-91.07164043724254,14.70590686929444],[-91.07363000932666,14.704541884460728],[-91.07519034431971,14.704479161761519],[-91.07591377958362,14.6973436832037],[-91.07654327122542,14.69470219295189],[-91.07746084192519,14.693751878429879],[-91.07831615863918,14.684587527374461],[-91.0790966103071,14.682921011480312],[-91.07970770958937,14.682508104518945],[-91.0797002965724,14.681961303300366],[-91.0814981680746,14.679659300489135],[-91.08581762139463,14.67588583392794],[-91.08742634848245,14.673436488754877],[-91.08745654459233,14.672632439496413],[-91.08827459815609,14.671967040078842],[-91.08944229148936,14.668652133898165],[-91.0900396178152,14.668080931333108],[-91.09130384897732,14.662657771238651],[-91.09396411420228,14.657675307558765],[-91.0959686632665,14.655448268045578],[-91.09855640507121,14.651182454206971],[-91.09975554678644,14.648895692729601],[-91.10322242889862,14.639521955737331],[-91.10390120424096,14.639179555488477],[-91.10402127857984,14.638370577681725],[-91.10707448541032,14.634844944629874],[-91.11065200252767,14.627454461953732],[-91.11227799429643,14.615980214700782],[-91.11195721856801,14.613060854488989],[-91.11419966353687,14.597484125602575],[-91.10531250807492,14.593386067721468],[-91.10449282363119,14.592658696316496],[-91.10180239102729,14.592032472305258],[-91.09125142726998,14.58662921298079],[-91.08834344741494,14.585621507267213],[-91.0804895829175,14.58394170402592],[-91.0730445053231,14.58295523046281],[-91.06109455625038,14.583415502220177],[-91.06042348327757,14.583886633118626],[-91.05577651614493,14.584721194209605],[-91.04848910482704,14.58771376921461],[-91.04499351785618,14.589570987132914],[-91.04255166732874,14.592479616233973],[-91.04175886931246,14.595623458941535],[-91.04130593069345,14.604007028638671],[-91.03999326330249,14.606246189871868],[-91.03925633768813,14.609094520732693],[-91.03833367087331,14.610190389552695],[-91.03651283339735,14.610469891692436],[-91.0320279642507,14.609967814677868],[-91.02642119196567,14.606757538653664],[-91.02145568375902,14.60164468898714],[-91.01723787411737,14.596286214480225],[-91.01396730136226,14.593065034858961],[-91.0108556359265,14.589402371514973],[-91.01087300899282,14.588824168605006],[-91.00813093687138,14.586508844220903],[-91.00430826460656,14.584026123377571],[-91.00301249525259,14.582566910007795],[-91.00144983516775,14.584016364283114],[-90.99694372936706,14.585811080736736],[-90.99378882596925,14.587862433682064],[-90.98956420213706,14.589684260603967],[-90.98840984159145,14.590798250837603],[-90.98762182047797,14.590911193960649],[-90.9871551415618,14.59159282786417],[-90.98165643572595,14.594919395860941],[-90.97538867561725,14.600005794646215],[-90.9734736327713,14.600636412355954],[-90.96696914748412,14.599384740149507],[-90.96204838952214,14.597593247488174],[-90.96026847561612,14.596336304386758],[-90.9576803792029,14.598508407891531],[-90.95762665613925,14.599302019664199],[-90.956395385112,14.601312024116595],[-90.9558043779153,14.603950017696542],[-90.95685486355107,14.61472957937277],[-90.95729031351526,14.61537159914232],[-90.95781980898435,14.619080066688154],[-90.9588474595908,14.620350789639492],[-90.95957153416255,14.622400508268024],[-90.9604933900996,14.627718646316875],[-90.95931394506708,14.630817995051101],[-90.95927919935394,14.632443129409381],[-90.95880063587762,14.633072617606297],[-90.95663813104848,14.64341508347437],[-90.95688388911115,14.652326059884006],[-90.95843750212549,14.653881551385407],[-90.96054569893539,14.654499847076869],[-90.96245023191241,14.654120067408096],[-90.9643044569461,14.65190090486756],[-90.96596147059473,14.651875869692706],[-90.96772011697016,14.654795352381635],[-90.9683324006699,14.65879371127384],[-90.97006475142157,14.660546115289852],[-90.98061338416366,14.665027511694992],[-90.98754344394466,14.666971763002703],[-90.99304590953784,14.667639495643368],[-90.99507679550577,14.669449671572362],[-90.99506535749245,14.671342745901],[-90.99426613875858,14.67239764955155],[-90.99446593716603,14.67511149087595],[-90.99667909294595,14.678958738735204],[-90.99675292584116,14.68161840363631],[-90.99339675221512,14.683881326886418],[-90.99013698838381,14.685047083414469],[-90.98945720679747,14.68591209798321],[-90.98816116869541,14.6900192886553]]]},"properties":{"FID":10,"CODIGO":407,"OID_":47,"MUNICIPIOS":"Patzún","AREA_KM2":184.19,"DEPARTAMEN":"CHIMALTENANGO"},"id":10},{"type":"Feature","geometry":{"type":"Polygon","coordinates":[[[-91.00301249525259,14.582566910007795],[-91.00430826460656,14.584026123377571],[-91.00813093687138,14.586508844220903],[-91.01087300899282,14.588824168605006],[-91.0108556359265,14.589402371514973],[-91.01396730136226,14.593065034858961],[-91.01723787411737,14.596286214480225],[-91.02145568375902,14.60164468898714],[-91.02642119196567,14.606757538653664],[-91.0320279642507,14.609967814677868],[-91.03651283339735,14.610469891692436],[-91.03833367087331,14.610190389552695],[-91.03925633768813,14.609094520732693],[-91.03999326330249,14.606246189871868],[-91.04130593069345,14.604007028638671],[-91.04175886931246,14.595623458941535],[-91.04255166732874,14.592479616233973],[-91.04499351785618,14.589570987132914],[-91.04848910482704,14.58771376921461],[-91.05577651614493,14.584721194209605],[-91.06042348327757,14.583886633118626],[-91.06109455625038,14.583415502220177],[-91.0730445053231,14.58295523046281],[-91.0804895829175,14.58394170402592],[-91.08834344741494,14.585621507267213],[-91.09125142726998,14.58662921298079],[-91.10180239102729,14.592032472305258],[-91.10449282363119,14.592658696316496],[-91.10531250807492,14.593386067721468],[-91.11419966353687,14.597484125602575],[-91.11524822746111,14.594974594001393],[-91.1164756149751,14.589440147584208],[-91.11727404140319,14.580526807900155],[-91.11737063480109,14.577007569728085],[-91.11625576841227,14.569522507845575],[-91.11600135312706,14.554613476124498],[-91.11610125292871,14.541879618479944],[-91.11689696677625,14.534608738049906],[-91.11762474824049,14.530078991343109],[-91.11906132795659,14.5259943651507],[-91.12149770469796,14.523526378937165],[-91.12421498822869,14.52177568844224],[-91.12489459762709,14.521698657678776],[-91.1249938933083,14.519960893044962],[-91.1246604270196,14.516185136920205],[-91.12410643687792,14.515393327681537],[-91.12242131210111,14.514940404005504],[-91.12367969420721,14.510509749204855],[-91.12366679175693,14.507567990508445],[-91.12207162017219,14.505117409280945],[-91.12107524279892,14.501857124051629],[-91.12050704030732,14.498149528332632],[-91.11904403095636,14.496261438993821],[-91.11925129827486,14.492996100928279],[-91.11992620899731,14.490783967620821],[-91.11960340552955,14.487677058086447],[-91.12129571526653,14.48491160987386],[-91.12129768687697,14.482887260005699],[-91.12178049370816,14.481383009162517],[-91.12432229408863,14.478580257889337],[-91.12456740187758,14.476453910778634],[-91.12387578241588,14.473906635584825],[-91.12418927956716,14.470952785164188],[-91.12653983596442,14.467364472834834],[-91.1271365542429,14.463187170506668],[-91.1284446096123,14.45913187588406],[-91.11752806686928,14.457000130993913],[-91.11559240013585,14.457166521382527],[-91.10842080067906,14.456241429635952],[-91.10592741932456,14.455463379805593],[-91.10159672284466,14.453240351627391],[-91.09554722696984,14.453845574456757],[-91.09596973063948,14.455348047522767],[-91.09519767842278,14.458475467322911],[-91.09655857633747,14.463386926338643],[-91.09599172467735,14.465898085544652],[-91.09462553851424,14.466841584090378],[-91.09277717927888,14.466956518614502],[-91.08916074823897,14.468304221019384],[-91.08807988569596,14.469769635006138],[-91.08483598635115,14.472146010087151],[-91.08380989215549,14.474586730901445],[-91.08287587667311,14.474537321543341],[-91.08175436314934,14.473371416781797],[-91.07731342029352,14.471561610402155],[-91.07400245996905,14.471684764827451],[-91.07326167075375,14.471144377908546],[-91.07267329956913,14.469332130549212],[-91.07007202041713,14.469371805697838],[-91.06971733491916,14.468156790626677],[-91.0690931027932,14.467815036245938],[-91.0674993509399,14.468249285685447],[-91.06404315959635,14.47048918282288],[-91.06105735929786,14.470685998643859],[-91.06052340880922,14.471162819281519],[-91.06057968279154,14.472225139918383],[-91.06163286244322,14.47370234770094],[-91.06190582297259,14.475178773143602],[-91.06043201617207,14.476879147363784],[-91.0602731207849,14.478687509400203],[-91.05877293599688,14.478617516060018],[-91.05849088769145,14.479521152618453],[-91.05931172043893,14.481054065461821],[-91.05692595996634,14.484156658811024],[-91.05623886207563,14.486437350323977],[-91.05561202826047,14.487255664239365],[-91.05328977655606,14.488514046144576],[-91.05150156822981,14.490019704340282],[-91.05107165324613,14.492116114902643],[-91.04878940946823,14.491974040438325],[-91.04676508682645,14.490448037242407],[-91.04598327122255,14.490357943592077],[-91.0412780376321,14.491518419225546],[-91.04014944631278,14.493353678026512],[-91.03886699081646,14.493632156621896],[-91.03776622451238,14.495529759675614],[-91.03753586722836,14.496277902834551],[-91.03843755965913,14.498030698206076],[-91.03830175283656,14.498640685915369],[-91.03604891847733,14.498972037130661],[-91.03468383955732,14.498491823245208],[-91.03339325567991,14.499687447002579],[-91.0319802323183,14.500041604479927],[-91.03459440295518,14.505016870855373],[-91.0354168398141,14.510102512408936],[-91.03524549632351,14.511715300456894],[-91.03442187657086,14.513004071884271],[-91.03464903783427,14.51597121459191],[-91.0361322228746,14.517533473377261],[-91.03614777710465,14.51833337018738],[-91.03834545091989,14.520402020056828],[-91.04232751311986,14.525595402414206],[-91.04410095877041,14.528712143923215],[-91.04469147971118,14.531054256013794],[-91.04543108595954,14.531872621792525],[-91.04505497045982,14.535346456299004],[-91.04437231854803,14.536159732898007],[-91.04241138948603,14.541618615008852],[-91.04038821744075,14.550832919219804],[-91.0385494387057,14.553987214224527],[-91.03737029794452,14.555131792533597],[-91.03737650095088,14.55567631846173],[-91.0333879604594,14.558901756524524],[-91.02911834092508,14.560136629928781],[-91.0198157185518,14.561777316584648],[-91.01774490716723,14.562560661825898],[-91.00843737057151,14.564023482859069],[-91.00751436606282,14.564584937020784],[-91.00501158556081,14.564582801614602],[-91.00368370832429,14.565541789164062],[-91.0032270635403,14.568470311944878],[-91.00301249525259,14.582566910007795]]]},"properties":{"FID":11,"CODIGO":408,"OID_":48,"MUNICIPIOS":"Pochuta","AREA_KM2":129.509,"DEPARTAMEN":"CHIMALTENANGO"},"id":11},{"type":"Feature","geometry":{"type":"Polygon","coordinates":[[[-90.9386088705554,14.678859820436085],[-90.93933775041994,14.68249613363738],[-90.94015573688172,14.683246633055557],[-90.94483666133901,14.684733947885473],[-90.94593318313888,14.685979379117885],[-90.94719409364434,14.689690936093813],[-90.9519541240549,14.693419855874406],[-90.95839969218827,14.695044498255275],[-90.95881359024094,14.688587087934783],[-90.96024955972084,14.687339129498076],[-90.96181613355687,14.684643088969816],[-90.96438047395331,14.682648202530938],[-90.96570996410247,14.68230404584283],[-90.96744285232552,14.683636295010102],[-90.96948264553988,14.686543566280617],[-90.97009389902077,14.688773021554194],[-90.97088755385299,14.689534511156763],[-90.97391405058045,14.689834314095682],[-90.9765886318636,14.689097456841198],[-90.98132456805399,14.688751267722713],[-90.98171914659196,14.6891263293489],[-90.98816116869541,14.6900192886553],[-90.98945720679747,14.68591209798321],[-90.99013698838381,14.685047083414469],[-90.99339675221512,14.683881326886418],[-90.99675292584116,14.68161840363631],[-90.99667909294595,14.678958738735204],[-90.99446593716603,14.67511149087595],[-90.99426613875858,14.67239764955155],[-90.99506535749245,14.671342745901],[-90.99507679550577,14.669449671572362],[-90.99304590953784,14.667639495643368],[-90.98754344394466,14.666971763002703],[-90.98061338416366,14.665027511694992],[-90.97006475142157,14.660546115289852],[-90.9683324006699,14.65879371127384],[-90.96772011697016,14.654795352381635],[-90.96596147059473,14.651875869692706],[-90.9643044569461,14.65190090486756],[-90.96245023191241,14.654120067408096],[-90.96054569893539,14.654499847076869],[-90.95843750212549,14.653881551385407],[-90.95688388911115,14.652326059884006],[-90.95663813104848,14.64341508347437],[-90.95880063587762,14.633072617606297],[-90.95927919935394,14.632443129409381],[-90.95931394506708,14.630817995051101],[-90.9604933900996,14.627718646316875],[-90.95957153416255,14.622400508268024],[-90.9588474595908,14.620350789639492],[-90.95781980898435,14.619080066688154],[-90.95729031351526,14.61537159914232],[-90.95685486355107,14.61472957937277],[-90.9558043779153,14.603950017696542],[-90.956395385112,14.601312024116595],[-90.95762665613925,14.599302019664199],[-90.9576803792029,14.598508407891531],[-90.96026847561612,14.596336304386758],[-90.95619792829923,14.594936181251478],[-90.94565435816553,14.589068194545014],[-90.94295545945045,14.585747265302407],[-90.94168137801347,14.580877829799377],[-90.93934507312004,14.578554073600452],[-90.93519579416169,14.577378853212227],[-90.93139336167893,14.578127993546435],[-90.92934729352025,14.579388515164123],[-90.927194071616,14.579826885265824],[-90.92476631341553,14.58109526699402],[-90.9201755213406,14.582049560739545],[-90.91278882617553,14.584495756438502],[-90.90736235694347,14.587590679667139],[-90.90570571621517,14.587571308944073],[-90.90412721605458,14.589712287852112],[-90.90362188243915,14.59261402625693],[-90.9018689500656,14.59644770695152],[-90.90189080210749,14.600504034944054],[-90.90258966536837,14.601969666285385],[-90.90680598792365,14.606131450939868],[-90.9079878894898,14.610184644843871],[-90.90774820135753,14.613694202569059],[-90.90525903018272,14.618331147763076],[-90.90124761699218,14.62280411949208],[-90.90107453323444,14.62441664966746],[-90.90713015847335,14.630200099398184],[-90.91205940214637,14.635887480853418],[-90.91559333174187,14.642181279764838],[-90.91658194924217,14.647135224520987],[-90.91647512921425,14.648165434676807],[-90.91685515676008,14.648548458941594],[-90.91605190492807,14.65191083373123],[-90.91638627477481,14.656176502913604],[-90.9182897499305,14.659966194048682],[-90.91867345554657,14.662640973273177],[-90.91960022381167,14.664265631804323],[-90.9208581558026,14.669218599187177],[-90.92167673774036,14.67032383154661],[-90.93439741491686,14.669592397594416],[-90.93738652862282,14.671240982277393],[-90.93729998486644,14.67175030335499],[-90.93844274004803,14.673248521913187],[-90.93897849655194,14.675077490426338],[-90.9386088705554,14.678859820436085]]]},"properties":{"FID":12,"CODIGO":409,"OID_":49,"MUNICIPIOS":"Patzicía","AREA_KM2":64.744,"DEPARTAMEN":"CHIMALTENANGO"},"id":12},{"type":"Feature","geometry":{"type":"MultiPolygon","coordinates":[[[[-90.93737344876524,14.671307412927744],[-90.93439741491686,14.669592397594416],[-90.9216527717013,14.670365672295041],[-90.93439672750031,14.669665663284482],[-90.93737344876524,14.671307412927744]]],[[[-90.93728837812034,14.671809252036027],[-90.93844205379852,14.673321787767826],[-90.93897288231179,14.675133932944373],[-90.93844274004803,14.673248521913187],[-90.93728837812034,14.671809252036027]]],[[[-90.93860377217482,14.678911075245264],[-90.93933706401661,14.682569399475211],[-90.94015505071411,14.683319898926527],[-90.9448359766576,14.684807213963461],[-90.94593249876199,14.68605264523861],[-90.94719340950674,14.689764202249314],[-90.95195344132199,14.693493122225584],[-90.95839901152458,14.695117764892263],[-90.95908960989958,14.69897562176509],[-90.95988896378105,14.71086443859291],[-90.9605439368953,14.711691391184926],[-90.9608600287701,14.713552704690557],[-90.96054461764554,14.711618124554134],[-90.95988964470983,14.710791171986928],[-90.95909029051982,14.698902355120804],[-90.95839969218827,14.695044498255275],[-90.9519541240549,14.693419855874406],[-90.94719409364434,14.689690936093813],[-90.94593318313888,14.685979379117885],[-90.94483666133901,14.684733947885473],[-90.94015573688172,14.683246633055557],[-90.93933775041994,14.68249613363738],[-90.93860377217482,14.678911075245264]]]]},"properties":{"FID":13,"CODIGO":410,"OID_":50,"MUNICIPIOS":"Santa Cruz Balanyá","AREA_KM2":19.814,"DEPARTAMEN":"CHIMALTENANGO"},"id":13},{"type":"Feature","geometry":{"type":"Polygon","coordinates":[[[-90.96026847561612,14.596336304386758],[-90.96204838952214,14.597593247488174],[-90.96696914748412,14.599384740149507],[-90.9734736327713,14.600636412355954],[-90.97538867561725,14.600005794646215],[-90.98165643572595,14.594919395860941],[-90.9871551415618,14.59159282786417],[-90.98762182047797,14.590911193960649],[-90.98840984159145,14.590798250837603],[-90.98956420213706,14.589684260603967],[-90.99378882596925,14.587862433682064],[-90.99694372936706,14.585811080736736],[-91.00144983516775,14.584016364283114],[-91.00301249525259,14.582566910007795],[-91.0032270635403,14.568470311944878],[-91.00368370832429,14.565541789164062],[-91.00501158556081,14.564582801614602],[-91.00751436606282,14.564584937020784],[-91.00843737057151,14.564023482859069],[-91.01774490716723,14.562560661825898],[-91.0198157185518,14.561777316584648],[-91.02911834092508,14.560136629928781],[-91.0333879604594,14.558901756524524],[-91.03737650095088,14.55567631846173],[-91.03737029794452,14.555131792533597],[-91.0385494387057,14.553987214224527],[-91.04038821744075,14.550832919219804],[-91.04241138948603,14.541618615008852],[-91.04437231854803,14.536159732898007],[-91.04505497045982,14.535346456299004],[-91.04543108595954,14.531872621792525],[-91.04469147971118,14.531054256013794],[-91.04410095877041,14.528712143923215],[-91.04232751311986,14.525595402414206],[-91.03834545091989,14.520402020056828],[-91.03614777710465,14.51833337018738],[-91.0361322228746,14.517533473377261],[-91.03464903783427,14.51597121459191],[-91.03442187657086,14.513004071884271],[-91.03524549632351,14.511715300456894],[-91.0354168398141,14.510102512408936],[-91.03459440295518,14.505016870855373],[-91.0319802323183,14.500041604479927],[-91.03129083379648,14.500512520493432],[-91.03114388035468,14.503365826385698],[-91.02914201916467,14.502976254779703],[-91.02875828282134,14.505001816935115],[-91.02708656382771,14.505759295963541],[-91.02506285183316,14.504890549213837],[-91.01940667386735,14.50485418556129],[-91.01848850630252,14.504513200102005],[-91.01721368237126,14.501775566731121],[-91.01619549087735,14.500754836189653],[-91.0143723125479,14.499967903427796],[-91.01275267844352,14.500150751319246],[-91.00954867442218,14.503252607922155],[-91.00845833577044,14.503691812323364],[-91.00599054712751,14.503613251142406],[-91.00390465552434,14.505816311451754],[-90.99911614695864,14.507742162400993],[-90.99778332267228,14.510193310339538],[-90.99547134093798,14.509931836140662],[-90.99469790879823,14.511869256092169],[-90.99328046096458,14.512573296026616],[-90.99283180290422,14.513208807068054],[-90.9907429423443,14.513725220933472],[-90.98841604706337,14.517036433197871],[-90.98696240709542,14.517121105201044],[-90.98667274193396,14.515174600047354],[-90.98288355769289,14.515677467124345],[-90.98079515225204,14.514158280700478],[-90.9796432455713,14.5154936958979],[-90.97740630872606,14.515394216759127],[-90.97608442390776,14.51852417750462],[-90.97636707306295,14.5190642968926],[-90.97770723356011,14.51953785668729],[-90.97798823552164,14.520259821241753],[-90.97736382098742,14.52223798027309],[-90.9755773187798,14.522964695780235],[-90.97405510687516,14.52541854543194],[-90.9719365106531,14.525937903647872],[-90.96897884735111,14.527422536362177],[-90.9633337962297,14.524355336032352],[-90.9605129985359,14.52229193691959],[-90.95714185717918,14.52132504470772],[-90.94782571468066,14.519879177974646],[-90.94228327546313,14.519440908073971],[-90.93087472925536,14.51953028150106],[-90.91856675310981,14.522379628811969],[-90.9094101055433,14.522019162047782],[-90.90758698148201,14.521507031375041],[-90.90337002330872,14.518912092178041],[-90.90200146378366,14.518706701546556],[-90.8935306482349,14.514513630558701],[-90.88697968331934,14.510372605471508],[-90.87643389496418,14.502685898003534],[-90.87559831535197,14.504110566174829],[-90.8732751237458,14.519323309439617],[-90.87175960214188,14.532483076628575],[-90.86875139518673,14.53355361745121],[-90.8652730647405,14.535520048935032],[-90.8614645222088,14.538899808229903],[-90.86071779730486,14.5391380902149],[-90.85833502486868,14.542255205261537],[-90.85839787763143,14.544696635817793],[-90.86397186798372,14.547119526003158],[-90.86873157654344,14.551333060438349],[-90.87109000871574,14.552506630104338],[-90.87689438012508,14.554098894984959],[-90.87879168927677,14.556026114988416],[-90.87899122557914,14.560628442653087],[-90.88002577819016,14.56310355530792],[-90.88891296377898,14.569694518228621],[-90.89542306962709,14.575746482471288],[-90.90570571621517,14.587571308944073],[-90.90736235694347,14.587590679667139],[-90.91278882617553,14.584495756438502],[-90.9201755213406,14.582049560739545],[-90.92476631341553,14.58109526699402],[-90.927194071616,14.579826885265824],[-90.92934729352025,14.579388515164123],[-90.93139336167893,14.578127993546435],[-90.93519579416169,14.577378853212227],[-90.93934507312004,14.578554073600452],[-90.94168137801347,14.580877829799377],[-90.94295545945045,14.585747265302407],[-90.94565435816553,14.589068194545014],[-90.95619792829923,14.594936181251478],[-90.96026847561612,14.596336304386758]]]},"properties":{"FID":14,"CODIGO":411,"OID_":51,"MUNICIPIOS":"Acatenango","AREA_KM2":130.983,"DEPARTAMEN":"CHIMALTENANGO"},"id":14},{"type":"Feature","geometry":{"type":"Polygon","coordinates":[[[-90.87643389496418,14.502685898003534],[-90.88697968331934,14.510372605471508],[-90.8935306482349,14.514513630558701],[-90.90200146378366,14.518706701546556],[-90.90337002330872,14.518912092178041],[-90.90758698148201,14.521507031375041],[-90.9094101055433,14.522019162047782],[-90.91856675310981,14.522379628811969],[-90.93087472925536,14.51953028150106],[-90.94228327546313,14.519440908073971],[-90.94782571468066,14.519879177974646],[-90.95714185717918,14.52132504470772],[-90.9605129985359,14.52229193691959],[-90.9633337962297,14.524355336032352],[-90.96897884735111,14.527422536362177],[-90.9719365106531,14.525937903647872],[-90.97405510687516,14.52541854543194],[-90.9755773187798,14.522964695780235],[-90.97736382098742,14.52223798027309],[-90.97798823552164,14.520259821241753],[-90.97770723356011,14.51953785668729],[-90.97636707306295,14.5190642968926],[-90.97608442390776,14.51852417750462],[-90.97740630872606,14.515394216759127],[-90.9796432455713,14.5154936958979],[-90.98079515225204,14.514158280700478],[-90.98288355769289,14.515677467124345],[-90.98667274193396,14.515174600047354],[-90.98696240709542,14.517121105201044],[-90.98841604706337,14.517036433197871],[-90.9907429423443,14.513725220933472],[-90.99283180290422,14.513208807068054],[-90.99328046096458,14.512573296026616],[-90.99469790879823,14.511869256092169],[-90.99547134093798,14.509931836140662],[-90.99778332267228,14.510193310339538],[-90.99911614695864,14.507742162400993],[-91.00390465552434,14.505816311451754],[-91.00599054712751,14.503613251142406],[-91.00845833577044,14.503691812323364],[-91.00954867442218,14.503252607922155],[-91.01275267844352,14.500150751319246],[-91.0143723125479,14.499967903427796],[-91.01569086828053,14.50039361629408],[-91.01721368237126,14.501775566731121],[-91.01848850630252,14.504513200102005],[-91.01940667386735,14.50485418556129],[-91.02417778802308,14.504802898065524],[-91.02708656382771,14.505759295963541],[-91.02805628815345,14.50558331869419],[-91.02875828282134,14.505001816935115],[-91.02914201916467,14.502976254779703],[-91.03114388035468,14.503365826385698],[-91.03129083379648,14.500512520493432],[-91.0319802323183,14.500041604479927],[-91.03339325567991,14.499687447002579],[-91.03468383955732,14.498491823245208],[-91.03604891847733,14.498972037130661],[-91.03830175283656,14.498640685915369],[-91.03843755965913,14.498030698206076],[-91.03753586722836,14.496277902834551],[-91.03776622451238,14.495529759675614],[-91.03886699081646,14.493632156621896],[-91.04014944631278,14.493353678026512],[-91.0412780376321,14.491518419225546],[-91.04598327122255,14.490357943592077],[-91.04676508682645,14.490448037242407],[-91.04878940946823,14.491974040438325],[-91.05107165324613,14.492116114902643],[-91.05150156822981,14.490019704340282],[-91.05328977655606,14.488514046144576],[-91.05561202826047,14.487255664239365],[-91.05623886207563,14.486437350323977],[-91.05692595996634,14.484156658811024],[-91.05931172043893,14.481054065461821],[-91.05849088769145,14.479521152618453],[-91.05877293599688,14.478617516060018],[-91.0602731207849,14.478687509400203],[-91.06043201617207,14.476879147363784],[-91.06190582297259,14.475178773143602],[-91.06163286244322,14.47370234770094],[-91.06057968279154,14.472225139918383],[-91.06052340880922,14.471162819281519],[-91.06105735929786,14.470685998643859],[-91.06404315959635,14.47048918282288],[-91.0674993509399,14.468249285685447],[-91.0690931027932,14.467815036245938],[-91.06971733491916,14.468156790626677],[-91.07007202041713,14.469371805697838],[-91.07267329956913,14.469332130549212],[-91.07326167075375,14.471144377908546],[-91.07400245996905,14.471684764827451],[-91.07731342029352,14.471561610402155],[-91.08175436314934,14.473371416781797],[-91.08287587667311,14.474537321543341],[-91.08380989215549,14.474586730901445],[-91.08483598635115,14.472146010087151],[-91.08807988569596,14.469769635006138],[-91.08916074823897,14.468304221019384],[-91.09277717927888,14.466956518614502],[-91.09462553851424,14.466841584090378],[-91.09599172467735,14.465898085544652],[-91.09645887413924,14.46461179606295],[-91.09648623585966,14.462692732205099],[-91.09519767842278,14.458475467322911],[-91.09590899374146,14.454652816565957],[-91.09336492495761,14.448951191550972],[-91.09421937438384,14.446626497352298],[-91.09420005207588,14.443655344234717],[-91.0952609468985,14.436681507920754],[-91.09698067301434,14.43462360262589],[-91.09812892859442,14.430447479161337],[-91.09794019004632,14.429058732607356],[-91.09736753485505,14.428381966856461],[-91.09709828216616,14.424736641690846],[-91.09837171178634,14.422806153639641],[-91.10029276496303,14.417968599436946],[-91.10187281761942,14.416365893674389],[-91.10136434861957,14.415502129577574],[-91.10109149793998,14.413641638875127],[-91.10127036840024,14.410106102989573],[-91.10230129897,14.408259481705203],[-91.10262106518961,14.404162497668873],[-91.10072324722775,14.402308151546451],[-91.09803481915667,14.402941728918632],[-91.09531201886148,14.404551019973976],[-91.09169395418546,14.408805483682999],[-91.09016665666702,14.409860661927],[-91.08880458929876,14.409818012138851],[-91.0870155614833,14.408536052000482],[-91.08595938261028,14.408301562906656],[-91.08287360841442,14.40924012749508],[-91.07364789732613,14.418074575966115],[-91.069510127184,14.420490964927888],[-91.06471155892646,14.424187381840373],[-91.06260876346971,14.425218429308405],[-91.06006309653247,14.427664638538529],[-91.05360884326633,14.429112747188293],[-91.05064738091299,14.431572349262765],[-91.04850818075549,14.432111564113217],[-91.04661535421351,14.431845112381435],[-91.04546861524285,14.430294796531685],[-91.0424648902819,14.427897665000838],[-91.040038576258,14.428268364785055],[-91.03796670904705,14.43045164664915],[-91.03690379739041,14.430718429962822],[-91.03612347268162,14.430482618170942],[-91.03406060817365,14.427936206608196],[-91.03343456115708,14.425311391214448],[-91.03367167498106,14.421801370383738],[-91.03816804169226,14.414934526070494],[-91.03846422132989,14.411417070122244],[-91.03723373920188,14.409983516226019],[-91.03288146416953,14.410542609879146],[-91.02920331791364,14.412069684842649],[-91.02279694372461,14.417462005363655],[-91.0172470646883,14.423348175519124],[-91.01421682961224,14.426999572345224],[-91.01305623606136,14.430895989900964],[-91.01220925680843,14.431579042106481],[-91.01051850029408,14.437996771881267],[-91.00991863989503,14.43891120741216],[-91.00569605481527,14.442542213103673],[-91.00435804581151,14.442842654770944],[-91.00254713136282,14.442360785630875],[-91.00247195521936,14.439939409088096],[-91.00347219790945,14.437869415468636],[-91.00508520761203,14.436037299031202],[-91.0050614622761,14.43440933775539],[-91.00351921739761,14.43311644132022],[-91.00352994664328,14.430677717092086],[-91.0053394497533,14.427533523850947],[-91.00611698225346,14.423062339400815],[-91.0028750096637,14.420086649679776],[-91.00071134685574,14.41967070916994],[-90.99682761872972,14.41946042358104],[-90.99523632069669,14.41997556288475],[-90.99393630718205,14.420966470029034],[-90.99037273174011,14.420855944844128],[-90.98930892765762,14.419608844552089],[-90.98797530683812,14.414204786950165],[-90.98249972947465,14.408532678900587],[-90.98186240322248,14.39582721723265],[-90.98252502873206,14.386372517837275],[-90.98229088099228,14.373146347158606],[-90.9802258529467,14.373158102603686],[-90.97960143542153,14.373656572036076],[-90.97729191814088,14.374246823745748],[-90.97406585014886,14.377018354236986],[-90.97278244344353,14.380494405323887],[-90.97250049580428,14.3840027531957],[-90.97081783510727,14.389847493367789],[-90.9685549025773,14.393530844659628],[-90.95979544241256,14.399293068553584],[-90.95390707251285,14.405275217071182],[-90.95296570777346,14.407660628921382],[-90.95189910216668,14.408909726628803],[-90.95098602833521,14.411682816336938],[-90.94949707668327,14.413488499917529],[-90.94867278771781,14.415418555041136],[-90.94252031750655,14.421871312751358],[-90.93758489055014,14.425885616317629],[-90.93691991584568,14.427237538179352],[-90.93602373270143,14.42789500810758],[-90.93491095054132,14.430296882877972],[-90.92836449809774,14.440720624770384],[-90.92625408839804,14.442754465127836],[-90.92189791520207,14.448403381523459],[-90.9156448901782,14.45401846278467],[-90.91077354168063,14.457559333164193],[-90.91021096581517,14.457538525959068],[-90.9083585594741,14.459156523300544],[-90.90563293793988,14.460191795444798],[-90.89550178108175,14.465612424471242],[-90.88784663590138,14.468969688417609],[-90.88082660336725,14.470670868310139],[-90.88060332128462,14.474226854947792],[-90.87852882194001,14.484294780163449],[-90.87726771110843,14.495054498121231],[-90.87666132167018,14.496216941161368],[-90.87643389496418,14.502685898003534]]]},"properties":{"FID":15,"CODIGO":412,"OID_":52,"MUNICIPIOS":"Yepocapa","AREA_KM2":205.475,"DEPARTAMEN":"CHIMALTENANGO"},"id":15},{"type":"Feature","geometry":{"type":"Polygon","coordinates":[[[-90.81498916918306,14.626109371123242],[-90.81844861684739,14.624521576405002],[-90.82640929790436,14.633203729382263],[-90.82728911488599,14.633504474197505],[-90.82835913759375,14.634752363999164],[-90.8299568696057,14.635363629020608],[-90.831188749986,14.636788084931199],[-90.83587458506125,14.639880169865927],[-90.83821073585922,14.642210543761163],[-90.8427196364305,14.648647534381666],[-90.84531653889395,14.65060754627706],[-90.8509343851416,14.652043149873727],[-90.8535313208986,14.653357015829277],[-90.85611718267776,14.65581266813818],[-90.85776850491573,14.65571042220528],[-90.86048236339727,14.65628321847441],[-90.86505294928689,14.65519460646944],[-90.86643193330505,14.655241151634192],[-90.87018462274334,14.658287937794377],[-90.87095968211382,14.659722730274392],[-90.87271188244225,14.658909716805127],[-90.87431797543462,14.657365694363643],[-90.87454128330629,14.654722435121695],[-90.87523275654314,14.654041872516041],[-90.8751365185902,14.653210950891435],[-90.87565386226859,14.65303947487046],[-90.87825019600295,14.647746587172792],[-90.88111410655969,14.643870236060797],[-90.88172921264082,14.643663488101899],[-90.88397627783907,14.64107137283358],[-90.88476785952994,14.63915501114199],[-90.88875203704951,14.633169740159499],[-90.89108251241657,14.630932956106548],[-90.89448207919621,14.629409499379893],[-90.8966058428938,14.627734411278817],[-90.89800034175698,14.62735505600325],[-90.90107453323444,14.62441664966746],[-90.90124761699218,14.62280411949208],[-90.90525903018272,14.618331147763076],[-90.90774820135753,14.613694202569059],[-90.9079878894898,14.610184644843871],[-90.90680598792365,14.606131450939868],[-90.90258966536837,14.601969666285385],[-90.90189080210749,14.600504034944054],[-90.9018689500656,14.59644770695152],[-90.90362188243915,14.59261402625693],[-90.90412721605458,14.589712287852112],[-90.90570571621517,14.587571308944073],[-90.89542306962709,14.575746482471288],[-90.88891296377898,14.569694518228621],[-90.88002577819016,14.56310355530792],[-90.87899122557914,14.560628442653087],[-90.87879168927677,14.556026114988416],[-90.87689438012508,14.554098894984959],[-90.87109000871574,14.552506630104338],[-90.86873157654344,14.551333060438349],[-90.86397186798372,14.547119526003158],[-90.85839787763143,14.544696635817793],[-90.85734604109746,14.545968999002753],[-90.85572657952721,14.551443546922465],[-90.85566560928018,14.553613888581875],[-90.85606869151586,14.55426252848127],[-90.85585175792897,14.559972425761888],[-90.85389661625597,14.563145330249638],[-90.85537788564078,14.565386295063021],[-90.85533680360453,14.566219715381152],[-90.85749043537274,14.570648805255253],[-90.85781678878273,14.576059847491566],[-90.85753001460981,14.582629631111198],[-90.85514040474973,14.589324823289207],[-90.85246712862504,14.592663887354373],[-90.84809450945754,14.594879210466043],[-90.83924094341936,14.597135445565263],[-90.83005194418025,14.597568604926654],[-90.82147488769832,14.600110195514434],[-90.81809652377646,14.604611196019198],[-90.81685256597838,14.608194662502607],[-90.8168350925186,14.609553253528249],[-90.81624700163265,14.610436639619634],[-90.81572211411242,14.612963993801614],[-90.81498916918306,14.626109371123242]]]},"properties":{"FID":16,"CODIGO":413,"OID_":53,"MUNICIPIOS":"San Andrés Itzapa","AREA_KM2":67.666,"DEPARTAMEN":"CHIMALTENANGO"},"id":16},{"type":"Feature","geometry":{"type":"MultiPolygon","coordinates":[[[[-90.85537423123135,14.565455100816353],[-90.85389661625597,14.563145330249638],[-90.85164506526905,14.564168312173134],[-90.8446742003949,14.563817267764327],[-90.84401148195843,14.56333677218706],[-90.84021460114516,14.562576600186656],[-90.83596390175455,14.560195874782039],[-90.83007216949392,14.55937822442755],[-90.83596318720262,14.560269136482313],[-90.84021388787437,14.562649862078489],[-90.84401076990216,14.563410034258192],[-90.84467348853286,14.563890529864542],[-90.85164435569045,14.56424157460805],[-90.8538959074727,14.563218592799462],[-90.85537423123135,14.565455100816353]]],[[[-90.85533322587202,14.566287077001096],[-90.85748972739518,14.570722067931364],[-90.85781462530362,14.57610898093737],[-90.85749043537274,14.570648805255253],[-90.85533322587202,14.566287077001096]]]]},"properties":{"FID":17,"CODIGO":414,"OID_":54,"MUNICIPIOS":"Parramos","AREA_KM2":29.444,"DEPARTAMEN":"CHIMALTENANGO"},"id":17},{"type":"Feature","geometry":{"type":"MultiPolygon","coordinates":[[[[-90.91646775120836,14.648231961244631],[-90.91684067193603,14.648607822611993],[-90.91647512921425,14.648165434676807],[-90.91646775120836,14.648231961244631]]],[[[-90.88476785952994,14.63915501114199],[-90.88397627783907,14.64107137283358],[-90.88172921264082,14.643663488101899],[-90.88111410655969,14.643870236060797],[-90.87825019600295,14.647746587172792],[-90.87565386226859,14.65303947487046],[-90.87514548261743,14.653281008632952],[-90.87565315614455,14.65311273790062],[-90.87824949100764,14.647819850360024],[-90.88111340271017,14.643943499408758],[-90.88172850900591,14.643736751480352],[-90.88397557508024,14.641144636335188],[-90.88476715712989,14.639228274693249],[-90.88763029600781,14.63755105471781],[-90.88892062032018,14.637943535691551],[-90.88951231834852,14.639162319369515],[-90.89084045497997,14.640092860960074],[-90.89356764116064,14.640375272248864],[-90.89474328030167,14.638435997248584],[-90.89521811224752,14.636103274657993],[-90.89643223552407,14.635096692946707],[-90.89764893203818,14.635525126566218],[-90.89861120734946,14.637891273688206],[-90.89993852819802,14.638355381014362],[-90.90093169299152,14.637420906874347],[-90.90007902342265,14.634552322605767],[-90.9001137892264,14.633404242401719],[-90.90110627995527,14.632111012410013],[-90.90243174013305,14.631570591819882],[-90.90707665029596,14.632854043747678],[-90.90870358654657,14.63208963704837],[-90.9120587089667,14.635960745713412],[-90.91559263942408,14.642254544750905],[-90.91657647913134,14.64718454825746],[-90.91559333174187,14.642181279764838],[-90.91205940214637,14.635887480853418],[-90.90713015847335,14.630200099398184],[-90.90107453323444,14.62441664966746],[-90.89800034175698,14.62735505600325],[-90.8966058428938,14.627734411278817],[-90.89448207919621,14.629409499379893],[-90.89108251241657,14.630932956106548],[-90.88875203704951,14.633169740159499],[-90.88476785952994,14.63915501114199]]],[[[-90.87454128330629,14.654722435121695],[-90.87431797543462,14.657365694363643],[-90.87271188244225,14.658909716805127],[-90.87095897409303,14.659795993038331],[-90.8727111750448,14.658982979657962],[-90.87431726864891,14.657438957302826],[-90.87454057672782,14.654795698088174],[-90.87523275654314,14.654041872516041],[-90.87454128330629,14.654722435121695]]],[[[-90.91604703412928,14.65193079531],[-90.91638558202925,14.656249767848822],[-90.91828905763064,14.66003945904916],[-90.91867276324234,14.662714238274678],[-90.91959953173551,14.664338896839034],[-90.92085746390069,14.669291864249445],[-90.9216527717013,14.670365672295041],[-90.9208581558026,14.669218599187177],[-90.91960022381167,14.664265631804323],[-90.91867345554657,14.662640973273177],[-90.9182897499305,14.659966194048682],[-90.91638627477481,14.656176502913604],[-90.91604703412928,14.65193079531]]]]},"properties":{"FID":18,"CODIGO":415,"OID_":55,"MUNICIPIOS":"Zaragoza","AREA_KM2":51.925,"DEPARTAMEN":"CHIMALTENANGO"},"id":18},{"type":"Feature","geometry":{"type":"Polygon","coordinates":[[[-90.81498582824737,14.626146936799197],[-90.81498240729783,14.626185402143882],[-90.8149885888793,14.626182565029323],[-90.81498582824737,14.626146936799197]]]},"properties":{"FID":19,"CODIGO":416,"OID_":56,"MUNICIPIOS":"El Tejar","AREA_KM2":45.566,"DEPARTAMEN":"CHIMALTENANGO"},"id":19},{"type":"Feature","geometry":{"type":"MultiPolygon","coordinates":[[[[-90.91843095941485,14.292891978623153],[-90.91860413977177,14.29446887230177],[-90.92100956790254,14.294129545854991],[-90.92263016779768,14.292982513400922],[-90.92272578779486,14.290831524963629],[-90.92454541702777,14.288818702456444],[-90.9247621728365,14.286907106060333],[-90.92414465564572,14.286544777051395],[-90.92416804202458,14.285447043691065],[-90.92551262894617,14.283823152233088],[-90.92562980860845,14.283043641887474],[-90.92537071639654,14.281993144658493],[-90.92335369465181,14.280152437288839],[-90.92217705378769,14.27824336905607],[-90.91881182366576,14.27603392021803],[-90.91584610172526,14.275301187681777],[-90.91661127673899,14.275558157922106],[-90.91661202461198,14.275964946264871],[-90.91779583732456,14.277047645447123],[-90.91856079364455,14.277181899194149],[-90.91856354912014,14.278673455807724],[-90.91800739543368,14.278674432398256],[-90.91995569262704,14.279620180774295],[-90.91974939541402,14.280840912471191],[-90.92034799392358,14.28124664607094],[-90.92007968540823,14.28219629447202],[-90.92137997100748,14.282871979347382],[-90.92107682694258,14.284364075872968],[-90.92163551905337,14.285719050945488],[-90.92088665052712,14.286805146819615],[-90.92169497844894,14.2877528908691],[-90.92166140408203,14.288973317310763],[-90.9211475331727,14.290330190219882],[-90.92038029569908,14.290454695471347],[-90.91970048446525,14.2919599020454],[-90.91843095941485,14.292891978623153]]],[[[-90.8024943147495,14.31984112660989],[-90.79940199195602,14.331968570394594],[-90.79921018089667,14.334427001228367],[-90.80069028077722,14.340595953423271],[-90.80364261328216,14.346906518838436],[-90.80645025644804,14.354939314992443],[-90.80881058367243,14.358667438448078],[-90.81176477994963,14.365982431324122],[-90.8132400543419,14.368276597067455],[-90.81324305022693,14.370429197636005],[-90.81634315293874,14.376595872706464],[-90.81973215305098,14.37874392150025],[-90.82636583484702,14.384905653851929],[-90.82651993417336,14.38964115866291],[-90.82814399969939,14.392796054589274],[-90.82814840147122,14.395809684627693],[-90.82682460902652,14.396672557049383],[-90.82845880898716,14.40671573964642],[-90.8274308898503,14.408582748682193],[-90.82831808269381,14.411164630664901],[-90.82567051871526,14.413033877708907],[-90.82536684904112,14.414925718934624],[-90.82868743980085,14.417940484098514],[-90.8298607967694,14.41854200156207],[-90.83268385882022,14.421540783920236],[-90.83552733733163,14.426092789400885],[-90.83958863382604,14.434767315305052],[-90.8431879768171,14.438126660341009],[-90.84394373905148,14.440403875144842],[-90.8454782552575,14.442333549135844],[-90.84779410018768,14.444252282188174],[-90.85048979285351,14.445364606518535],[-90.85348881377507,14.447784250683128],[-90.85673842315117,14.452968928015524],[-90.85859130063567,14.454778319415812],[-90.86101355379402,14.456261927644723],[-90.86400944179145,14.45679289159722],[-90.87102196994681,14.460888797664524],[-90.8771217030662,14.466410786233714],[-90.88082660336725,14.470670868310139],[-90.88516582956778,14.469781452107435],[-90.88501982005145,14.46340960576494],[-90.88571081460579,14.4520606672665],[-90.88642266626616,14.4499593557025],[-90.88643872156584,14.447524233046522],[-90.8880745138508,14.43840325732003],[-90.88818959564544,14.4221424117035],[-90.88881769815687,14.418949195187114],[-90.89196159421677,14.411710995995259],[-90.89531531396155,14.397952636505984],[-90.89669536896938,14.395368111299337],[-90.89875483770864,14.393981282917949],[-90.89943577400301,14.39291427033531],[-90.89942001973078,14.391563197406422],[-90.8984724150626,14.39047831953076],[-90.898500501285,14.38344942759285],[-90.89747725633354,14.38097793053422],[-90.89596849839747,14.379375252357615],[-90.89253614416029,14.37290180622169],[-90.89223661699137,14.365048836491225],[-90.89077210769985,14.363313248909877],[-90.89026643483515,14.361635896031421],[-90.89073741242456,14.35650520237574],[-90.89013619885546,14.35562784438311],[-90.89012455668257,14.354273424411288],[-90.88813585225799,14.351426211866652],[-90.88463715780098,14.347759031994674],[-90.88169918783863,14.342626167591769],[-90.8803661399319,14.336664995160016],[-90.88015489134119,14.333687912464766],[-90.88173614309122,14.332711433070235],[-90.88176195812132,14.33027073478335],[-90.88023435150969,14.32541590402035],[-90.88212107218679,14.323051681158447],[-90.8845337388598,14.322906019176004],[-90.88596111991134,14.321650260899109],[-90.88818049093535,14.318389821654979],[-90.88951769721828,14.317481132522815],[-90.89446958670305,14.315905315359618],[-90.90528175231415,14.316460638798072],[-90.90597075603854,14.315988912342348],[-90.90643745853099,14.313630001423169],[-90.90750684010615,14.312799034701417],[-90.91049206555479,14.312485313209951],[-90.91184742098919,14.313172704634578],[-90.91405493181335,14.312905187774438],[-90.91626148560472,14.31330634251706],[-90.91672570581666,14.303601843204987],[-90.91486545245633,14.299511210879349],[-90.91269499531026,14.296720229708708],[-90.91258105433658,14.296013255370177],[-90.91308644269978,14.295346732360349],[-90.91842028137934,14.294494807608787],[-90.91831352749611,14.293860692405884],[-90.91789638424389,14.293861425294308],[-90.91809259879086,14.293125894315857],[-90.91760612429204,14.292641567792366],[-90.91914354492974,14.291554094516393],[-90.92034387410608,14.288975647423907],[-90.92004080425953,14.288027007909427],[-90.91927631260295,14.288163951920069],[-90.9178450840422,14.287624082724676],[-90.91788161579008,14.285861265317596],[-90.91914458503919,14.285735101766988],[-90.91885224053186,14.284413286382845],[-90.91812568255756,14.284203488376564],[-90.91676802516523,14.28518523497268],[-90.91621135692073,14.284915015773736],[-90.91611537790915,14.283152429487844],[-90.91468191963452,14.281521680635313],[-90.91398043424842,14.281501978881408],[-90.91370413675763,14.282478648021918],[-90.91328513398929,14.281448894865107],[-90.91231286432172,14.282006472926875],[-90.91217289846117,14.281498228143114],[-90.9111995304971,14.281452504856118],[-90.91089450019805,14.281941125987633],[-90.91164561991522,14.282075425447808],[-90.91134142718576,14.283025126914097],[-90.91175912619485,14.283340885260785],[-90.91245400375912,14.283158799090893],[-90.91273282762968,14.28356510557698],[-90.90967504173145,14.284194076933646],[-90.90842302826496,14.283843729504765],[-90.90802069886819,14.284670975731832],[-90.90731220588195,14.284686225071777],[-90.90662037079846,14.286567750814978],[-90.90564660858236,14.286313844076263],[-90.90536899034706,14.286575975965398],[-90.9049953509969,14.285839834960552],[-90.9045337574652,14.286033421102719],[-90.90439376173596,14.2855002769021],[-90.90369862816257,14.285546743654566],[-90.90300190073515,14.284697796499954],[-90.90244770655988,14.28581025560295],[-90.90161262370842,14.285346876296522],[-90.90090497615095,14.28614814216171],[-90.90084278892004,14.286839736884977],[-90.9016933380537,14.288058673129372],[-90.90162903008748,14.289007958036498],[-90.90134159427322,14.289328101267044],[-90.90005510025789,14.289146204951717],[-90.89967368360875,14.289689232233583],[-90.89911740583342,14.289635873955707],[-90.89767280294679,14.29050616335841],[-90.89731443172072,14.292269518402454],[-90.89660653367883,14.292948682385859],[-90.89655890558443,14.293897938289293],[-90.89454073806027,14.296432342097983],[-90.89407231521635,14.295529228940131],[-90.89431728386613,14.291867712830728],[-90.89328025763311,14.291236732262796],[-90.8934902373326,14.289157147093446],[-90.89313608235508,14.288283768810352],[-90.89237396956221,14.288550922928371],[-90.89155105894193,14.289702731688367],[-90.8911958866917,14.292008460468242],[-90.88993088177965,14.292403290214573],[-90.88814254807579,14.29533558025333],[-90.88772535063428,14.295307128289881],[-90.88758542237343,14.294794101332114],[-90.88703003866623,14.29526959395571],[-90.886612427873,14.294999079283315],[-90.88647581062155,14.296423067252759],[-90.88626596270359,14.295677625800051],[-90.88577998328675,14.296085204522841],[-90.88466481980238,14.294459848375405],[-90.88118905860155,14.294736635115274],[-90.88118951542754,14.295007828083483],[-90.88007666718606,14.294738414430858],[-90.87980039000435,14.295823630458488],[-90.87910559629998,14.296095932174456],[-90.87882545365646,14.294876006467488],[-90.87957015817226,14.294246095185615],[-90.87963239271468,14.292976364132768],[-90.88013385691269,14.292568773025257],[-90.88020899625246,14.290738094848447],[-90.88097525580544,14.289855489748845],[-90.88151393963147,14.288091867127639],[-90.88208097424618,14.28768416699443],[-90.8821389821917,14.286734895425772],[-90.88258670825323,14.286598579459634],[-90.88241419247304,14.283743905360096],[-90.88269819595874,14.282666088881209],[-90.8834891524538,14.281715637787793],[-90.88352877129874,14.280495201231775],[-90.88422987450225,14.279010714462453],[-90.88404589243277,14.27829038729363],[-90.88573088605419,14.276830526927462],[-90.88594719491813,14.275880997651488],[-90.88653740937745,14.275473249844989],[-90.88672936046402,14.270436515434138],[-90.88587658657625,14.271173882453905],[-90.88483353285449,14.271001305593586],[-90.8844880171156,14.27222223686406],[-90.88379238269802,14.271952164052056],[-90.88395344879589,14.27125140799938],[-90.88318879731388,14.271275149915388],[-90.88283935238636,14.271702630487173],[-90.88240127864614,14.271506823969816],[-90.88199318700228,14.272504593813132],[-90.88095321816023,14.27263470506306],[-90.88059835309434,14.27420443776482],[-90.87893073185636,14.27469439773298],[-90.87851326715091,14.27448266110895],[-90.87809709649872,14.275046102879573],[-90.87656530960089,14.27361548934575],[-90.87642461535994,14.272617271602739],[-90.8744767410813,14.271786099953175],[-90.8734669883539,14.271797218675648],[-90.87320899485555,14.272528576590732],[-90.87475651906976,14.272818794248996],[-90.87503519931478,14.273186480987093],[-90.87452699951213,14.274181747883578],[-90.87392369593562,14.273662817900853],[-90.8732292969824,14.274138496746984],[-90.87375248067447,14.277120814426514],[-90.87587661100545,14.27752426387157],[-90.8765297664384,14.276167261234587],[-90.87809805800872,14.275622389088214],[-90.87840786330533,14.279011824425112],[-90.8778288778602,14.28095638970403],[-90.87755124884941,14.281228024073533],[-90.87602144468819,14.281015660582431],[-90.87546354058681,14.27996566327079],[-90.87462882047129,14.279676450194343],[-90.87393132232422,14.278284497551919],[-90.87264802049731,14.278342919057769],[-90.87340623358457,14.279669630271268],[-90.87324052887945,14.28095700331016],[-90.87268385674138,14.280648014394528],[-90.8720400627851,14.279376473466789],[-90.87073467742842,14.279054081935856],[-90.86982887957943,14.277804923688814],[-90.86906413519276,14.27778677649431],[-90.86837007539184,14.278485170019426],[-90.86811031531364,14.278060241236943],[-90.86711784416133,14.27794471424904],[-90.86894870579721,14.28011144085304],[-90.86655706095132,14.27970092633897],[-90.86626411940975,14.280251181330094],[-90.8664974341085,14.281200002916455],[-90.86568618887226,14.281065652662909],[-90.8645893506649,14.28157900187299],[-90.86404991738198,14.283119067415344],[-90.86434637230894,14.283734363080699],[-90.86571452646824,14.28431994192672],[-90.86532134649265,14.284772624346123],[-90.86481140374639,14.284728118819364],[-90.86486872819769,14.28432123941904],[-90.86434677238371,14.283983045621927],[-90.86448701526477,14.284728615583564],[-90.86351414928613,14.285001297174764],[-90.86403361116719,14.280661392540809],[-90.86345493393299,14.2795774982246],[-90.86369656618852,14.278356753991348],[-90.86336217971471,14.276943291791028],[-90.86210958833799,14.276164984729963],[-90.86091719636772,14.2782253839016],[-90.8600788796124,14.278904639146306],[-90.85975265870081,14.280396702483424],[-90.85891939620022,14.281016622320731],[-90.85782264225774,14.281077596392274],[-90.85780789142535,14.281538702405543],[-90.85599392479568,14.282978699455748],[-90.85615092755229,14.284470035152204],[-90.8556159474696,14.287589572470777],[-90.85618114689095,14.288402311136442],[-90.85597707370893,14.288843307473288],[-90.85486397023877,14.286641513486629],[-90.8547545635368,14.285104818769081],[-90.85394189753305,14.284066536878479],[-90.85264972816496,14.283949806308161],[-90.85311077750787,14.28311858928766],[-90.8526647595609,14.28244126336797],[-90.85310424784349,14.282326996388747],[-90.85341679849824,14.281355369578286],[-90.8520670977684,14.279594602325098],[-90.85261758781496,14.27769542420102],[-90.85223646062677,14.27525523400735],[-90.85168088596673,14.275626564176637],[-90.85097956555117,14.275262650447083],[-90.85042645813046,14.27363073305511],[-90.85056402646144,14.27268134817082],[-90.84975639023045,14.271868949759291],[-90.84889476117888,14.272141407832073],[-90.84903525836556,14.273090384812479],[-90.84804197802812,14.274020098070821],[-90.84792564082228,14.274832264081454],[-90.84720765209798,14.275104506478486],[-90.84709300962498,14.275872971195477],[-90.8466757923027,14.275805779881129],[-90.845976621501,14.27319866210554],[-90.84550158419033,14.273231132014748],[-90.84486761235462,14.275356323932588],[-90.84389466473844,14.27556562883473],[-90.84239366838845,14.268044241196968],[-90.84080146508832,14.267521081842082],[-90.84051576067218,14.268221195405125],[-90.84096544844994,14.269305334002562],[-90.83943485710142,14.26849393244308],[-90.8391240600867,14.269850351760548],[-90.84044318833811,14.270526459550716],[-90.84070279380248,14.272153260384425],[-90.84017869082227,14.275679547413358],[-90.84023456355436,14.276357455647624],[-90.84071406968121,14.276763563163565],[-90.84016388914814,14.277849130073584],[-90.8404652544957,14.278797882574937],[-90.84264866697951,14.279099846337385],[-90.84389647580383,14.27675899064572],[-90.84431359115698,14.276758388178452],[-90.84465901728622,14.280419021704928],[-90.84548026394947,14.282045001659101],[-90.84515877162643,14.283943832281668],[-90.84460094969633,14.282859860448813],[-90.84307271788255,14.28367565183011],[-90.8422372321802,14.282863269049116],[-90.84154202102756,14.28286426711372],[-90.84098666865707,14.283407452987129],[-90.84098871028266,14.284763425086277],[-90.83918195815367,14.285308395590647],[-90.83834364391723,14.282597637545907],[-90.83852756951896,14.281648193284232],[-90.83771130051346,14.27995703076861],[-90.83680900584073,14.279119563004059],[-90.83604431916811,14.279143154331557],[-90.83472624373707,14.281043376899808],[-90.83464048959327,14.279429832706086],[-90.83416717855258,14.279077996280696],[-90.8344444579128,14.2785352165645],[-90.83361021978969,14.278536386352089],[-90.83444425775018,14.278399619198943],[-90.8352764887952,14.277042472876454],[-90.83611112355736,14.277312492087674],[-90.83583163895355,14.276363702700863],[-90.83610529129136,14.273380168129027],[-90.83471292384793,14.272026150881471],[-90.83443325204153,14.270941761713885],[-90.83345960791067,14.270671930494013],[-90.83318233535535,14.27121470926294],[-90.83248676152421,14.270944485164991],[-90.83304130806589,14.269858928844704],[-90.8324851705373,14.269859705290012],[-90.83248397738498,14.269046120319018],[-90.83192784181881,14.269046895420573],[-90.83248338083695,14.26863932781263],[-90.83248238663202,14.267961340271235],[-90.83164779059182,14.26769130729469],[-90.82735827140063,14.269808619661307],[-90.81660745848635,14.284288753163795],[-90.81407950366018,14.286530825171516],[-90.80813291065574,14.285447934327712],[-90.80277368637195,14.283388292457191],[-90.80041876155819,14.283046855310861],[-90.79794974523242,14.285460894463926],[-90.79754215997201,14.288848196306072],[-90.79842669611129,14.290052557184575],[-90.7996703528504,14.295733913534448],[-90.80045874324338,14.308477893026842],[-90.8024943147495,14.31984112660989]]]]},"properties":{"FID":20,"CODIGO":501,"OID_":57,"MUNICIPIOS":"Escuintla","AREA_KM2":546.708,"DEPARTAMEN":"ESCUINTLA"},"id":20},{"type":"Feature","geometry":{"type":"MultiPolygon","coordinates":[[[[-91.08890206665346,14.312211534726433],[-91.08911117988065,14.31241440599033],[-91.08915033721065,14.312172254297995],[-91.08890206665346,14.312211534726433]]],[[[-91.12646604435761,14.333539037529649],[-91.12646605881889,14.333544246307092],[-91.12646677492594,14.333536932882614],[-91.12646604435761,14.333539037529649]]],[[[-91.08890259664315,14.312414922875407],[-91.08646836277867,14.312127244941607],[-91.08496764621289,14.314007264797768],[-91.08272004299215,14.314531853541762],[-91.08146863523082,14.314575702506685],[-91.08132738032428,14.313721705510817],[-91.0808486163716,14.313798087884077],[-91.08077263543449,14.314299332549995],[-91.08007726408545,14.314267132542799],[-91.0805581307829,14.31405727205594],[-91.08063095943574,14.313280346742143],[-91.08161121917021,14.313307610972247],[-91.08174621470133,14.314367396252813],[-91.08285727059776,14.31382230164307],[-91.08472218600375,14.313769256847442],[-91.08610006033356,14.310862530032782],[-91.08688143791174,14.310550750909885],[-91.08743888339924,14.311021830954116],[-91.0882719058896,14.310518182692224],[-91.08868677349112,14.309635801134979],[-91.08840548940051,14.308416160307416],[-91.0886835954868,14.308415471856534],[-91.08868077084577,14.307330734614608],[-91.08912618930223,14.307492237084622],[-91.08937532570403,14.307057827908366],[-91.08950978194505,14.30529478518317],[-91.08895357751783,14.305296163398499],[-91.08909404169965,14.305838187652354],[-91.08784416495068,14.306451449613865],[-91.08700897367892,14.306114530232735],[-91.08700615754519,14.305029792454047],[-91.08561564736885,14.305033220851314],[-91.08554436626363,14.304355430718019],[-91.08665430877869,14.303403543359666],[-91.0863576471686,14.301587273925733],[-91.0839379315502,14.301511923797209],[-91.08338033694345,14.300970919187883],[-91.08351798633443,14.30042820866522],[-91.08143600911411,14.30189093439475],[-91.08102295462739,14.303485164482737],[-91.08032683370642,14.303147881000362],[-91.07994525817857,14.303994945528304],[-91.0791030869696,14.304530366641625],[-91.07555012275672,14.303751120676305],[-91.07754583281559,14.303154650681545],[-91.0788605616829,14.300710774838644],[-91.07857934315709,14.299491119044754],[-91.07913032761792,14.297455878223277],[-91.07891794143751,14.295964868120313],[-91.07968165020839,14.295556228668412],[-91.07963849431894,14.293763429264718],[-91.07779726720062,14.292713350226046],[-91.0789002531173,14.289049647195213],[-91.07751053095444,14.289324209778023],[-91.07695229118929,14.288512002523632],[-91.0772279534027,14.287562179780002],[-91.07690984134405,14.287466022707385],[-91.0760693276428,14.287564986230322],[-91.07570092116542,14.28851503211271],[-91.07514544557203,14.28878756188802],[-91.0737536577145,14.288248546258254],[-91.07347694957947,14.288791587290309],[-91.07167009647553,14.289067120508935],[-91.07222591997913,14.288930191436748],[-91.0722245490621,14.28838782035371],[-91.07333378769444,14.287164809187768],[-91.07221666740499,14.285269186144692],[-91.07221461163333,14.284455629259675],[-91.07165777215177,14.28418577944898],[-91.07210553716706,14.282557580181688],[-91.07165298061621,14.282287479605541],[-91.07192523524296,14.279981733267842],[-91.07132906406146,14.279886235739252],[-91.07122834574307,14.27930543704485],[-91.06992156131051,14.279389870652244],[-91.07020420631669,14.281206203157254],[-91.06991055195842,14.28181389981359],[-91.06901143959355,14.282361602645015],[-91.06692638557168,14.282569966090438],[-91.0674459934318,14.281856861260005],[-91.06831438075399,14.281617501506943],[-91.06831267973814,14.280939536770127],[-91.06719970730285,14.28067100236057],[-91.06664016948338,14.27931639614704],[-91.06608334900938,14.279046532470579],[-91.06579918283853,14.276606518332493],[-91.06538208064111,14.27660750857598],[-91.06538614089268,14.278234625298406],[-91.06496835942336,14.277964428804639],[-91.06524541440368,14.277556989966142],[-91.06496464033009,14.276472905009225],[-91.06524270832017,14.276472245421381],[-91.0657237418851,14.274233804613381],[-91.06481918503339,14.273896965804356],[-91.06431171766208,14.274847325628919],[-91.06426862614404,14.27613556981153],[-91.06380516934504,14.276114156341785],[-91.06385000641428,14.275526388329427],[-91.0630151319089,14.275257174837487],[-91.0630134475362,14.27457920911653],[-91.06349972545213,14.274442465621938],[-91.0632871321788,14.2728158409201],[-91.06273100496935,14.27281715487708],[-91.06328612123656,14.272409061428107],[-91.0631442262325,14.271256848031815],[-91.06161337502357,14.270650287489369],[-91.06189109993467,14.270514038854953],[-91.06161135949748,14.26983672810905],[-91.06077717938466,14.26983869229046],[-91.06063680806804,14.269296646328465],[-91.05938487149771,14.269028399692305],[-91.05910480606633,14.268215492269114],[-91.05840899274817,14.267945935139606],[-91.05799190595702,14.267946911864525],[-91.05730076089309,14.269575658283628],[-91.05688300487888,14.26930544648015],[-91.05605015635574,14.269849767508626],[-91.05708955046579,14.26849139903113],[-91.05687867527203,14.267542732791538],[-91.0543751632825,14.267141785675504],[-91.05214608411612,14.265248639584371],[-91.05186670940896,14.264706909329545],[-91.05214080234464,14.263079143293401],[-91.05158403846376,14.26280924328812],[-91.05158206006428,14.261995681981908],[-91.05102464074723,14.261454593381773],[-91.0494937219454,14.260780154124692],[-91.04824249912035,14.260783033896232],[-91.0467164944068,14.262142481430335],[-91.0460213661509,14.262144074167496],[-91.04546265503433,14.261060597301773],[-91.04407305520618,14.26133496067527],[-91.0440717543597,14.260792585726481],[-91.04281663709237,14.259168311719625],[-91.0410086793037,14.258901230567254],[-91.04058966950399,14.258088613190225],[-91.03924379870968,14.257278092075094],[-91.03961344292989,14.256802674990789],[-91.04100285992774,14.256460541362193],[-91.04086189858378,14.25564729341933],[-91.04016549857964,14.255106492828995],[-91.0401638849431,14.254428523345528],[-91.0393275030147,14.253481252993783],[-91.03849144978255,14.252669573347756],[-91.03737928944378,14.25267208076152],[-91.03677787640169,14.253080218659635],[-91.0362495722424,14.25432268091591],[-91.0361908413502,14.25308153862017],[-91.03668354793153,14.252402457263248],[-91.0361264274511,14.251963026828857],[-91.03483596282277,14.252174081978493],[-91.03543076945385,14.251727298042061],[-91.0369598236194,14.251656064721066],[-91.037094833042,14.249960826715869],[-91.03514729663802,14.249422822818003],[-91.03514505948748,14.248473664294385],[-91.03458739311303,14.247796940009149],[-91.03375329024655,14.247798806782967],[-91.03278335178314,14.249156922327769],[-91.03181149609424,14.249701469367597],[-91.03180959044055,14.248887904498684],[-91.03125288442527,14.248617954632946],[-91.0312519326597,14.248211172131523],[-91.03194289057059,14.246446899795876],[-91.03138682507213,14.246448138359607],[-91.03055462753538,14.247263558977881],[-91.02972020976758,14.247129817375834],[-91.02916656478929,14.248170518242265],[-91.0291612987244,14.245910702707768],[-91.02832720204934,14.245912550279758],[-91.02805106156494,14.246726731057592],[-91.02707794509402,14.246728881869412],[-91.02651999217713,14.245916543354632],[-91.0239722412486,14.246283647926926],[-91.02346476135858,14.24727921328278],[-91.02346194828435,14.246058864064349],[-91.02419957725088,14.245963494087665],[-91.0242593357263,14.245209645107224],[-91.02484866436093,14.244564273691198],[-91.02373591590272,14.244295527400448],[-91.0233201199006,14.24483881950871],[-91.02262504197267,14.244840342233493],[-91.02150855843182,14.242944452343522],[-91.01886604421999,14.242407829130078],[-91.0170594767891,14.242682938717683],[-91.01608884059011,14.243769800581093],[-91.01483770471039,14.243772501931256],[-91.01483709002042,14.243501312775162],[-91.01233359709667,14.242964317156185],[-91.01191960908886,14.24432115812789],[-91.0084437145842,14.244102682377672],[-91.00788876432503,14.244600958360826],[-91.00704861587353,14.241890836486164],[-91.00560595338865,14.243304141167085],[-91.00614230503224,14.240672400552938],[-91.00565545630118,14.240537836559396],[-91.00523540098526,14.239182771072896],[-91.00467935091051,14.239183946832496],[-91.00412570769406,14.240269880090782],[-91.0035702559586,14.24054224306034],[-91.00357145818684,14.24108462245415],[-91.00106681840427,14.24000512720026],[-90.99995710061486,14.241092217558446],[-90.9977322853635,14.24082567434124],[-90.99773347367885,14.241368054207943],[-90.99703781025691,14.241098312128885],[-90.99676274766855,14.242454840493302],[-90.99648116213636,14.240828278964939],[-90.9962031347182,14.240828856880132],[-90.99666538176973,14.240330800233743],[-90.9962001732742,14.239472906789912],[-90.99647582877489,14.238387568794614],[-90.99605820008705,14.23811724532421],[-90.99494610353806,14.238119552642885],[-90.99494728496754,14.238661932862236],[-90.9948070914555,14.238119840693638],[-90.99411203099586,14.238121279733718],[-90.99203095998452,14.240023916214156],[-90.99175117249942,14.23921091827771],[-90.99008126370627,14.238400776589884],[-90.98924718951996,14.23840248672385],[-90.98785881244731,14.239218901642916],[-90.98785764789042,14.238676520869877],[-90.98702182865692,14.237864651963143],[-90.98720567925753,14.237186297905684],[-90.98692047580771,14.236877021867302],[-90.98632473682304,14.236916901627406],[-90.98632676816449,14.237866068320674],[-90.9857714925257,14.238228698994014],[-90.98498011454124,14.237690307476656],[-90.98367409403433,14.237725001069462],[-90.9833077178825,14.238540660817305],[-90.98390443399873,14.23956990352243],[-90.98466238261891,14.239632197707362],[-90.9852752930465,14.24282346440933],[-90.98531342403511,14.250662138651064],[-90.98572613432069,14.25361616061619],[-90.9883662212555,14.262095830000353],[-90.98947386757196,14.263878661554472],[-90.98987422883438,14.266272293481432],[-90.99045687741722,14.266853307810413],[-90.99272732023327,14.273681740058663],[-90.99500628787649,14.274849750547796],[-91.00046371450377,14.282694492351368],[-91.0041500988423,14.285842042312208],[-91.00550990796133,14.287559162228998],[-91.00691596458333,14.29343027239242],[-91.00888758317076,14.296778027121393],[-91.01070843133036,14.301205559745304],[-91.01681486943694,14.307890846088654],[-91.01682981948032,14.308695262898068],[-91.01835301106766,14.31115925031932],[-91.01889423898078,14.312983584824943],[-91.01901681088941,14.315122984567104],[-91.01304641292366,14.320930198770412],[-91.0100270910239,14.324372839389051],[-91.00963476758383,14.325639240670471],[-91.00866632713914,14.32661275532144],[-91.00412699217812,14.328203534150584],[-91.00218670560437,14.32830243011875],[-91.001167009208,14.328910612772798],[-91.00086351618623,14.330801283677156],[-91.00225155936188,14.332034082725466],[-91.00209658993877,14.332918393407374],[-90.99592512818744,14.341690842064633],[-90.99405929534676,14.343695932652937],[-90.99307080737229,14.346383934372298],[-90.99141018691509,14.348886628863628],[-90.98969945253793,14.350119206772387],[-90.98706770498569,14.350947461188232],[-90.9855745719945,14.354015193608308],[-90.98509084114521,14.364306245936248],[-90.98388015582978,14.369846781679104],[-90.98229088099228,14.373146347158606],[-90.98252502873206,14.386372517837275],[-90.98186240322248,14.39582721723265],[-90.98249972947465,14.408532678900587],[-90.98797530683812,14.414204786950165],[-90.98930892765762,14.419608844552089],[-90.99037273174011,14.420855944844128],[-90.99393630718205,14.420966470029034],[-90.99523632069669,14.41997556288475],[-90.99682761872972,14.41946042358104],[-91.00071134685574,14.41967070916994],[-91.0028750096637,14.420086649679776],[-91.00611698225346,14.423062339400815],[-91.0053394497533,14.427533523850947],[-91.00352994664328,14.430677717092086],[-91.00351921739761,14.43311644132022],[-91.0050614622761,14.43440933775539],[-91.00508520761203,14.436037299031202],[-91.00347219790945,14.437869415468636],[-91.00247195521936,14.439939409088096],[-91.00254713136282,14.442360785630875],[-91.00435804581151,14.442842654770944],[-91.00569605481527,14.442542213103673],[-91.00991863989503,14.43891120741216],[-91.01051850029408,14.437996771881267],[-91.01220925680843,14.431579042106481],[-91.01305623606136,14.430895989900964],[-91.01421682961224,14.426999572345224],[-91.02279694372461,14.417462005363655],[-91.02920331791364,14.412069684842649],[-91.03288146416953,14.410542609879146],[-91.03723373920188,14.409983516226019],[-91.03846422132989,14.411417070122244],[-91.03816804169226,14.414934526070494],[-91.03367167498106,14.421801370383738],[-91.03343456115708,14.425311391214448],[-91.03406060817365,14.427936206608196],[-91.03612347268162,14.430482618170942],[-91.03690379739041,14.430718429962822],[-91.03796670904705,14.43045164664915],[-91.040038576258,14.428268364785055],[-91.0424648902819,14.427897665000838],[-91.04546861524285,14.430294796531685],[-91.04661535421351,14.431845112381435],[-91.04850818075549,14.432111564113217],[-91.05064738091299,14.431572349262765],[-91.05360884326633,14.429112747188293],[-91.06006309653247,14.427664638538529],[-91.06260876346971,14.425218429308405],[-91.06471155892646,14.424187381840373],[-91.069510127184,14.420490964927888],[-91.07364789732613,14.418074575966115],[-91.08287360841442,14.40924012749508],[-91.08595938261028,14.408301562906656],[-91.0870155614833,14.408536052000482],[-91.08880458929876,14.409818012138851],[-91.09016665666702,14.409860661927],[-91.09169395418546,14.408805483682999],[-91.09531201886148,14.404551019973976],[-91.09803481915667,14.402941728918632],[-91.10072324722775,14.402308151546451],[-91.10262106518961,14.404162497668873],[-91.10230129897,14.408259481705203],[-91.10127036840024,14.410106102989573],[-91.10109149793998,14.413641638875127],[-91.10136434861957,14.415502129577574],[-91.10187281761942,14.416365893674389],[-91.1040270014515,14.41450796269451],[-91.10559372204987,14.414683213558888],[-91.1130834281121,14.407879322287222],[-91.11555782713558,14.406651922351468],[-91.11644473271247,14.40303161862722],[-91.1183995403954,14.40211521540637],[-91.11892029070366,14.399652153083576],[-91.1202094404468,14.398502233966504],[-91.12123050612846,14.396770654808753],[-91.12277485387904,14.39566002602502],[-91.12287998635475,14.394452107213612],[-91.12175433368323,14.392686518559632],[-91.12230079637452,14.390535434685487],[-91.12332139868643,14.389546031600691],[-91.12482944112053,14.389445028599123],[-91.1259797468898,14.387561937078205],[-91.12734381456873,14.386726611752367],[-91.12808665909934,14.385686409294925],[-91.12891714101187,14.382819071055126],[-91.12996287668241,14.382143881936278],[-91.13188293009284,14.381964748297142],[-91.13377785732987,14.382857470249094],[-91.13460858022343,14.38260419442921],[-91.13569200165416,14.381365563689002],[-91.13647263201365,14.379115729953284],[-91.13653386441814,14.377111017777494],[-91.13584417754092,14.37377414038873],[-91.13496439103572,14.372541499898984],[-91.13423237449531,14.372286071249848],[-91.1329749014514,14.373068066047926],[-91.13149523056438,14.37304509185797],[-91.13096206528546,14.371661538288034],[-91.13161252974335,14.369666004231407],[-91.1341176828662,14.365993947281291],[-91.13418871653482,14.364834317400057],[-91.13168231168366,14.363284964902691],[-91.13037698870296,14.359718415642158],[-91.12779481824775,14.359974794414363],[-91.12676850541374,14.359651499370473],[-91.12544745835575,14.35735909467617],[-91.12636573195762,14.35325657093051],[-91.12612546168702,14.350728699520696],[-91.12638294753145,14.349863140199194],[-91.12889334388105,14.346863321743104],[-91.12901784338948,14.345963944484785],[-91.12808083442943,14.343614712423328],[-91.12930241217325,14.340436381808667],[-91.12930171115234,14.338565615875709],[-91.12651629864651,14.335352273801911],[-91.12640682258322,14.334270497569245],[-91.12596706469857,14.3342183134859],[-91.12670926429129,14.33150451686201],[-91.12503903488367,14.330991181438723],[-91.12404404230077,14.331262069837337],[-91.12336664395343,14.329692624166977],[-91.12265152878831,14.329733165571684],[-91.12201278585609,14.330432132513653],[-91.12294777884622,14.329088855977554],[-91.12406177900749,14.32962167790085],[-91.1247567060933,14.329475783810079],[-91.12489721922955,14.32999844950159],[-91.1255930173797,14.330166636719628],[-91.12600829157897,14.329472487135993],[-91.1264722406508,14.329606855366213],[-91.1271191312294,14.328864688504158],[-91.12814799241657,14.328788876318045],[-91.12755830781454,14.32675655647854],[-91.12841586431672,14.326347512851607],[-91.12838634129162,14.325669631258375],[-91.12627288008736,14.32459047807842],[-91.12839861464593,14.323906903344339],[-91.12839614066571,14.323188696169488],[-91.12790271110201,14.323094662973803],[-91.12841352185883,14.322822128122999],[-91.12811951951782,14.32187376183146],[-91.12946217185666,14.321305329477166],[-91.12973632210452,14.31988088715551],[-91.12876366370926,14.320154647407893],[-91.12834503984351,14.319635897336882],[-91.12737168985926,14.319660980071276],[-91.12806899570025,14.320382383362206],[-91.12678570656284,14.321470508927508],[-91.12754519327484,14.32203788427464],[-91.12654473407437,14.322329982436436],[-91.12515268859403,14.32181379229756],[-91.12479884853295,14.323160845254963],[-91.12262016391082,14.32375263133733],[-91.12237802071367,14.324193940305323],[-91.12205942759667,14.323923590732816],[-91.12231195370234,14.322642219337672],[-91.1239429275942,14.32256272948061],[-91.12390179064236,14.322050659610369],[-91.12284371187788,14.321616469532138],[-91.12292633914255,14.321318056139239],[-91.12371477271583,14.321478591922965],[-91.12389908520714,14.32107133161696],[-91.12391593014183,14.319967218048955],[-91.12347666545638,14.31917415095494],[-91.12417104961654,14.318843146059415],[-91.12417864983077,14.318350015676758],[-91.12347479422161,14.31849619518402],[-91.1225059442827,14.320152853922895],[-91.12208869169794,14.320126934393349],[-91.1219452455301,14.318534102028156],[-91.12144143853978,14.318637114443924],[-91.12094912298953,14.320401100045625],[-91.12146665536137,14.32148448401635],[-91.1208438662786,14.322570849802355],[-91.12042519345248,14.322029575064489],[-91.1205804722805,14.32160544391841],[-91.1200675675964,14.321216955776206],[-91.12003141204525,14.319696404854056],[-91.11902957009583,14.3202027213055],[-91.11924528479388,14.319185217451615],[-91.118607842615,14.318542814877784],[-91.11757182882367,14.31911648060509],[-91.11749528181603,14.318511810916712],[-91.11707762445967,14.318336520119782],[-91.11555175382848,14.319724737971033],[-91.11401425725452,14.319341007259403],[-91.11401967803992,14.318837288867028],[-91.11479392248512,14.31865440860942],[-91.11340697347643,14.318522401076402],[-91.11346135570078,14.318070197831286],[-91.11429546013584,14.317977736164684],[-91.11345632402428,14.316217203218455],[-91.1147078387156,14.316213969041865],[-91.11508493182271,14.317203982662791],[-91.11554513710756,14.317296540319346],[-91.11563117193772,14.318245463706162],[-91.11610420318195,14.318334544176885],[-91.1167538693869,14.31617000247599],[-91.1173024378626,14.315800466132178],[-91.1162348786321,14.315260867577642],[-91.1163761545708,14.316074055186837],[-91.11568160831449,14.316347040398739],[-91.11505511250965,14.31607747808842],[-91.11505105244139,14.314585972569388],[-91.11456324952495,14.314180457348492],[-91.11456140571202,14.313502500146766],[-91.11567237198372,14.31295725533364],[-91.11566609266033,14.310652200934674],[-91.11510987773715,14.310653640855906],[-91.1144182950734,14.312011353653624],[-91.11386281326918,14.31228397374357],[-91.1138642865043,14.312826339634771],[-91.11275331614497,14.313371576150137],[-91.11233614971033,14.313372651301307],[-91.11108025051401,14.311748773839852],[-91.10899388427414,14.311550739587702],[-91.1080239685798,14.31284135186737],[-91.10705058160197,14.312843839955486],[-91.10562505700575,14.311325767282986],[-91.10523959428777,14.31162812486267],[-91.10551951990186,14.312305375019433],[-91.10501148915844,14.312984631803094],[-91.10524722043904,14.31447555025767],[-91.10497055986124,14.315018625068985],[-91.10316589934041,14.31617574961579],[-91.1027925156191,14.316963240222455],[-91.10224049871739,14.31678826359207],[-91.10306173868604,14.31882006984101],[-91.10150497175171,14.319095201458554],[-91.10142769487904,14.319908952820793],[-91.10081292126337,14.320317286239474],[-91.10067572411602,14.321018106794295],[-91.10037435244399,14.32031839498705],[-91.1011519088051,14.31997003191641],[-91.10116615435871,14.318689281112807],[-91.1017352698005,14.318552247801511],[-91.10146376639338,14.317874972085923],[-91.10205470428437,14.316653141769896],[-91.10172588014343,14.31502686279571],[-91.10223086172103,14.313172572162177],[-91.10195702434639,14.311310984988442],[-91.10078732232155,14.310690270648957],[-91.10078876400944,14.311232637932545],[-91.10037106033054,14.311030304185492],[-91.09833388408757,14.311916793755403],[-91.09890930058143,14.312395215848255],[-91.0988695337169,14.312864594097784],[-91.09812811299656,14.312979543309],[-91.09829236422964,14.313724890084071],[-91.09756522870236,14.31405643231695],[-91.09701036437143,14.315343839491888],[-91.09704235200238,14.314292915160058],[-91.09775852408929,14.313409761946458],[-91.09778278620068,14.311646994785345],[-91.09914651045924,14.310694411915515],[-91.09859973005833,14.309746639909225],[-91.0992473028133,14.3067619669191],[-91.09910735280732,14.306423337542627],[-91.09674341649396,14.306406771452087],[-91.09666317358017,14.305896380896872],[-91.09548849942662,14.305099009580516],[-91.09423769535053,14.305350813856714],[-91.09335073900927,14.306505568747843],[-91.09330541666846,14.307759916518432],[-91.09278423634686,14.307862911216873],[-91.09243909225741,14.308812922097237],[-91.09137403660267,14.309222352645442],[-91.09216347229895,14.309762759336193],[-91.09193702696926,14.311030799396766],[-91.09061147686482,14.311638438575232],[-91.08922949903814,14.31300256497911],[-91.08828373018325,14.315060518348528],[-91.08758859527055,14.315120235879293],[-91.08695165372562,14.316148555941016],[-91.08590905208283,14.316436350879181],[-91.08582295085654,14.316015748177595],[-91.08664247894951,14.315902762638093],[-91.0869760453319,14.314873868714065],[-91.08777673572983,14.314568659348911],[-91.08855784160768,14.313523031153112],[-91.08890259664315,14.312414922875407]]]]},"properties":{"FID":21,"CODIGO":502,"OID_":58,"MUNICIPIOS":"Santa Lucia Cotzulmalguapa","AREA_KM2":454.854,"DEPARTAMEN":"ESCUINTLA"},"id":21},{"type":"Feature","geometry":{"type":"MultiPolygon","coordinates":[[[[-90.9833077178825,14.238540660817305],[-90.98337070409768,14.239266694165485],[-90.98390443399873,14.23956990352243],[-90.9833077178825,14.238540660817305]]],[[[-90.95842457132035,14.273294168328576],[-90.95907749539683,14.273715453020316],[-90.96323433035934,14.273726185271611],[-90.9803229112888,14.277453676208204],[-90.98326527791066,14.277609647433977],[-90.9841809872462,14.277274001215341],[-90.98489656405692,14.276128990537131],[-90.984446578462,14.27306959955085],[-90.98504899370465,14.272730166565262],[-90.99017168050646,14.273870295099085],[-90.99272732023327,14.273681740058663],[-90.99045687741722,14.266853307810413],[-90.98987422883438,14.266272293481432],[-90.98947386757196,14.263878661554472],[-90.9883662212555,14.262095830000353],[-90.98572613432069,14.25361616061619],[-90.98531342403511,14.250662138651064],[-90.9852752930465,14.24282346440933],[-90.984805007969,14.241394872849993],[-90.98522567588941,14.243020949010464],[-90.98418262763572,14.242819672863233],[-90.98383610056173,14.243294960700636],[-90.98258438496156,14.243026302440054],[-90.98202659715261,14.24221385414015],[-90.98035841867406,14.242217216114172],[-90.98007924264468,14.241675394047363],[-90.97910556867193,14.241406157926974],[-90.97855065353122,14.241949654411844],[-90.97743853531898,14.2419518807919],[-90.97688418410557,14.242766564286798],[-90.97646600053761,14.242225015397315],[-90.97590994061204,14.24222612440089],[-90.97521770240773,14.243583462847461],[-90.97365455170463,14.243959458144165],[-90.97383263593704,14.24602694324586],[-90.97201977392112,14.243318614893171],[-90.97007355334766,14.243322454786277],[-90.9685457781848,14.244003438333403],[-90.9685482957617,14.245223797947842],[-90.96813124483803,14.24522461616054],[-90.96785153495276,14.244411588087516],[-90.96687841947228,14.244413493170637],[-90.96576851194506,14.245500430053735],[-90.96521244314233,14.245501514387401],[-90.96521466529975,14.246586278876777],[-90.96479761167504,14.246587091341446],[-90.96368214633718,14.244962107226867],[-90.96395879518413,14.244283589016893],[-90.96340134598948,14.243606690945196],[-90.96284528163599,14.243607769624376],[-90.96271179058924,14.246319951525654],[-90.96187933874836,14.247135140656503],[-90.9595154789256,14.246868510818164],[-90.95882148401074,14.247412230636655],[-90.95784835442619,14.247414099295938],[-90.95715380775411,14.247686623020696],[-90.95715489973759,14.248229005796215],[-90.95604499425112,14.24934979800743],[-90.95576525359719,14.24850285596846],[-90.95493113817014,14.248504447358117],[-90.95409864977762,14.249319610278294],[-90.95131825397546,14.249324884454287],[-90.95131879305656,14.249596076028261],[-90.95048413501348,14.249326460390892],[-90.9504846730983,14.249597651996128],[-90.94923349296991,14.249600010481823],[-90.94756739094744,14.250687911720624],[-90.94673326654716,14.250689474693786],[-90.94562269754417,14.251505129370306],[-90.9450692710763,14.252862125927876],[-90.94409505512985,14.252321555652962],[-90.94284597526013,14.25340864832033],[-90.94090124067158,14.254225828471505],[-90.93979115849838,14.255312648739435],[-90.93951521199045,14.25639792861992],[-90.93868054144706,14.256128272161776],[-90.9378482274695,14.257078976327001],[-90.9381275861816,14.25775644549086],[-90.93729604809994,14.259113935650563],[-90.93687896984717,14.25911469999199],[-90.9356225284243,14.256405069000127],[-90.93451033272498,14.256407097442017],[-90.9339557906688,14.257221685855935],[-90.93270469499996,14.257291756893567],[-90.93201279688881,14.258987967386824],[-90.93229524153665,14.261292595840818],[-90.93090728457601,14.262515476214046],[-90.93063257481984,14.264278726627657],[-90.92993794204602,14.264551173165422],[-90.92896370927012,14.264010542013223],[-90.92788429518096,14.265474724230891],[-90.92858791467245,14.270074822210365],[-90.92921056826802,14.270948875853712],[-90.92972972732194,14.275417455248583],[-90.93068471810592,14.276048148512523],[-90.93158191451445,14.275905712595817],[-90.93233429509871,14.27564001833611],[-90.93251746428096,14.272956612952207],[-90.93410894773726,14.270597184998099],[-90.93705861294079,14.269611774696182],[-90.93943885440466,14.267050159057021],[-90.94112635039166,14.266093307000972],[-90.94375789466977,14.265376154669054],[-90.9445951679273,14.264301238558623],[-90.94498738928124,14.261342855970561],[-90.94630535714481,14.258404876122588],[-90.94923517199224,14.257543369793579],[-90.95143814748566,14.257717061515606],[-90.95405169283937,14.259688041729126],[-90.95451716743176,14.260534709826652],[-90.95396781648266,14.266543918704427],[-90.9573595140937,14.268675182952265],[-90.95842457132035,14.273294168328576]]]]},"properties":{"FID":22,"CODIGO":503,"OID_":59,"MUNICIPIOS":"La Democracia","AREA_KM2":290.865,"DEPARTAMEN":"ESCUINTLA"},"id":22},{"type":"Feature","geometry":{"type":"Polygon","coordinates":[[[-90.91842028137934,14.294494807608787],[-90.91308644269978,14.295346732360349],[-90.91258105433658,14.296013255370177],[-90.91269499531026,14.296720229708708],[-90.91486545245633,14.299511210879349],[-90.91672570581666,14.303601843204987],[-90.91626148560472,14.31330634251706],[-90.91405493181335,14.312905187774438],[-90.91184742098919,14.313172704634578],[-90.91049206555479,14.312485313209951],[-90.90750684010615,14.312799034701417],[-90.90643745853099,14.313630001423169],[-90.90597075603854,14.315988912342348],[-90.90528175231415,14.316460638798072],[-90.89446958670305,14.315905315359618],[-90.88951769721828,14.317481132522815],[-90.88818049093535,14.318389821654979],[-90.88596111991134,14.321650260899109],[-90.8845337388598,14.322906019176004],[-90.88212107218679,14.323051681158447],[-90.88023435150969,14.32541590402035],[-90.88176195812132,14.33027073478335],[-90.88173614309122,14.332711433070235],[-90.88015489134119,14.333687912464766],[-90.8803661399319,14.336664995160016],[-90.88169918783863,14.342626167591769],[-90.88463715780098,14.347759031994674],[-90.88813585225799,14.351426211866652],[-90.89012455668257,14.354273424411288],[-90.89013619885546,14.35562784438311],[-90.89073741242456,14.35650520237574],[-90.89026643483515,14.361635896031421],[-90.89077210769985,14.363313248909877],[-90.89223661699137,14.365048836491225],[-90.89253614416029,14.37290180622169],[-90.89596849839747,14.379375252357615],[-90.89747725633354,14.38097793053422],[-90.898500501285,14.38344942759285],[-90.8984724150626,14.39047831953076],[-90.89942001973078,14.391563197406422],[-90.89943577400301,14.39291427033531],[-90.89875483770864,14.393981282917949],[-90.89669536896938,14.395368111299337],[-90.89531531396155,14.397952636505984],[-90.89196159421677,14.411710995995259],[-90.88881769815687,14.418949195187114],[-90.88818959564544,14.4221424117035],[-90.8880745138508,14.43840325732003],[-90.88643872156584,14.447524233046522],[-90.88642266626616,14.4499593557025],[-90.88571081460579,14.4520606672665],[-90.88501982005145,14.46340960576494],[-90.88516582956778,14.469781452107435],[-90.89496789913134,14.46586631082112],[-90.90563293793988,14.460191795444798],[-90.9083585594741,14.459156523300544],[-90.91021096581517,14.457538525959068],[-90.91077354168063,14.457559333164193],[-90.9156448901782,14.45401846278467],[-90.92189791520207,14.448403381523459],[-90.92625408839804,14.442754465127836],[-90.92836449809774,14.440720624770384],[-90.93491095054132,14.430296882877972],[-90.93602373270143,14.42789500810758],[-90.93691991584568,14.427237538179352],[-90.93758489055014,14.425885616317629],[-90.94252031750655,14.421871312751358],[-90.94867278771781,14.415418555041136],[-90.94949707668327,14.413488499917529],[-90.95098602833521,14.411682816336938],[-90.95189910216668,14.408909726628803],[-90.95296570777346,14.407660628921382],[-90.95390707251285,14.405275217071182],[-90.95979544241256,14.399293068553584],[-90.9685549025773,14.393530844659628],[-90.97081783510727,14.389847493367789],[-90.97250049580428,14.3840027531957],[-90.97278244344353,14.380494405323887],[-90.97406585014886,14.377018354236986],[-90.97729191814088,14.374246823745748],[-90.97960143542153,14.373656572036076],[-90.9802258529467,14.373158102603686],[-90.98229088099228,14.373146347158606],[-90.98388015582978,14.369846781679104],[-90.98509084114521,14.364306245936248],[-90.9855745719945,14.354015193608308],[-90.98706770498569,14.350947461188232],[-90.98969945253793,14.350119206772387],[-90.99141018691509,14.348886628863628],[-90.99307080737229,14.346383934372298],[-90.99405929534676,14.343695932652937],[-90.99592512818744,14.341690842064633],[-91.00209658993877,14.332918393407374],[-91.00225155936188,14.332034082725466],[-91.00086351618623,14.330801283677156],[-91.001167009208,14.328910612772798],[-91.00218670560437,14.32830243011875],[-91.00412699217812,14.328203534150584],[-91.00866632713914,14.32661275532144],[-91.00963476758383,14.325639240670471],[-91.0100270910239,14.324372839389051],[-91.01304641292366,14.320930198770412],[-91.01901681088941,14.315122984567104],[-91.01835301106766,14.31115925031932],[-91.01682981948032,14.308695262898068],[-91.01681486943694,14.307890846088654],[-91.01070843133036,14.301205559745304],[-91.00888758317076,14.296778027121393],[-91.00691596458333,14.29343027239242],[-91.00550990796133,14.287559162228998],[-91.0041500988423,14.285842042312208],[-91.00046371450377,14.282694492351368],[-90.99500628787649,14.274849750547796],[-90.99272732023327,14.273681740058663],[-90.99017168050646,14.273870295099085],[-90.98504899370465,14.272730166565262],[-90.984446578462,14.27306959955085],[-90.98489656405692,14.276128990537131],[-90.9841809872462,14.277274001215341],[-90.98326527791066,14.277609647433977],[-90.9803229112888,14.277453676208204],[-90.96323433035934,14.273726185271611],[-90.95907749539683,14.273715453020316],[-90.95842457132035,14.273294168328576],[-90.9573595140937,14.268675182952265],[-90.95396781648266,14.266543918704427],[-90.95451716743176,14.260534709826652],[-90.95405169283937,14.259688041729126],[-90.95143814748566,14.257717061515606],[-90.94923517199224,14.257543369793579],[-90.94630535714481,14.258404876122588],[-90.94498738928124,14.261342855970561],[-90.9445951679273,14.264301238558623],[-90.94375789466977,14.265376154669054],[-90.94112635039166,14.266093307000972],[-90.93943885440466,14.267050159057021],[-90.93705861294079,14.269611774696182],[-90.93410894773726,14.270597184998099],[-90.93251746428096,14.272956612952207],[-90.93233429509871,14.27564001833611],[-90.93158191451445,14.275905712595817],[-90.93068471810592,14.276048148512523],[-90.92972972732194,14.275417455248583],[-90.92921056826802,14.270948875853712],[-90.92858791467245,14.270074822210365],[-90.92788429518096,14.265474724230891],[-90.92702240622232,14.266725956871488],[-90.92493795833599,14.267272067672982],[-90.92410579946186,14.268358321824055],[-90.92368768994919,14.267816679257772],[-90.92281339343295,14.267643968893895],[-90.92304085423508,14.268902600357054],[-90.92243842598647,14.26890366880051],[-90.9224394366121,14.269446053150402],[-90.92299759137452,14.270529835383497],[-90.922858052173,14.270258889970828],[-90.92160738392776,14.270600096974992],[-90.91973768343581,14.270339619459607],[-90.92077507114966,14.271618541928357],[-90.91980149775345,14.27143937522815],[-90.91892911101013,14.269587845458169],[-90.91719415671358,14.268467449425273],[-90.91618061205894,14.268176311291112],[-90.9160424372892,14.268643725303866],[-90.9153127660207,14.268780594428838],[-90.91555830962494,14.270000536213876],[-90.91503265637473,14.270408242049527],[-90.91498728012486,14.271357497472707],[-90.91535333767808,14.271953537848779],[-90.91646626005833,14.272304093700239],[-90.91938548316969,14.272027781026395],[-90.91998917620495,14.272704700542752],[-90.91892408559215,14.27311336497343],[-90.9194585135257,14.273926004027524],[-90.91911293090679,14.275011384339958],[-90.91939275986759,14.275960067522771],[-90.91730620970161,14.275421345209926],[-90.91688760370248,14.27460849870275],[-90.91591484968622,14.274881391838498],[-90.91591285890532,14.273796622698711],[-90.91521792993984,14.273933431252875],[-90.91528968401784,14.275153675462022],[-90.91881182366576,14.27603392021803],[-90.92217705378769,14.27824336905607],[-90.92335369465181,14.280152437288839],[-90.92537071639654,14.281993144658493],[-90.92562980860845,14.283043641887474],[-90.92551262894617,14.283823152233088],[-90.92416804202458,14.285447043691065],[-90.92414465564572,14.286544777051395],[-90.9247621728365,14.286907106060333],[-90.92454541702777,14.288818702456444],[-90.92272578779486,14.290831524963629],[-90.92263016779768,14.292982513400922],[-90.92100956790254,14.294129545854991],[-90.91860413977177,14.29446887230177],[-90.91859413118378,14.295216162071222],[-90.91842028137934,14.294494807608787]]]},"properties":{"FID":23,"CODIGO":504,"OID_":60,"MUNICIPIOS":"Siquinalá","AREA_KM2":184.498,"DEPARTAMEN":"ESCUINTLA"},"id":23},{"type":"Feature","geometry":{"type":"Polygon","coordinates":[[[-91.13587614544608,14.805670172888812],[-91.13190629783674,14.806884016992525],[-91.13083650060754,14.807607348950617],[-91.12625707133623,14.813000339878329],[-91.12425668797296,14.817888959770391],[-91.11912704038443,14.823011812703966],[-91.11574768474642,14.824715901714757],[-91.1062113021522,14.8264393750137],[-91.10422780289556,14.827254447764261],[-91.10208820822028,14.829389878859118],[-91.1014302907171,14.831063076443177],[-91.10254095235005,14.836331789568607],[-91.10518709123028,14.840911662817174],[-91.11997681471384,14.851999605761122],[-91.12646964527286,14.857904184257823],[-91.13199366428127,14.866637262657658],[-91.13481367724627,14.870084145032672],[-91.13866140580065,14.869773104342432],[-91.14369449909218,14.867278943396483],[-91.14606999136105,14.86656387198038],[-91.14752677706345,14.867343796552372],[-91.14877685481922,14.868802094618133],[-91.15142253015527,14.870049093831904],[-91.15599264576952,14.873436421368936],[-91.15724823089182,14.873915316527054],[-91.15754541641171,14.874618087862169],[-91.15666874793348,14.882993082949508],[-91.15681306974987,14.886511984667848],[-91.16007047570082,14.891671305121807],[-91.16021097706532,14.892703809195908],[-91.16192834846353,14.894492280224268],[-91.17177728749002,14.896130006931216],[-91.17649854564203,14.896430844746295],[-91.18517495149895,14.892325612344315],[-91.18706138621755,14.891913528539524],[-91.20683080944166,14.8835207722563],[-91.21159966273883,14.874649325591635],[-91.21264808918623,14.871600568182862],[-91.21285504397615,14.86889545286737],[-91.21195292177451,14.860810042580237],[-91.21218899463513,14.859786124715265],[-91.21565337291257,14.858757943708003],[-91.235096326422,14.855247973113642],[-91.23648612893457,14.854445264113952],[-91.23955236960855,14.854299327550292],[-91.24501070949478,14.85320687323645],[-91.24712097724228,14.851920435717714],[-91.2506095671187,14.850740498367749],[-91.26278177550952,14.844956084763892],[-91.26208525555239,14.841499539864207],[-91.25964129491342,14.835814408682154],[-91.25670718429035,14.831529780776567],[-91.24924361125208,14.823908562888759],[-91.24068609253106,14.817868290090145],[-91.23898174186404,14.81696053403038],[-91.23706624566574,14.816675876166435],[-91.23513291979803,14.815224080696243],[-91.23251783123791,14.814005410114763],[-91.22488735622652,14.806882713443427],[-91.22320131667314,14.803676061632961],[-91.22350842719919,14.799614908159835],[-91.2232718553917,14.798294727256726],[-91.2192900724062,14.791849586696072],[-91.2149048222404,14.781240610208647],[-91.21372237885372,14.77917202542623],[-91.21302079240752,14.778714715901039],[-91.21145266897595,14.773626855995463],[-91.21091449201771,14.769874362499584],[-91.20778540763378,14.763104701859799],[-91.20097862961902,14.756561725072936],[-91.19891276098798,14.753675094135179],[-91.19880783571931,14.746109878811426],[-91.19945544204013,14.74097370428471],[-91.1961158577418,14.738353919308159],[-91.19431135611285,14.73885046121814],[-91.19258731550762,14.741975266266147],[-91.18986322168467,14.741932496847165],[-91.18828509458696,14.74256293244617],[-91.18651880055486,14.742505030999766],[-91.18292291307559,14.740435474904896],[-91.17842202776649,14.740278068611284],[-91.17507694310207,14.742325788191401],[-91.169284822715,14.748048122236504],[-91.16717887094887,14.747446267963886],[-91.1669597777543,14.749212467069263],[-91.16140651859314,14.751397203466833],[-91.16060777857447,14.751267715964724],[-91.15937196585377,14.752312986846944],[-91.15677119244828,14.75298700660401],[-91.15402777795386,14.754674293297121],[-91.14736200961462,14.757288081654139],[-91.14080324698284,14.758290499793583],[-91.13912329691614,14.759264293345536],[-91.13761681964215,14.760859654308362],[-91.13857859354935,14.76181744452921],[-91.13983938565399,14.76228850089499],[-91.14296590564429,14.765750073229214],[-91.14779056992467,14.772274190030558],[-91.15042054416688,14.774695804080103],[-91.15316027561768,14.776432568722369],[-91.15657362733533,14.78000360998355],[-91.15731642798947,14.781683704179187],[-91.15690546609777,14.783812095638485],[-91.15723605472537,14.7897635418757],[-91.15659866876645,14.793402736473187],[-91.14747866081926,14.799872607393416],[-91.14108250897031,14.805415143177559],[-91.1389174528942,14.80583822741869],[-91.13587614544608,14.805670172888812]]]},"properties":{"FID":24,"CODIGO":701,"OID_":84,"MUNICIPIOS":"Sololá","AREA_KM2":151.369,"DEPARTAMEN":"SOLOLA"},"id":24},{"type":"Feature","geometry":{"type":"Polygon","coordinates":[[[-91.22350842719919,14.799614908159835],[-91.2262933094354,14.799630709785898],[-91.22900287578948,14.798983893460806],[-91.23333363740655,14.79622676295671],[-91.23523177433354,14.79404063599154],[-91.23680767138762,14.791350439577945],[-91.2389068337108,14.785032212898098],[-91.24188605698198,14.779563422936633],[-91.24392965306313,14.773188210134618],[-91.24511938847789,14.767369072774159],[-91.24554274750862,14.762498710270043],[-91.24600118225278,14.761865032557779],[-91.24723648439077,14.749757093822945],[-91.24401573626886,14.74981060178333],[-91.2419368256005,14.7490570987358],[-91.22472747408268,14.751399642314954],[-91.22065161630364,14.751396547393561],[-91.21721492433751,14.754874392453324],[-91.21166060652396,14.758919845096354],[-91.20558875429738,14.76085876650858],[-91.20778540763378,14.763104701859799],[-91.21091449201771,14.769874362499584],[-91.21145266897595,14.773626855995463],[-91.21302079240752,14.778714715901039],[-91.21372237885372,14.77917202542623],[-91.2149048222404,14.781240610208647],[-91.2192900724062,14.791849586696072],[-91.2232718553917,14.798294727256726],[-91.22350842719919,14.799614908159835]]]},"properties":{"FID":25,"CODIGO":702,"OID_":85,"MUNICIPIOS":"San José Chacayá","AREA_KM2":15.791,"DEPARTAMEN":"SOLOLA"},"id":25},{"type":"Feature","geometry":{"type":"Polygon","coordinates":[[[-91.32557943200813,14.688872182656553],[-91.32260172353024,14.695509478166697],[-91.32117703185065,14.697484155985867],[-91.32058437393711,14.699552970158226],[-91.31176708087239,14.712351176843583],[-91.30923543994876,14.714020565416222],[-91.30784751676599,14.715484758014647],[-91.30723749008088,14.717222374555142],[-91.30589090516033,14.71926641186107],[-91.30518122323802,14.722030231353349],[-91.30662813867139,14.72481095819476],[-91.31026560388612,14.728562317354115],[-91.31121870007681,14.729081049132017],[-91.31954483853427,14.729364204418136],[-91.32313338794776,14.730521112931445],[-91.32721611804064,14.734542088840033],[-91.3273117037712,14.735326831517229],[-91.3290961645697,14.737657987145926],[-91.33124655413131,14.736608144357396],[-91.33459300127988,14.732527833167628],[-91.33536315864106,14.730931373420177],[-91.33978420626892,14.72595149245332],[-91.34130011222732,14.7231277750123],[-91.34189871873899,14.718568936620215],[-91.34118157389418,14.714317011044436],[-91.34074068526097,14.713676665990318],[-91.3402168890267,14.707728085711846],[-91.34775237029417,14.699308643271603],[-91.34913194829207,14.696513242809278],[-91.34929273329423,14.694886388290715],[-91.3497543951481,14.69453718307737],[-91.34976688460034,14.69318267475287],[-91.35144806748873,14.687921971929386],[-91.3509770812037,14.686731235506823],[-91.3505823694765,14.68078582076228],[-91.35004828554722,14.679886114433346],[-91.34932068794204,14.67089924066683],[-91.345776379723,14.66789369043896],[-91.34519029134282,14.666739409730946],[-91.34356563151263,14.665267039643242],[-91.33797350951251,14.663072642965151],[-91.33468382776431,14.663418530560579],[-91.33301356144376,14.664229027453443],[-91.33182481456213,14.666045071208243],[-91.33136485526585,14.669237876672325],[-91.33082084455674,14.669814667439008],[-91.3292466872793,14.67584420014899],[-91.32742276942369,14.684561878082489],[-91.32620704859849,14.686544882386626],[-91.32557943200813,14.688872182656553]]]},"properties":{"FID":26,"CODIGO":703,"OID_":86,"MUNICIPIOS":"Santa María Visitación","AREA_KM2":20.757,"DEPARTAMEN":"SOLOLA"},"id":26},{"type":"Feature","geometry":{"type":"Polygon","coordinates":[[[-91.23333363740655,14.79622676295671],[-91.23504700564432,14.800016488334432],[-91.23564171574573,14.805374707469392],[-91.23702392989205,14.80704821518206],[-91.24147004476374,14.808572280902624],[-91.2499839571442,14.809953232644906],[-91.25306590866674,14.810957219873984],[-91.25593890601068,14.81297293873469],[-91.25822709974162,14.816825638867734],[-91.26037104828526,14.818537551837018],[-91.26231855094241,14.819404066802011],[-91.26586100460104,14.820062294036951],[-91.27080409533731,14.819610310261538],[-91.27284542800126,14.818976045344447],[-91.28190675160495,14.811481458341486],[-91.28664980396795,14.809713744203059],[-91.30113339690806,14.807099486663809],[-91.30418917423043,14.805531327919267],[-91.3045256208745,14.804973454090877],[-91.30466982307878,14.80121135049448],[-91.30189386514868,14.79272125966848],[-91.2979232794731,14.784831268125663],[-91.29700251764632,14.778129645513149],[-91.29735700110024,14.777115495518192],[-91.30125334868133,14.77377984008533],[-91.30688635571467,14.771360639902145],[-91.30806136874713,14.769855397728996],[-91.31267914299896,14.766200564053829],[-91.31758855103165,14.760911866593778],[-91.31787948954829,14.752515418424833],[-91.32022969828003,14.74738761519887],[-91.31918934815181,14.746048077817756],[-91.31782611394829,14.74525863618238],[-91.31426946140421,14.744607984329681],[-91.30593669567463,14.743984481630902],[-91.29955118442268,14.744510396811004],[-91.2962335730632,14.744108645361365],[-91.2899208455815,14.744159211877422],[-91.27572894707302,14.74734134903205],[-91.26860254332415,14.748474308829254],[-91.26719773485107,14.74929639112775],[-91.26138566774338,14.7511258344242],[-91.25263416645555,14.752726180816737],[-91.24960820500453,14.752368891350695],[-91.24726959477354,14.75149371467441],[-91.24647842559263,14.754828279068446],[-91.24600118225278,14.761865032557779],[-91.24554274750862,14.762498710270043],[-91.24511938847789,14.767369072774159],[-91.24392965306313,14.773188210134618],[-91.24188605698198,14.779563422936633],[-91.2389068337108,14.785032212898098],[-91.23680767138762,14.791350439577945],[-91.23523177433354,14.79404063599154],[-91.23333363740655,14.79622676295671]]]},"properties":{"FID":27,"CODIGO":704,"OID_":87,"MUNICIPIOS":"Santa Lucía Utatlán","AREA_KM2":51.068,"DEPARTAMEN":"SOLOLA"},"id":27},{"type":"Feature","geometry":{"type":"Polygon","coordinates":[[[-91.26278177550952,14.844956084763892],[-91.26423239217578,14.846700027900061],[-91.26602166114486,14.852438934344528],[-91.2684996462038,14.856590129095858],[-91.27204452770746,14.860015017133845],[-91.27577780531139,14.862327375579614],[-91.28177452967637,14.863228662066557],[-91.28925956830513,14.861949222500655],[-91.2952659583315,14.86014904752649],[-91.3019501973494,14.855871694082083],[-91.3031064635582,14.857209936731433],[-91.30515211953258,14.866182709543775],[-91.30645830204091,14.87444280474166],[-91.30731457869054,14.875834178821021],[-91.32870069749671,14.875254387433715],[-91.33726721040345,14.875603590272167],[-91.34756254621705,14.867448838424838],[-91.36351011334357,14.855651307533817],[-91.36175365770725,14.850259534255366],[-91.36320212762679,14.849090382420622],[-91.37353209978733,14.841986300555298],[-91.40422882028996,14.822747637094613],[-91.40410574489462,14.819969765800664],[-91.40573854981945,14.813786446845864],[-91.40631812108383,14.808931233506883],[-91.40810200031581,14.801117507691888],[-91.4091417152143,14.799629972276586],[-91.44420917996875,14.76376400042226],[-91.44553591059152,14.746734217730374],[-91.44611093307978,14.744641148789063],[-91.4482923115365,14.741948756790935],[-91.4490166252613,14.74163839593287],[-91.45509336120371,14.741020376855857],[-91.4582234275276,14.739929516679007],[-91.45960450298023,14.739829124197948],[-91.46230847331529,14.73857154335435],[-91.46558302165352,14.735241094577917],[-91.46978945601028,14.728699007549345],[-91.47229275166777,14.726141792109042],[-91.48321970507183,14.720584798940006],[-91.4849988433277,14.718885874193637],[-91.48597101280434,14.717209905612712],[-91.48732055412638,14.711894933916273],[-91.49007188111005,14.706211712261926],[-91.489146695665,14.705204649862154],[-91.48891362399324,14.704156900968256],[-91.48875323848922,14.698194827831436],[-91.48917522403809,14.691432101673946],[-91.48822872603176,14.6814607558881],[-91.48561916546448,14.667518481817211],[-91.48346184217732,14.660999931283634],[-91.48164635065503,14.644882220761124],[-91.48282284268144,14.642466387829822],[-91.48464778110424,14.635771534807217],[-91.49271904795866,14.621148347056726],[-91.49563268936753,14.616115621332131],[-91.50010521626034,14.610714374130174],[-91.50094946808728,14.608810352828392],[-91.50454512151111,14.604184086061576],[-91.50648870826913,14.60012114904329],[-91.50008464727806,14.598603359194515],[-91.50004751497171,14.596378440726907],[-91.49823129210134,14.594655036484463],[-91.49624808324383,14.593607324873178],[-91.49432622657116,14.594459273057314],[-91.49186034688798,14.59444109641313],[-91.49019555269889,14.599445731148586],[-91.48872869545461,14.601023671793657],[-91.4855136957921,14.60187167866912],[-91.48278877230618,14.60730208431563],[-91.47447521734644,14.61566968274704],[-91.47210041731736,14.620320362474871],[-91.46543282448586,14.626889477444056],[-91.46435743324857,14.628687865215243],[-91.46023013713044,14.638736453101531],[-91.45568444028751,14.640942271545065],[-91.44790548231585,14.641445273026445],[-91.44079646351327,14.642715130170856],[-91.43978987771436,14.64344163888172],[-91.43927147191226,14.646842311166267],[-91.43491790025828,14.65005225640205],[-91.43264012313773,14.650593920336554],[-91.43123116081557,14.651431782791317],[-91.42680365662007,14.65188318193124],[-91.42308892268423,14.653353899486127],[-91.41958295758955,14.654106279999988],[-91.41719001581394,14.655162195983081],[-91.41620372538108,14.65611468731812],[-91.41657430019623,14.658727068220417],[-91.42261806242283,14.663932517402214],[-91.4263323507277,14.668560548140938],[-91.42816833494203,14.671895755257253],[-91.42935319695856,14.675486406867346],[-91.43024466313143,14.680268153240046],[-91.43035820010967,14.684363360990794],[-91.42971448468516,14.689665734988896],[-91.4251577231761,14.700758954351636],[-91.42069842224802,14.713885217547183],[-91.41957529506622,14.719696051662924],[-91.41996816623332,14.735414301778201],[-91.42135221130778,14.741664781678885],[-91.42413243916562,14.745569134237442],[-91.42621773958821,14.747397803420537],[-91.4259582783827,14.750383238868004],[-91.41677141632577,14.761532640292332],[-91.40304595161294,14.77491658778637],[-91.39857502715667,14.781106231544776],[-91.39625439141975,14.783096618510818],[-91.39235010200365,14.78931715729751],[-91.39170084169159,14.791388045497566],[-91.3914579697805,14.795982312805036],[-91.38719764885678,14.803420401684493],[-91.38393091874559,14.807120137289466],[-91.38180723867772,14.810445983630364],[-91.3809669187403,14.812574228646744],[-91.37889424995191,14.814570649786617],[-91.37466869819572,14.82058289122917],[-91.37255848546899,14.821213082489622],[-91.36978573095,14.820987843177448],[-91.36863518752466,14.820244212171545],[-91.36641644582564,14.820401331141516],[-91.3636696204722,14.819973975157511],[-91.36251483894789,14.81925739934408],[-91.35666460646425,14.818804477158343],[-91.35365501553188,14.819346724843705],[-91.34865235065125,14.819307505529089],[-91.34493898478232,14.821454493874816],[-91.34062780581614,14.823023189058539],[-91.33844038957892,14.825083897515835],[-91.33431641074141,14.826457237127384],[-91.3298675608868,14.82664867909438],[-91.32742336349679,14.82500408701087],[-91.3239060332869,14.821184801830993],[-91.32223023904656,14.817718955066331],[-91.3221531050518,14.80767493338568],[-91.32279307493374,14.803657686543751],[-91.32347891532238,14.800466616911356],[-91.32634910578537,14.793240122029033],[-91.32678165201229,14.789754586524568],[-91.32547972053972,14.787747735753639],[-91.32129946149404,14.784748365277254],[-91.32050428314618,14.784573115969133],[-91.31546963898987,14.780287426309352],[-91.31282076523527,14.778612996665302],[-91.30786106907058,14.77383288961617],[-91.30688635571467,14.771360639902145],[-91.30125334868133,14.77377984008533],[-91.29735700110024,14.777115495518192],[-91.29700251764632,14.778129645513149],[-91.2979232794731,14.784831268125663],[-91.30189386514868,14.79272125966848],[-91.30466982307878,14.80121135049448],[-91.3045256208745,14.804973454090877],[-91.30418917423043,14.805531327919267],[-91.30113339690806,14.807099486663809],[-91.28664980396795,14.809713744203059],[-91.28190675160495,14.811481458341486],[-91.27284542800126,14.818976045344447],[-91.27080409533731,14.819610310261538],[-91.26586100460104,14.820062294036951],[-91.26231855094241,14.819404066802011],[-91.26037104828526,14.818537551837018],[-91.25822709974162,14.816825638867734],[-91.25593890601068,14.81297293873469],[-91.25306590866674,14.810957219873984],[-91.2499839571442,14.809953232644906],[-91.24147004476374,14.808572280902624],[-91.23702392989205,14.80704821518206],[-91.23564171574573,14.805374707469392],[-91.23504700564432,14.800016488334432],[-91.23333363740655,14.79622676295671],[-91.22900287578948,14.798983893460806],[-91.2262933094354,14.799630709785898],[-91.22350842719919,14.799614908159835],[-91.22320131667314,14.803676061632961],[-91.22488735622652,14.806882713443427],[-91.23251783123791,14.814005410114763],[-91.23513291979803,14.815224080696243],[-91.23706624566574,14.816675876166435],[-91.23898174186404,14.81696053403038],[-91.24068609253106,14.817868290090145],[-91.24655081741561,14.821715631884324],[-91.24924361125208,14.823908562888759],[-91.25670718429035,14.831529780776567],[-91.25964129491342,14.835814408682154],[-91.26208525555239,14.841499539864207],[-91.26278177550952,14.844956084763892]]]},"properties":{"FID":28,"CODIGO":705,"OID_":88,"MUNICIPIOS":"Nahualá","AREA_KM2":186.221,"DEPARTAMEN":"SOLOLA"},"id":28},{"type":"Feature","geometry":{"type":"Polygon","coordinates":[[[-91.30688635571467,14.771360639902145],[-91.30786106907058,14.77383288961617],[-91.31282076523527,14.778612996665302],[-91.31546963898987,14.780287426309352],[-91.32050428314618,14.784573115969133],[-91.32129946149404,14.784748365277254],[-91.32547972053972,14.787747735753639],[-91.32678165201229,14.789754586524568],[-91.32634910578537,14.793240122029033],[-91.32347891532238,14.800466616911356],[-91.32279307493374,14.803657686543751],[-91.3221531050518,14.80767493338568],[-91.32223023904656,14.817718955066331],[-91.3239060332869,14.821184801830993],[-91.32742336349679,14.82500408701087],[-91.3298675608868,14.82664867909438],[-91.33431641074141,14.826457237127384],[-91.33844038957892,14.825083897515835],[-91.34062780581614,14.823023189058539],[-91.34493898478232,14.821454493874816],[-91.34865235065125,14.819307505529089],[-91.35365501553188,14.819346724843705],[-91.35666460646425,14.818804477158343],[-91.36251483894789,14.81925739934408],[-91.3636696204722,14.819973975157511],[-91.36641644582564,14.820401331141516],[-91.36863518752466,14.820244212171545],[-91.36978573095,14.820987843177448],[-91.37255848546899,14.821213082489622],[-91.37466869819572,14.82058289122917],[-91.37889424995191,14.814570649786617],[-91.3809669187403,14.812574228646744],[-91.38180723867772,14.810445983630364],[-91.38393091874559,14.807120137289466],[-91.38719764885678,14.803420401684493],[-91.3914579697805,14.795982312805036],[-91.39170084169159,14.791388045497566],[-91.39235010200365,14.78931715729751],[-91.39625439141975,14.783096618510818],[-91.39857502715667,14.781106231544776],[-91.40304595161294,14.77491658778637],[-91.41677141632577,14.761532640292332],[-91.4259582783827,14.750383238868004],[-91.42621773958821,14.747397803420537],[-91.42413243916562,14.745569134237442],[-91.42135221130778,14.741664781678885],[-91.41996816623332,14.735414301778201],[-91.41957529506622,14.719696051662924],[-91.42069842224802,14.713885217547183],[-91.4251577231761,14.700758954351636],[-91.42971448468516,14.689665734988896],[-91.43035820010967,14.684363360990794],[-91.43024466313143,14.680268153240046],[-91.42935319695856,14.675486406867346],[-91.42816833494203,14.671895755257253],[-91.4263323507277,14.668560548140938],[-91.42261806242283,14.663932517402214],[-91.41657430019623,14.658727068220417],[-91.41620372538108,14.65611468731812],[-91.41719001581394,14.655162195983081],[-91.41958295758955,14.654106279999988],[-91.42308892268423,14.653353899486127],[-91.42680365662007,14.65188318193124],[-91.43123116081557,14.651431782791317],[-91.43264012313773,14.650593920336554],[-91.43491790025828,14.65005225640205],[-91.43927147191226,14.646842311166267],[-91.43978987771436,14.64344163888172],[-91.44079646351327,14.642715130170856],[-91.44790548231585,14.641445273026445],[-91.45568444028751,14.640942271545065],[-91.46023013713044,14.638736453101531],[-91.46435743324857,14.628687865215243],[-91.46543282448586,14.626889477444056],[-91.47210041731736,14.620320362474871],[-91.47447521734644,14.61566968274704],[-91.48278877230618,14.60730208431563],[-91.4855136957921,14.60187167866912],[-91.48452034019334,14.60147656130919],[-91.47756115232696,14.60141092073824],[-91.46550031253429,14.599446220177015],[-91.46001889211246,14.59978069711144],[-91.4542316976759,14.59937524120036],[-91.45060394019654,14.600008744188914],[-91.44980715722014,14.600714115029449],[-91.44932161527194,14.602534430847529],[-91.44949786523728,14.603542280539623],[-91.45028377086265,14.604391484560095],[-91.4500996896057,14.60657083228179],[-91.44558789176187,14.614521901025167],[-91.43648591988863,14.62348266331948],[-91.43307488530802,14.62744575196812],[-91.4337691267266,14.630749492251951],[-91.43337418887658,14.63342450616557],[-91.43263686582355,14.634555010915589],[-91.43040463026126,14.636139794521934],[-91.42434695905541,14.636853595075774],[-91.42269690846459,14.638636566092243],[-91.42075794098106,14.639520489279729],[-91.41437414865491,14.639904160899313],[-91.41212989807215,14.64071588174982],[-91.41045956415047,14.642156282714799],[-91.40857370712084,14.642665364677628],[-91.40508046180786,14.64191950679121],[-91.40268126523969,14.642648724346802],[-91.40130250892884,14.642595196025294],[-91.39895945605353,14.640702487548962],[-91.39600439844364,14.63648719554248],[-91.3933164846661,14.635518501861124],[-91.38862604084733,14.635870218112231],[-91.38540695424197,14.633919357460368],[-91.38317586808898,14.634119666622572],[-91.37898016121257,14.637499078611446],[-91.37546190035512,14.63695033176854],[-91.37252814409717,14.639358887591778],[-91.37058329744465,14.63936674798889],[-91.36814248460804,14.637635764569964],[-91.36486902666711,14.63819350439787],[-91.36282110661234,14.640366372357096],[-91.3616758195848,14.642631438307806],[-91.35797902004592,14.645411760885453],[-91.3569030211584,14.645686610453547],[-91.35529735652668,14.650076886717278],[-91.35311606786232,14.654463066723244],[-91.35194467255897,14.661668393699898],[-91.34919503698504,14.666839069368617],[-91.35004828554722,14.679886114433346],[-91.3505823694765,14.68078582076228],[-91.3509770812037,14.686731235506823],[-91.35144806748873,14.687921971929386],[-91.34976688460034,14.69318267475287],[-91.3497543951481,14.69453718307737],[-91.34929273329423,14.694886388290715],[-91.34913194829207,14.696513242809278],[-91.34775237029417,14.699308643271603],[-91.3402168890267,14.707728085711846],[-91.34074068526097,14.713676665990318],[-91.34118157389418,14.714317011044436],[-91.34189871873899,14.718568936620215],[-91.34130011222732,14.7231277750123],[-91.33978420626892,14.72595149245332],[-91.33536315864106,14.730931373420177],[-91.33459300127988,14.732527833167628],[-91.33124655413131,14.736608144357396],[-91.3290961645697,14.737657987145926],[-91.32641785716648,14.740720606842622],[-91.32392419098305,14.742703346388705],[-91.32022969828003,14.74738761519887],[-91.31787948954829,14.752515418424833],[-91.31758855103165,14.760911866593778],[-91.31267914299896,14.766200564053829],[-91.30806136874713,14.769855397728996],[-91.30688635571467,14.771360639902145]]]},"properties":{"FID":29,"CODIGO":706,"OID_":89,"MUNICIPIOS":"Santa Catarina Ixtahuacán","AREA_KM2":189.768,"DEPARTAMEN":"SOLOLA"},"id":29},{"type":"Feature","geometry":{"type":"Polygon","coordinates":[[[-91.2899208455815,14.744159211877422],[-91.2962335730632,14.744108645361365],[-91.29955118442268,14.744510396811004],[-91.30593669567463,14.743984481630902],[-91.31426946140421,14.744607984329681],[-91.31782611394829,14.74525863618238],[-91.31918934815181,14.746048077817756],[-91.32022969828003,14.74738761519887],[-91.32392419098305,14.742703346388705],[-91.32641785716648,14.740720606842622],[-91.3290961645697,14.737657987145926],[-91.3273117037712,14.735326831517229],[-91.32721611804064,14.734542088840033],[-91.32313338794776,14.730521112931445],[-91.31954483853427,14.729364204418136],[-91.31121870007681,14.729081049132017],[-91.31026560388612,14.728562317354115],[-91.30662813867139,14.72481095819476],[-91.30518122323802,14.722030231353349],[-91.30589090516033,14.71926641186107],[-91.30723749008088,14.717222374555142],[-91.30784751676599,14.715484758014647],[-91.30923543994876,14.714020565416222],[-91.31176708087239,14.712351176843583],[-91.314084309616,14.709350478394533],[-91.32058437393711,14.699552970158226],[-91.32117703185065,14.697484155985867],[-91.32260172353024,14.695509478166697],[-91.32370967661872,14.69283091792858],[-91.31738362526663,14.692986220655794],[-91.31035160363473,14.694617315757611],[-91.30696941547541,14.696137025418595],[-91.30123315967975,14.70136422874688],[-91.29650679342262,14.706994092180347],[-91.29636107454114,14.7077488228273],[-91.29489099862852,14.70954898982516],[-91.29160702994739,14.712873359322678],[-91.29023728289722,14.714003165360053],[-91.28815516928174,14.71464304024023],[-91.28638556734104,14.715915599940736],[-91.28937160646065,14.721790849682487],[-91.28936377837533,14.742949660388287],[-91.2899208455815,14.744159211877422]]]},"properties":{"FID":30,"CODIGO":707,"OID_":90,"MUNICIPIOS":"Santa Clara la Laguna","AREA_KM2":14.358,"DEPARTAMEN":"SOLOLA"},"id":30},{"type":"Feature","geometry":{"type":"Polygon","coordinates":[[[-91.13587614544608,14.805670172888812],[-91.1389174528942,14.80583822741869],[-91.14108250897031,14.805415143177559],[-91.14747866081926,14.799872607393416],[-91.15659866876645,14.793402736473187],[-91.15723605472537,14.7897635418757],[-91.15690546609777,14.783812095638485],[-91.15731642798947,14.781683704179187],[-91.15657362733533,14.78000360998355],[-91.15316027561768,14.776432568722369],[-91.15042054416688,14.774695804080103],[-91.14779056992467,14.772274190030558],[-91.14296590564429,14.765750073229214],[-91.13983938565399,14.76228850089499],[-91.13857859354935,14.76181744452921],[-91.13761681964215,14.760859654308362],[-91.1344673966896,14.763709207846508],[-91.13043560735854,14.765810516059876],[-91.12607744275277,14.766702634429578],[-91.1180168032126,14.767155591167947],[-91.11255984426387,14.770057152665183],[-91.11030207897599,14.772447072249529],[-91.10978736745062,14.773703532619356],[-91.11011397461195,14.778290273928752],[-91.11110785734488,14.780092276675855],[-91.11078553961045,14.783330566783752],[-91.1167277433416,14.785863231733254],[-91.11925613074952,14.7879872532057],[-91.12118747467072,14.788799393866084],[-91.12475851288073,14.792145095737487],[-91.1314229577899,14.796416175150256],[-91.13604543701837,14.801621749215906],[-91.13587614544608,14.805670172888812]]]},"properties":{"FID":31,"CODIGO":708,"OID_":91,"MUNICIPIOS":"Concepción","AREA_KM2":14.976,"DEPARTAMEN":"SOLOLA"},"id":31},{"type":"Feature","geometry":{"type":"Polygon","coordinates":[[[-91.07233132630307,14.80588148251063],[-91.07487822321937,14.80666639942999],[-91.08033179416115,14.811097084941697],[-91.0826254931436,14.814144700457991],[-91.08380586645865,14.815127126622752],[-91.08458253367793,14.81507710913145],[-91.0889713482503,14.810613165790537],[-91.09005953284337,14.808270317113877],[-91.09161623971437,14.806718689902514],[-91.0954388685578,14.800640177701812],[-91.09618115584955,14.798470650129032],[-91.09794207271595,14.796055358417314],[-91.09859098254091,14.793870361320257],[-91.09933407658498,14.79306767315696],[-91.10061972913401,14.78755324434471],[-91.10298260410103,14.783586219289564],[-91.10450423377839,14.782967262901241],[-91.10620558310454,14.783779886149352],[-91.10926416877321,14.783987977896038],[-91.11078553961045,14.783330566783752],[-91.11110785734488,14.780092276675855],[-91.11011397461195,14.778290273928752],[-91.10978736745062,14.773703532619356],[-91.11030207897599,14.772447072249529],[-91.11255984426387,14.770057152665183],[-91.1180168032126,14.767155591167947],[-91.11902485431511,14.765559709338081],[-91.12206856053267,14.762472308867922],[-91.12621944742583,14.760019661669721],[-91.12968265708547,14.75862662721005],[-91.13437804916293,14.75526433256491],[-91.13526232519148,14.754209595516263],[-91.13803631132197,14.752694501669401],[-91.13991092321983,14.748887967637538],[-91.14011025094867,14.745374081434015],[-91.13852236884479,14.739761597402328],[-91.13595906603025,14.73740934807428],[-91.1333238907732,14.734030769320754],[-91.13144361664297,14.73088306449417],[-91.12980938159353,14.726860728761434],[-91.12518121331122,14.719986649214198],[-91.12217116650457,14.713798895618394],[-91.12174281838377,14.711976689792325],[-91.11764013856524,14.706548200466067],[-91.11682445370023,14.704357965002364],[-91.1097759712763,14.698592511131078],[-91.10821344797549,14.698103062287656],[-91.10299355847411,14.69417897906698],[-91.1004578211866,14.69323983153965],[-91.08941155984456,14.694436897671508],[-91.07746084192519,14.693751878429879],[-91.07654327122542,14.69470219295189],[-91.07591377958362,14.6973436832037],[-91.07519034431971,14.704479161761519],[-91.07634899747846,14.712247034904903],[-91.07803657198133,14.71462534199764],[-91.0790028891345,14.717132087170711],[-91.08262368355228,14.720493353620599],[-91.08469911574774,14.723993168586619],[-91.08502487786825,14.725566045051131],[-91.08401351596179,14.731988641067533],[-91.08289738044763,14.733726927174297],[-91.0768153856473,14.738736034137263],[-91.07550427773756,14.740922242847642],[-91.07561694754688,14.743886174394738],[-91.0761306951829,14.745327325323881],[-91.0775682963853,14.746981751940318],[-91.0810462540332,14.748940038491416],[-91.0860627453848,14.754038960123092],[-91.08690528979754,14.755656780760855],[-91.08681549286729,14.757828308183306],[-91.08571112228792,14.761722014228571],[-91.0843999417678,14.769406140172613],[-91.08245085216764,14.773434006926092],[-91.0794036968059,14.784693570786475],[-91.07877143127922,14.78556375807557],[-91.07753493984595,14.790512477249896],[-91.07554614854303,14.795118276876437],[-91.07233132630307,14.80588148251063]]]},"properties":{"FID":32,"CODIGO":709,"OID_":92,"MUNICIPIOS":"San Andrés Semetabaj","AREA_KM2":52.976,"DEPARTAMEN":"SOLOLA"},"id":32},{"type":"Feature","geometry":{"type":"Polygon","coordinates":[[[-91.13852236884479,14.739761597402328],[-91.14011025094867,14.745374081434015],[-91.13991092321983,14.748887967637538],[-91.13803631132197,14.752694501669401],[-91.13526232519148,14.754209595516263],[-91.13437804916293,14.75526433256491],[-91.12968265708547,14.75862662721005],[-91.12621944742583,14.760019661669721],[-91.12206856053267,14.762472308867922],[-91.11902485431511,14.765559709338081],[-91.1180168032126,14.767155591167947],[-91.12607744275277,14.766702634429578],[-91.13043560735854,14.765810516059876],[-91.1344673966896,14.763709207846508],[-91.13912329691614,14.759264293345536],[-91.14080324698284,14.758290499793583],[-91.14736200961462,14.757288081654139],[-91.15402777795386,14.754674293297121],[-91.15677119244828,14.75298700660401],[-91.15937196585377,14.752312986846944],[-91.16060777857447,14.751267715964724],[-91.16140651859314,14.751397203466833],[-91.1669597777543,14.749212467069263],[-91.16717887094887,14.747446267963886],[-91.16406373000207,14.74606594956476],[-91.1639398288996,14.741806107919432],[-91.1626749859682,14.739055484484677],[-91.15945986131086,14.736467837220356],[-91.15780389992095,14.73420323116317],[-91.15597632850309,14.733300755275543],[-91.14945992071293,14.732949376512938],[-91.1459561819157,14.73123587611467],[-91.13852236884479,14.739761597402328]]]},"properties":{"FID":33,"CODIGO":710,"OID_":93,"MUNICIPIOS":"Panajachel","AREA_KM2":7.724,"DEPARTAMEN":"SOLOLA"},"id":33},{"type":"Feature","geometry":{"type":"Polygon","coordinates":[[[-91.11682445370023,14.704357965002364],[-91.11764013856524,14.706548200466067],[-91.12174281838377,14.711976689792325],[-91.12217116650457,14.713798895618394],[-91.12518121331122,14.719986649214198],[-91.12980938159353,14.726860728761434],[-91.13144361664297,14.73088306449417],[-91.1333238907732,14.734030769320754],[-91.13595906603025,14.73740934807428],[-91.13852236884479,14.739761597402328],[-91.1459561819157,14.73123587611467],[-91.1442715201774,14.730601060915829],[-91.14103521756927,14.726515097624675],[-91.14056581398921,14.724038504593882],[-91.13909180292336,14.721840773799698],[-91.13715917871222,14.722602438416272],[-91.13572633801078,14.722257657608349],[-91.13263535279322,14.718517318324768],[-91.13063857039043,14.709439125472825],[-91.12976443838349,14.707690145911823],[-91.13055431624508,14.704612560403682],[-91.12997734351464,14.704086004502557],[-91.12984825611728,14.703230946014779],[-91.12940841107422,14.702684031873783],[-91.12774871799549,14.702215386430185],[-91.1270329641948,14.700612274743554],[-91.12194093479316,14.69858177319787],[-91.12026415360646,14.700998064137467],[-91.11797733322001,14.702818580083477],[-91.11682445370023,14.704357965002364]]]},"properties":{"FID":34,"CODIGO":711,"OID_":94,"MUNICIPIOS":"Santa Catarina Palapó","AREA_KM2":4.731,"DEPARTAMEN":"SOLOLA"},"id":34},{"type":"Feature","geometry":{"type":"Polygon","coordinates":[[[-91.07746084192519,14.693751878429879],[-91.08941155984456,14.694436897671508],[-91.1004578211866,14.69323983153965],[-91.10299355847411,14.69417897906698],[-91.10821344797549,14.698103062287656],[-91.1097759712763,14.698592511131078],[-91.11682445370023,14.704357965002364],[-91.11797733322001,14.702818580083477],[-91.12026415360646,14.700998064137467],[-91.12194093479316,14.69858177319787],[-91.11898681903708,14.696743615022253],[-91.11841654296909,14.6954410226203],[-91.11714623723145,14.69477551648801],[-91.11686799702868,14.69399718948078],[-91.11702562773826,14.691514374048172],[-91.11824809757397,14.685834248258741],[-91.11804678148837,14.684068102225003],[-91.11879198846061,14.680858029654555],[-91.1180349938652,14.678799320143954],[-91.11777032699334,14.676435076323765],[-91.11597723487431,14.67422449569948],[-91.11604814999808,14.672650340419255],[-91.11708184329815,14.671660111463458],[-91.11724745596995,14.67095203340117],[-91.11640169492708,14.668626007384415],[-91.1160350847574,14.664819501193865],[-91.11674324933519,14.661929946217331],[-91.11752930728137,14.660649641841294],[-91.12678628358447,14.66130054955556],[-91.12668299820052,14.65741256819716],[-91.12993519700348,14.654089309243563],[-91.13418619570493,14.651260893415134],[-91.1345748688259,14.649755913179945],[-91.1327708501439,14.647534080746556],[-91.13273347687753,14.64653516021894],[-91.1346535655272,14.644499095766056],[-91.13516442417568,14.643361101396984],[-91.13515079863284,14.63824700614883],[-91.13549651683267,14.636397128987165],[-91.1362626920302,14.635042016823801],[-91.1356849070733,14.632705766088735],[-91.13503985821646,14.632221623240147],[-91.12927169728633,14.631285182664396],[-91.11908191517459,14.628669286918376],[-91.11065200252767,14.627454461953732],[-91.10707448541032,14.634844944629874],[-91.10402127857984,14.638370577681725],[-91.10390120424096,14.639179555488477],[-91.10322242889862,14.639521955737331],[-91.09975554678644,14.648895692729601],[-91.09855640507121,14.651182454206971],[-91.0959686632665,14.655448268045578],[-91.09396411420228,14.657675307558765],[-91.09130384897732,14.662657771238651],[-91.0900396178152,14.668080931333108],[-91.08944229148936,14.668652133898165],[-91.08827459815609,14.671967040078842],[-91.08745654459233,14.672632439496413],[-91.08742634848245,14.673436488754877],[-91.08581762139463,14.67588583392794],[-91.0814981680746,14.679659300489135],[-91.0790966103071,14.682921011480312],[-91.07831615863918,14.684587527374461],[-91.07746084192519,14.693751878429879]]]},"properties":{"FID":35,"CODIGO":712,"OID_":95,"MUNICIPIOS":"San Antonio Palapó","AREA_KM2":26.121,"DEPARTAMEN":"SOLOLA"},"id":35},{"type":"Feature","geometry":{"type":"Polygon","coordinates":[[[-91.1362626920302,14.635042016823801],[-91.13804408426704,14.634232745006917],[-91.13943382366743,14.634188500938835],[-91.13972472750845,14.634844902144637],[-91.13907597910415,14.636104942535063],[-91.13996448321201,14.63750944019275],[-91.14161795826408,14.63866474136018],[-91.14393409318845,14.638217798104735],[-91.14438575363586,14.638730878662258],[-91.14277523106861,14.641912732854154],[-91.14108466211115,14.643779000873888],[-91.14079207319752,14.644697342026724],[-91.14192260906302,14.645749054040737],[-91.14202941836069,14.649321911415438],[-91.1425268980288,14.649769844285153],[-91.14257328029215,14.65101284782316],[-91.143357104216,14.651284576811456],[-91.14486319680822,14.651008531015947],[-91.1445019014341,14.65333502239937],[-91.14530228681492,14.654328736660263],[-91.14647009938135,14.655026015911506],[-91.14788663714475,14.654570749571263],[-91.14949883912426,14.655271554689278],[-91.1507788325018,14.654771125486926],[-91.15204886506359,14.655457894088148],[-91.15313259637371,14.65532303682936],[-91.15335590739893,14.657198937187236],[-91.1540719554919,14.658224716488974],[-91.15588787074864,14.657675421560777],[-91.15921996731517,14.657867888691161],[-91.16137335918313,14.657409335549238],[-91.16329944577105,14.655612555569668],[-91.16392604554493,14.653660902701708],[-91.16517830128595,14.651749201487725],[-91.16740120956243,14.649759286249623],[-91.17059397547162,14.644287383648292],[-91.1719895709023,14.640325253533815],[-91.17318006036069,14.638847936786417],[-91.17605992741474,14.628446902624466],[-91.17744066856707,14.625203078017513],[-91.18058648690673,14.620068373811739],[-91.18424181107196,14.616019822217309],[-91.1860188311477,14.610193142268047],[-91.18941863833888,14.60536751813039],[-91.19025214159494,14.60253505887695],[-91.19048519136763,14.599287857869301],[-91.18971389046636,14.597072185901569],[-91.18709647184735,14.593713618264559],[-91.18369115097406,14.59053642734079],[-91.17933476749613,14.587777679054096],[-91.17681368413113,14.585642097397693],[-91.17226326702519,14.58090589228451],[-91.17121380499617,14.575387057445528],[-91.17069201601835,14.5688985597652],[-91.17224725388002,14.559981649299589],[-91.16395801209721,14.55420842779635],[-91.16122646181992,14.553110390078412],[-91.15734841362591,14.552788426316532],[-91.15604774443256,14.552293549406592],[-91.15295797572558,14.549999654280324],[-91.15100989833343,14.549120068205902],[-91.14607279253622,14.548762448174912],[-91.14239746223704,14.54903945235575],[-91.13989535483692,14.548126010431586],[-91.13542402912664,14.547622754734626],[-91.13421478056466,14.547162379474088],[-91.1311368554242,14.543223526423175],[-91.13006801212946,14.54007112314282],[-91.12906638306922,14.528106707843955],[-91.12926561101742,14.525376756806693],[-91.12872221119567,14.52483808694782],[-91.12586818133536,14.523754528798417],[-91.12499165786383,14.522565889843216],[-91.12489459762709,14.521698657678776],[-91.12421498822869,14.52177568844224],[-91.12149770469796,14.523526378937165],[-91.11906132795659,14.5259943651507],[-91.11762474824049,14.530078991343109],[-91.11689696677625,14.534608738049906],[-91.11610125292871,14.541879618479944],[-91.11600135312706,14.554613476124498],[-91.11625576841227,14.569522507845575],[-91.11737063480109,14.577007569728085],[-91.11727404140319,14.580526807900155],[-91.1164756149751,14.589440147584208],[-91.11524822746111,14.594974594001393],[-91.11419966353687,14.597484125602575],[-91.11195721856801,14.613060854488989],[-91.11227799429643,14.615980214700782],[-91.11065200252767,14.627454461953732],[-91.11908191517459,14.628669286918376],[-91.12927169728633,14.631285182664396],[-91.13503985821646,14.632221623240147],[-91.1356849070733,14.632705766088735],[-91.1362626920302,14.635042016823801]]]},"properties":{"FID":36,"CODIGO":713,"OID_":96,"MUNICIPIOS":"San Lucas Tolimán","AREA_KM2":73.689,"DEPARTAMEN":"SOLOLA"},"id":36},{"type":"Feature","geometry":{"type":"Polygon","coordinates":[[[-91.19945544204013,14.74097370428471],[-91.19880783571931,14.746109878811426],[-91.19891276098798,14.753675094135179],[-91.20097862961902,14.756561725072936],[-91.20558875429738,14.76085876650858],[-91.21166060652396,14.758919845096354],[-91.21721492433751,14.754874392453324],[-91.22065161630364,14.751396547393561],[-91.22472747408268,14.751399642314954],[-91.2419368256005,14.7490570987358],[-91.24401573626886,14.74981060178333],[-91.24723648439077,14.749757093822945],[-91.24754288314406,14.743529035971072],[-91.24907362861757,14.739806916114675],[-91.24971236818097,14.736938881021878],[-91.24881474539256,14.734652319986093],[-91.24511043597029,14.730539205418879],[-91.24457889579388,14.729076713271123],[-91.24342096907912,14.728647673488531],[-91.24318270624045,14.72926494980752],[-91.24128050570278,14.730527081061725],[-91.23892703044484,14.731174587527157],[-91.23499666391008,14.729579998698043],[-91.2323320105371,14.727862843064884],[-91.23023779268506,14.730331069363393],[-91.22556668568127,14.731493922289003],[-91.22256834935143,14.734431867887038],[-91.2202649124653,14.735912147662647],[-91.21318617606443,14.736002190720022],[-91.2117652093391,14.736944676252627],[-91.21063037279986,14.739165924465475],[-91.20946118594473,14.739977035752819],[-91.20504173918214,14.739576763838535],[-91.20069861781883,14.741052290298557],[-91.19945544204013,14.74097370428471]]]},"properties":{"FID":37,"CODIGO":714,"OID_":97,"MUNICIPIOS":"Santa Cruz La Laguna","AREA_KM2":11.268,"DEPARTAMEN":"SOLOLA"},"id":37},{"type":"Feature","geometry":{"type":"Polygon","coordinates":[[[-91.27036018710879,14.716103795205276],[-91.27107486583427,14.72122793714447],[-91.272132256795,14.72447702481358],[-91.27304529574461,14.729550678188856],[-91.27348888147027,14.741465858216],[-91.27572894707302,14.74734134903205],[-91.2899208455815,14.744159211877422],[-91.28936377837533,14.742949660388287],[-91.28937160646065,14.721790849682487],[-91.28638556734104,14.715915599940736],[-91.28160600095768,14.712833299049509],[-91.27831821819443,14.714541905770139],[-91.27478788359294,14.714172206126358],[-91.27036018710879,14.716103795205276]]]},"properties":{"FID":38,"CODIGO":715,"OID_":98,"MUNICIPIOS":"San Pablo La Laguna","AREA_KM2":6.135,"DEPARTAMEN":"SOLOLA"},"id":38},{"type":"Feature","geometry":{"type":"Polygon","coordinates":[[[-91.24726959477354,14.75149371467441],[-91.24960820500453,14.752368891350695],[-91.25263416645555,14.752726180816737],[-91.26138566774338,14.7511258344242],[-91.26719773485107,14.74929639112775],[-91.26860254332415,14.748474308829254],[-91.27572894707302,14.74734134903205],[-91.27348888147027,14.741465858216],[-91.27304529574461,14.729550678188856],[-91.272132256795,14.72447702481358],[-91.27107486583427,14.72122793714447],[-91.27036018710879,14.716103795205276],[-91.26787707080311,14.717614896041736],[-91.26714015093344,14.718551576845796],[-91.26679255019303,14.721411705365536],[-91.2638413513516,14.724195839989546],[-91.26305401199569,14.724311945491573],[-91.2624088252561,14.723773874473451],[-91.26125092239897,14.720337597060926],[-91.2606611581942,14.719911783240697],[-91.25996508737687,14.720083920635204],[-91.25841008845846,14.722080881762206],[-91.25609650394826,14.723493698747319],[-91.25389986709557,14.723116764143631],[-91.25163009306061,14.721868241637068],[-91.2478425568541,14.722306189168604],[-91.24340501651166,14.724263130810899],[-91.24310980362392,14.726991409866448],[-91.24342096907912,14.728647673488531],[-91.24457889579388,14.729076713271123],[-91.24511043597029,14.730539205418879],[-91.24881474539256,14.734652319986093],[-91.24971236818097,14.736938881021878],[-91.24907362861757,14.739806916114675],[-91.24754288314406,14.743529035971072],[-91.24726959477354,14.75149371467441]]]},"properties":{"FID":39,"CODIGO":716,"OID_":99,"MUNICIPIOS":"San Marcos La Laguna","AREA_KM2":9.186,"DEPARTAMEN":"SOLOLA"},"id":39},{"type":"Feature","geometry":{"type":"Polygon","coordinates":[[[-91.28160600095768,14.712833299049509],[-91.28638556734104,14.715915599940736],[-91.28815516928174,14.71464304024023],[-91.29023728289722,14.714003165360053],[-91.29160702994739,14.712873359322678],[-91.29489099862852,14.70954898982516],[-91.29636107454114,14.7077488228273],[-91.29650679342262,14.706994092180347],[-91.30123315967975,14.70136422874688],[-91.30696941547541,14.696137025418595],[-91.31035160363473,14.694617315757611],[-91.31738362526663,14.692986220655794],[-91.32370967661872,14.69283091792858],[-91.32557943200813,14.688872182656553],[-91.32620704859849,14.686544882386626],[-91.32742276942369,14.684561878082489],[-91.3292466872793,14.67584420014899],[-91.33082084455674,14.669814667439008],[-91.33136485526585,14.669237876672325],[-91.33182481456213,14.666045071208243],[-91.33301356144376,14.664229027453443],[-91.33468382776431,14.663418530560579],[-91.33797350951251,14.663072642965151],[-91.34356563151263,14.665267039643242],[-91.34519029134282,14.666739409730946],[-91.345776379723,14.66789369043896],[-91.34932068794204,14.67089924066683],[-91.34919503698504,14.666839069368617],[-91.35194467255897,14.661668393699898],[-91.35311606786232,14.654463066723244],[-91.35529735652668,14.650076886717278],[-91.3569030211584,14.645686610453547],[-91.35421988708111,14.644714114651029],[-91.35257804471436,14.643222486337647],[-91.35273955962815,14.638374620557386],[-91.35210776959084,14.637283302041318],[-91.35004170441789,14.63643715211157],[-91.34812740426874,14.636245072174813],[-91.34807088251867,14.634339867431631],[-91.34630726026042,14.632314086917011],[-91.34219808725098,14.631680441762295],[-91.33777372448046,14.63361583871835],[-91.33222816353907,14.638193550717872],[-91.32987860563935,14.641393155352716],[-91.32872947453488,14.642054856376314],[-91.3243380112714,14.646950181879554],[-91.32245066209863,14.64786185809436],[-91.32162281319246,14.64777341378428],[-91.32047014284552,14.646607089526025],[-91.31851914770783,14.638207909646404],[-91.31589363485513,14.633829183557683],[-91.31348857075821,14.634248995297757],[-91.30574188792522,14.639290212156798],[-91.30492510687012,14.640259243035937],[-91.30391181639686,14.640676650838307],[-91.30286738318374,14.642426933904078],[-91.30056241296217,14.644224495623131],[-91.29303052249233,14.654939250889376],[-91.29231887391964,14.658948017511538],[-91.28726665912538,14.665175278984808],[-91.28526707827761,14.670627356160967],[-91.28376594578148,14.685437332844428],[-91.28369820515789,14.694115489652063],[-91.28267898606586,14.695254630205755],[-91.28673736781593,14.698869307783722],[-91.28732432852878,14.701069857291102],[-91.2872503560119,14.703188703121743],[-91.28624571327472,14.70639764603373],[-91.28338161471363,14.708267635318345],[-91.28290324950808,14.711182201820703],[-91.28160600095768,14.712833299049509]]]},"properties":{"FID":40,"CODIGO":717,"OID_":100,"MUNICIPIOS":"San Juan La Laguna","AREA_KM2":37.177,"DEPARTAMEN":"SOLOLA"},"id":40},{"type":"Feature","geometry":{"type":"Polygon","coordinates":[[[-91.2618851492287,14.626143269785922],[-91.25587793258667,14.625854349010684],[-91.2529557612023,14.628800252368665],[-91.25102265971923,14.629839780673523],[-91.24893473057855,14.633063018090164],[-91.24866209864845,14.63444826927427],[-91.24653811942738,14.635042334092734],[-91.2447480516076,14.636614977948554],[-91.24431463180821,14.638152654016649],[-91.2449887471371,14.639322481238542],[-91.24226588759974,14.639347125426891],[-91.24151087479531,14.639740213542662],[-91.24010692513671,14.641482930012133],[-91.2398350654034,14.642689674948214],[-91.24027830298051,14.644290449946299],[-91.23889224497535,14.646620743913218],[-91.23818802393893,14.649221674088626],[-91.23566408127938,14.649967362820291],[-91.2344559196237,14.651444905048367],[-91.23584266255641,14.654694325050366],[-91.23764120145569,14.654919221465112],[-91.2398830917546,14.65382681501414],[-91.24009471073607,14.654427168789228],[-91.23943517626239,14.657096221418243],[-91.23692974825981,14.662623019979662],[-91.23712820477179,14.663489887670538],[-91.23987441288095,14.664864103055455],[-91.24030320841497,14.665443508553327],[-91.24034171686057,14.667740516989095],[-91.24121994224033,14.669005673882502],[-91.24080308776885,14.671287936586321],[-91.241315495408,14.672733338149554],[-91.24626398862175,14.676642304434791],[-91.24847955004277,14.677424977590332],[-91.25046222073036,14.678892747158644],[-91.25421289670898,14.680152377977077],[-91.25668403407417,14.68178984104551],[-91.25968111343458,14.684652462786294],[-91.26309397474368,14.686752208334859],[-91.2652627272215,14.689297893954187],[-91.26795947505842,14.691270213650423],[-91.2686637384691,14.694392399045274],[-91.27004298195126,14.695811464219611],[-91.26978295514735,14.696996870659879],[-91.2703853731259,14.69721149569848],[-91.27229505964056,14.696415711534618],[-91.27528001691529,14.69355371266779],[-91.27673420581276,14.694153113170596],[-91.27767827313102,14.695868283660968],[-91.27980136140977,14.695384694747435],[-91.28106300565388,14.694340000663118],[-91.28182733748176,14.694257543494805],[-91.28267898606586,14.695254630205755],[-91.28369820515789,14.694115489652063],[-91.28376594578148,14.685437332844428],[-91.28526707827761,14.670627356160967],[-91.28726665912538,14.665175278984808],[-91.29231887391964,14.658948017511538],[-91.29303052249233,14.654939250889376],[-91.29800126525741,14.647486572734941],[-91.30056241296217,14.644224495623131],[-91.30286738318374,14.642426933904078],[-91.30391181639686,14.640676650838307],[-91.31348857075821,14.634248995297757],[-91.31589363485513,14.633829183557683],[-91.31547459741878,14.630885387368899],[-91.32223212106679,14.623870878464531],[-91.32410369002163,14.62332850201753],[-91.32938383555862,14.623359641904447],[-91.33092918231381,14.622916547597388],[-91.33145003664174,14.622315851159781],[-91.33153793141427,14.620433156144216],[-91.32488215707986,14.61522576514291],[-91.3137482654925,14.607672124347086],[-91.3063379110327,14.603166052824406],[-91.2943830715968,14.59881301185754],[-91.28999735999325,14.605250996262178],[-91.28542539659904,14.610687670667257],[-91.27899475922231,14.616693466359685],[-91.27314958578579,14.621377068481344],[-91.26464028714838,14.625758233811618],[-91.2618851492287,14.626143269785922]]]},"properties":{"FID":41,"CODIGO":718,"OID_":101,"MUNICIPIOS":"San Pedro La Laguna","AREA_KM2":50.662,"DEPARTAMEN":"SOLOLA"},"id":41},{"type":"Feature","geometry":{"type":"Polygon","coordinates":[[[-91.1540719554919,14.658224716488974],[-91.15322610049257,14.66050332385408],[-91.15509955041205,14.66126152666982],[-91.15486607506045,14.661913751978743],[-91.15197942683919,14.662422893824893],[-91.1504177330595,14.663853060776521],[-91.15062919951372,14.66444217193261],[-91.15215434986297,14.665985008343654],[-91.1526804832325,14.665790367694742],[-91.153014317108,14.665349062408122],[-91.15414409718063,14.665125325875243],[-91.15527957590196,14.662904369751914],[-91.15808599495696,14.661096555302048],[-91.15939597230049,14.661106931953459],[-91.15915353768375,14.66290232377317],[-91.16069662596001,14.663623976679393],[-91.16072594937658,14.664211639990626],[-91.15950241572286,14.666143865131163],[-91.15974850495304,14.666689186769842],[-91.16215101229999,14.665520910922433],[-91.1628691347331,14.665471236006216],[-91.16334415976952,14.66590765709045],[-91.1636743188281,14.667296378985064],[-91.16454514930211,14.668069181654797],[-91.16422764160694,14.670590370623048],[-91.16539681066111,14.671142983444344],[-91.16500812235165,14.673990087859002],[-91.16589535410428,14.67558316287214],[-91.16650173252467,14.675299882267163],[-91.16643364933714,14.67253728351549],[-91.16787250157485,14.673524680217504],[-91.16932985727973,14.673614117356637],[-91.17028906213996,14.67471972536129],[-91.17157293866185,14.673831740369126],[-91.176612991105,14.671984789783279],[-91.18207493893371,14.672860180488822],[-91.18353508784836,14.672682945978163],[-91.18564835940384,14.673376144878693],[-91.18760340177695,14.67257012300864],[-91.18948450120287,14.671087954466863],[-91.1920676056729,14.672860223549387],[-91.19323755410866,14.671915866253636],[-91.19714953372306,14.67147969746075],[-91.19860586890151,14.670348873013657],[-91.19800478850554,14.665807353829742],[-91.19865422431788,14.664437547749403],[-91.19939855761058,14.664020808429957],[-91.20034147794551,14.664294722257225],[-91.20148357226624,14.665401629724817],[-91.2054988396319,14.666231368233392],[-91.20604274304732,14.66520415067015],[-91.2056753385671,14.662727271770011],[-91.20599795488928,14.66229708505861],[-91.20874298296353,14.66243009741071],[-91.20996280025275,14.663758989253251],[-91.21075887530911,14.663898421497043],[-91.21197875815842,14.663863753111176],[-91.21490559322274,14.662615332685439],[-91.21585153741157,14.662589834315744],[-91.22095340008818,14.664303168612102],[-91.22126420484322,14.663895462493269],[-91.21883553708663,14.662734729026255],[-91.21854346361415,14.662189102320877],[-91.22033262538645,14.660777115396508],[-91.22048642382322,14.657251343568143],[-91.22142755486826,14.656381890316483],[-91.22252356580046,14.656090896342478],[-91.22517336157432,14.656732478264725],[-91.22536607578492,14.655424613641815],[-91.22473644051792,14.652990930149077],[-91.22502701588361,14.65228255763155],[-91.2260512424173,14.650959571899897],[-91.22846740807023,14.650922630693103],[-91.23065470261831,14.649475169044182],[-91.23090070888917,14.648678332460843],[-91.22801346128058,14.646404836762414],[-91.22757540696915,14.645614091584564],[-91.2278379535238,14.642759044269294],[-91.22824228653771,14.642041365304882],[-91.23186577432139,14.64199097329356],[-91.23329623364906,14.641147769773923],[-91.2340546813039,14.64040000519188],[-91.23525048541747,14.637557665276338],[-91.23537185803914,14.636671757256293],[-91.23493148724064,14.636169083418004],[-91.2332708957384,14.635834517359203],[-91.23153544980264,14.633402619104674],[-91.23259683232473,14.631769198310046],[-91.23263054357237,14.62900729285245],[-91.23373207883351,14.628006811125935],[-91.2374625296365,14.625938306425704],[-91.23815418168266,14.624900806748062],[-91.23901342740521,14.621468431358492],[-91.23948515616686,14.620873242160084],[-91.24364237898364,14.618075782749129],[-91.24580765400866,14.615108482488212],[-91.24844684575598,14.612720877953707],[-91.25096639005982,14.609611573488838],[-91.2516740556425,14.609395452126622],[-91.25285595864075,14.609726283883164],[-91.25447898947998,14.611934634125353],[-91.25397187721629,14.617016883129093],[-91.2554815380236,14.61919049142745],[-91.25511730758625,14.62197255108919],[-91.25582152211003,14.623741331759105],[-91.25690578580574,14.624914199506142],[-91.25664224664953,14.625890574452031],[-91.2618851492287,14.626143269785922],[-91.26464028714838,14.625758233811618],[-91.27314958578579,14.621377068481344],[-91.27899475922231,14.616693466359685],[-91.28542539659904,14.610687670667257],[-91.28999735999325,14.605250996262178],[-91.2943830715968,14.59881301185754],[-91.29297308415828,14.597065143295772],[-91.29256944934511,14.591112916153707],[-91.29355589550701,14.586622579619146],[-91.29378113607414,14.582832772760792],[-91.29642797454616,14.57563747185826],[-91.29662254311161,14.572658591675902],[-91.29522072929839,14.57024086442999],[-91.29321446069306,14.56867055225094],[-91.28950478294689,14.567557747965484],[-91.2866830054913,14.565854889699022],[-91.28274329837231,14.564575357929868],[-91.28027403510343,14.56207515422737],[-91.2794155945208,14.559245598830072],[-91.27422455327843,14.548561764367937],[-91.27129068339936,14.545138451932223],[-91.26854673512659,14.540944902592662],[-91.26786801185384,14.53747834757019],[-91.26840400998296,14.535519944528502],[-91.26935195340823,14.534201757538634],[-91.27075688326447,14.533324149203708],[-91.27502862148401,14.531788675121067],[-91.27605985258754,14.53101447729556],[-91.27621904821791,14.528356218173506],[-91.27418395832316,14.526155178231175],[-91.26873543721075,14.52281614471863],[-91.26453649987333,14.523586092728557],[-91.26291023749988,14.5250415837712],[-91.26213082630534,14.527352910707508],[-91.26334451079619,14.530171575160054],[-91.26307647973131,14.533677439735907],[-91.26089469956528,14.536972526817008],[-91.25260221007579,14.544946631012527],[-91.24040307435308,14.553243507086943],[-91.23310654110105,14.55592698409352],[-91.22827143492869,14.557043869001943],[-91.22397918155318,14.560253618348073],[-91.20989263353225,14.577906424069592],[-91.2078357497363,14.57973208291929],[-91.20597934697415,14.580646454002451],[-91.20210111469214,14.580484465975063],[-91.19834809440862,14.579547269809293],[-91.19509443187633,14.577476267558596],[-91.18964608301604,14.57265210143834],[-91.17224725388002,14.559981649299589],[-91.17069201601835,14.5688985597652],[-91.17121380499617,14.575387057445528],[-91.17226326702519,14.58090589228451],[-91.17681368413113,14.585642097397693],[-91.17933476749613,14.587777679054096],[-91.18369115097406,14.59053642734079],[-91.18709647184735,14.593713618264559],[-91.18971389046636,14.597072185901569],[-91.19048519136763,14.599287857869301],[-91.19025214159494,14.60253505887695],[-91.18941863833888,14.60536751813039],[-91.1860188311477,14.610193142268047],[-91.18424181107196,14.616019822217309],[-91.18058648690673,14.620068373811739],[-91.17744066856707,14.625203078017513],[-91.17605992741474,14.628446902624466],[-91.17318006036069,14.638847936786417],[-91.1719895709023,14.640325253533815],[-91.17059397547162,14.644287383648292],[-91.16740120956243,14.649759286249623],[-91.16517830128595,14.651749201487725],[-91.16392604554493,14.653660902701708],[-91.16329944577105,14.655612555569668],[-91.16137335918313,14.657409335549238],[-91.15921996731517,14.657867888691161],[-91.15588787074864,14.657675421560777],[-91.1540719554919,14.658224716488974]]]},"properties":{"FID":42,"CODIGO":719,"OID_":102,"MUNICIPIOS":"Santiago Atitlán","AREA_KM2":115.928,"DEPARTAMEN":"SOLOLA"},"id":42},{"type":"Feature","geometry":{"type":"MultiPolygon","coordinates":[[[[-91.41555779145769,14.84014579858322],[-91.41557612322885,14.84081589636189],[-91.41616570522363,14.841033782963354],[-91.41555779145769,14.84014579858322]]],[[[-91.41641340844416,14.841349258830773],[-91.41908296376293,14.844825531944332],[-91.41942321949543,14.84604557442797],[-91.42236325964825,14.848924584024207],[-91.41942622026295,14.845972604193822],[-91.41908548096086,14.844752342436564],[-91.41641340844416,14.841349258830773]]],[[[-91.37353209978733,14.841986300555298],[-91.36175365770725,14.850259534255366],[-91.36206931847425,14.85142094108854],[-91.36896297016705,14.845337771572066],[-91.3762856463212,14.840627521710338],[-91.37582004242711,14.841851017633568],[-91.37659630210597,14.842302441924335],[-91.37682065097871,14.843066855420288],[-91.37866872988164,14.844100090840172],[-91.38044897710316,14.843555199864896],[-91.38170553490501,14.844219995014258],[-91.38467114680041,14.841948663140377],[-91.38770777518302,14.84203261887255],[-91.38853706781771,14.840415177413472],[-91.39026581316615,14.839915849300388],[-91.39146025518265,14.838619830124562],[-91.39227575007749,14.838444483306315],[-91.39362486688195,14.838898404175687],[-91.39506610613869,14.837840556483538],[-91.39679866141759,14.83827383603448],[-91.39745096142765,14.839065256577227],[-91.3990122838132,14.83851390385619],[-91.39983200535673,14.839362060317542],[-91.40112063092671,14.839452674253412],[-91.40203770134403,14.840058101798398],[-91.40577554552351,14.840282555890116],[-91.40857026386247,14.841023044244402],[-91.41187851287269,14.83846305001175],[-91.41306247474529,14.839391020779981],[-91.41283730180324,14.838459246366675],[-91.41349897118388,14.837954414697663],[-91.4153907714482,14.8398755399012],[-91.40651850710763,14.825517925243833],[-91.40422882028996,14.822747637094613],[-91.37353209978733,14.841986300555298]]],[[[-91.4227110682725,14.84915576439171],[-91.42843170983213,14.8518708465542],[-91.43194377613375,14.854114821816651],[-91.42875173066669,14.851940863404959],[-91.4227110682725,14.84915576439171]]],[[[-91.43269128376143,14.854485515880906],[-91.43852577081948,14.856990208022685],[-91.44304435410653,14.860153252372259],[-91.44595495888227,14.863075135637974],[-91.44305815412918,14.860076808452293],[-91.43853735516777,14.856914305663665],[-91.43269128376143,14.854485515880906]]],[[[-91.20683080944166,14.8835207722563],[-91.18706138621755,14.891913528539524],[-91.18517495149895,14.892325612344315],[-91.17649854564203,14.896430844746295],[-91.17816009193817,14.898257710992906],[-91.33601473962423,14.898215523136951],[-91.33626752176527,14.875636159958967],[-91.33726664888641,14.875676871545293],[-91.36353035460681,14.855709605730109],[-91.34756254621705,14.867448838424838],[-91.33726721040345,14.875603590272167],[-91.32870069749671,14.875254387433715],[-91.30731457869054,14.875834178821021],[-91.30645830204091,14.87444280474166],[-91.30515211953258,14.866182709543775],[-91.3031064635582,14.857209936731433],[-91.3019501973494,14.855871694082083],[-91.2952659583315,14.86014904752649],[-91.28925956830513,14.861949222500655],[-91.28177452967637,14.863228662066557],[-91.27577780531139,14.862327375579614],[-91.27204452770746,14.860015017133845],[-91.2684996462038,14.856590129095858],[-91.26602166114486,14.852438934344528],[-91.26423239217578,14.846700027900061],[-91.26278177550952,14.844956084763892],[-91.2506095671187,14.850740498367749],[-91.24712097724228,14.851920435717714],[-91.24501070949478,14.85320687323645],[-91.23955236960855,14.854299327550292],[-91.23648612893457,14.854445264113952],[-91.235096326422,14.855247973113642],[-91.21565337291257,14.858757943708003],[-91.21218899463513,14.859786124715265],[-91.21195292177451,14.860810042580237],[-91.21285504397615,14.86889545286737],[-91.21264808918623,14.871600568182862],[-91.21159966273883,14.874649325591635],[-91.20683080944166,14.8835207722563]]]]},"properties":{"FID":43,"CODIGO":801,"OID_":103,"MUNICIPIOS":"Totonicapán","AREA_KM2":244.535,"DEPARTAMEN":"TOTONICAPAN"},"id":43},{"type":"Feature","geometry":{"type":"Polygon","coordinates":[[[-91.44595629917686,14.863000035370707],[-91.44758877075246,14.862907520389324],[-91.45037101069754,14.86184735174316],[-91.45348233247609,14.858696482042784],[-91.45723795460232,14.856532171364625],[-91.46378424407067,14.855053790586375],[-91.47117869094076,14.855673915130417],[-91.46380188370775,14.854969665017407],[-91.45914667966068,14.855821996936399],[-91.45587204622204,14.8569094782764],[-91.45349842308566,14.858616466060324],[-91.45038729512251,14.86176911999201],[-91.44760466142489,14.862830418716763],[-91.44595629917686,14.863000035370707]]]},"properties":{"FID":44,"CODIGO":902,"OID_":112,"MUNICIPIOS":"Salcajá","AREA_KM2":16.88,"DEPARTAMEN":"QUETZALTENANGO"},"id":44},{"type":"Feature","geometry":{"type":"Polygon","coordinates":[[[-91.43269128376143,14.854485515880906],[-91.43853735516777,14.856914305663665],[-91.44305815412918,14.860076808452293],[-91.44595629917686,14.863000035370707],[-91.44760466142489,14.862830418716763],[-91.45038729512251,14.86176911999201],[-91.45349842308566,14.858616466060324],[-91.45587204622204,14.8569094782764],[-91.45914667966068,14.855821996936399],[-91.46380188370775,14.854969665017407],[-91.47117869094076,14.855673915130417],[-91.47238429200046,14.849512536546957],[-91.47256206712157,14.846464006134987],[-91.4714856007218,14.845044619687034],[-91.46822034985652,14.843930807645876],[-91.46482994940841,14.843889047156267],[-91.46278811528366,14.843006180400469],[-91.46076898209286,14.84078385095465],[-91.45897784992314,14.832815551909741],[-91.45890917993482,14.828034235940814],[-91.45754768761064,14.826863284345912],[-91.45689562732828,14.825162357630399],[-91.45553605080005,14.823225070991532],[-91.45405701543746,14.822125011617173],[-91.45401453794462,14.819226335072168],[-91.4536102212697,14.818002603482746],[-91.45375279263786,14.815282525454094],[-91.45257689486068,14.813165200279865],[-91.45057247674028,14.811260229825697],[-91.45040803011588,14.80857120822511],[-91.45079843264385,14.80635822641819],[-91.45137856314207,14.805489343979852],[-91.45410743855282,14.804253610235412],[-91.45582153133753,14.802752781943372],[-91.45661264369667,14.800896872948623],[-91.45681758337521,14.79841563189183],[-91.45963434619122,14.796163411975593],[-91.4614170894893,14.796455379050599],[-91.46409647419267,14.798178334697843],[-91.46452588831279,14.798027245008718],[-91.46856910209688,14.795262118141135],[-91.4693335489202,14.794422362207982],[-91.4699697097144,14.792268169251896],[-91.47224091175698,14.791840910902582],[-91.4729686518097,14.789558041971045],[-91.4720112470282,14.788909640545455],[-91.46889675209978,14.791078580226584],[-91.46280464452745,14.791536300381706],[-91.46059717272801,14.791286573055478],[-91.45890375436105,14.789938690842764],[-91.4571010088851,14.787631981099846],[-91.45480087458047,14.783089417584405],[-91.44973880312581,14.77538741937001],[-91.44568381302744,14.76783786166439],[-91.44343900760974,14.764878456011772],[-91.43859172521454,14.769322041027072],[-91.42233883641269,14.786437637895425],[-91.4091417152143,14.799629972276586],[-91.40810200031581,14.801117507691888],[-91.40631812108383,14.808931233506883],[-91.40573854981945,14.813786446845864],[-91.40410574489462,14.819969765800664],[-91.40422882028996,14.822747637094613],[-91.40651850710763,14.825517925243833],[-91.41588794562269,14.840680025680856],[-91.41908548096086,14.844752342436564],[-91.41942622026295,14.845972604193822],[-91.4227110682725,14.84915576439171],[-91.42875173066669,14.851940863404959],[-91.43269128376143,14.854485515880906]]]},"properties":{"FID":45,"CODIGO":914,"OID_":124,"MUNICIPIOS":"Cantel","AREA_KM2":49.738,"DEPARTAMEN":"QUETZALTENANGO"},"id":45},{"type":"Feature","geometry":{"type":"Polygon","coordinates":[[[-91.44343900760974,14.764878456011772],[-91.44568381302744,14.76783786166439],[-91.44973880312581,14.77538741937001],[-91.45566532607378,14.784574132787965],[-91.4571010088851,14.787631981099846],[-91.45890375436105,14.789938690842764],[-91.46059717272801,14.791286573055478],[-91.46280464452745,14.791536300381706],[-91.46889675209978,14.791078580226584],[-91.4720112470282,14.788909640545455],[-91.4729686518097,14.789558041971045],[-91.47296337687872,14.78828178454664],[-91.47333084119317,14.788011382655966],[-91.4745896469152,14.787886912804959],[-91.47628304178244,14.788866469644343],[-91.4772038636418,14.788713427481582],[-91.48039271378076,14.787385937976232],[-91.48472020302341,14.78659182324159],[-91.48597711103544,14.786019027821656],[-91.48738294127595,14.784339897379128],[-91.48934901446873,14.784421730222846],[-91.49069388399776,14.782862363263671],[-91.49223020267469,14.783005655127765],[-91.49280357898472,14.77968117696572],[-91.49266587327476,14.775870823718357],[-91.49624586060949,14.771820861077105],[-91.49907044446736,14.770432432189425],[-91.50026919469929,14.770370230391881],[-91.50156190577653,14.769293954591735],[-91.50196546664037,14.767131065784495],[-91.5018941216781,14.764224169086933],[-91.49952682186787,14.762187194099686],[-91.49879374804647,14.76081305142278],[-91.4988429760114,14.758517705057251],[-91.49999877815019,14.75761412659616],[-91.50225741517502,14.757222508015772],[-91.50360093441027,14.75425252406603],[-91.50481794158902,14.753884210700397],[-91.50651787477283,14.751543936848567],[-91.50668396711048,14.749018604328858],[-91.50794704922974,14.745647274639918],[-91.5090459168787,14.745241168328828],[-91.51023853453981,14.743782734982052],[-91.51292501460016,14.742375594725203],[-91.51389836249031,14.740210368497353],[-91.51663679733083,14.737196377701522],[-91.51645464232358,14.735973046489676],[-91.51744857359469,14.734037238019763],[-91.5171436763963,14.732723163737166],[-91.51751951965998,14.731484206145588],[-91.51908521607338,14.730759961128243],[-91.52033540424648,14.729014354163574],[-91.52046882532872,14.728057498076273],[-91.52328322125251,14.72448846967822],[-91.52349323959125,14.723072269345547],[-91.52275859116581,14.721334808423258],[-91.52351842320734,14.71982071659947],[-91.52383820323256,14.716529699087875],[-91.52647137074389,14.714905256881417],[-91.52691683435427,14.714091719464626],[-91.52722786032099,14.714323182431993],[-91.52992553113184,14.709623142842055],[-91.53108804139927,14.709310083283636],[-91.53184369646362,14.708033296457101],[-91.53138681348759,14.70753313362213],[-91.53135760008003,14.70575883929737],[-91.53063138472989,14.704668242168959],[-91.53095923070363,14.703327595892818],[-91.52985154648513,14.698688403028447],[-91.5299744815783,14.697659551246312],[-91.5307046006596,14.69723063790115],[-91.53048073141655,14.696643347583278],[-91.53089053440422,14.694967539678194],[-91.53192279061876,14.693485060431417],[-91.53208751973187,14.690894431805926],[-91.53082906784294,14.6902420683822],[-91.53129209101681,14.689755513725496],[-91.53134979372555,14.6875122363662],[-91.53286303360431,14.685794667041433],[-91.53329028896145,14.683999341110395],[-91.52714057662185,14.683797705085553],[-91.52121335512689,14.685207368508557],[-91.51650761004686,14.685511779590364],[-91.51162650662263,14.690803254083512],[-91.50746387846688,14.69461008838414],[-91.50439498055874,14.6969867268174],[-91.49704443342942,14.701420170293233],[-91.49302582534072,14.70565697655097],[-91.49007188111005,14.706211712261926],[-91.48732055412638,14.711894933916273],[-91.48597101280434,14.717209905612712],[-91.4849988433277,14.718885874193637],[-91.48321970507183,14.720584798940006],[-91.47976371530822,14.722611658424846],[-91.47585883598673,14.724158715941181],[-91.47229275166777,14.726141792109042],[-91.46978945601028,14.728699007549345],[-91.46558302165352,14.735241094577917],[-91.46230847331529,14.73857154335435],[-91.45960450298023,14.739829124197948],[-91.4582234275276,14.739929516679007],[-91.45509336120371,14.741020376855857],[-91.4482923115365,14.741948756790935],[-91.44611093307978,14.744641148789063],[-91.44553591059152,14.746734217730374],[-91.44461745678139,14.761373807689496],[-91.44420917996875,14.76376400042226],[-91.44343900760974,14.764878456011772]]]},"properties":{"FID":46,"CODIGO":916,"OID_":126,"MUNICIPIOS":"Zunil","AREA_KM2":77.462,"DEPARTAMEN":"QUETZALTENANGO"},"id":46},{"type":"Feature","geometry":{"type":"MultiPolygon","coordinates":[[[[-91.60159395310147,14.627794489072594],[-91.60051389227013,14.628386411923966],[-91.59903630307504,14.629779629689452],[-91.60025604370301,14.629119430052807],[-91.60159395310147,14.627794489072594]]],[[[-91.59029760656904,14.643932169889586],[-91.59182112480121,14.644251124589058],[-91.59220946385527,14.643269217645699],[-91.59105031348953,14.642174559065216],[-91.59042573932443,14.639858275245537],[-91.58904294780857,14.639708463185414],[-91.59054823703552,14.642190067602764],[-91.59029760656904,14.643932169889586]]],[[[-91.58947686811048,14.644788140014404],[-91.58904376887352,14.645620329249224],[-91.58866140579987,14.647946703689215],[-91.59092796272854,14.647578169541228],[-91.59117052851617,14.646931606439892],[-91.58947686811048,14.644788140014404]]],[[[-91.57692328922874,14.64849263349193],[-91.5779699349399,14.649188588361302],[-91.57885931599016,14.649399905162916],[-91.57692328922874,14.64849263349193]]],[[[-91.5758969458205,14.648586406225595],[-91.5753347971658,14.650262819299353],[-91.57665124763484,14.650796093745317],[-91.57640988991145,14.648447513310416],[-91.5758969458205,14.648586406225595]]],[[[-91.58045790613954,14.650899146126394],[-91.58217504053268,14.650509170205718],[-91.58355201403407,14.650909608393638],[-91.58512037944004,14.650209461760184],[-91.58745182307393,14.649912399113077],[-91.58722779061797,14.649254904471984],[-91.58353989326557,14.65034257775076],[-91.5806746510567,14.650244113207874],[-91.58045790613954,14.650899146126394]]],[[[-91.5722819804367,14.65117355121589],[-91.57326605341588,14.65157574181265],[-91.57467486908807,14.65080417641907],[-91.57363481084249,14.651141895965518],[-91.5722819804367,14.65117355121589]]],[[[-91.55285361877065,14.665838576845744],[-91.54579008153235,14.673404364714797],[-91.5468780463117,14.673677728256536],[-91.54807157102488,14.672563396617216],[-91.54944445157358,14.672022087595312],[-91.55067052495258,14.66939664415567],[-91.55237429655837,14.66816538443513],[-91.55451724860107,14.665307015345473],[-91.55505921936725,14.6656872433257],[-91.55623487380504,14.66498894228085],[-91.56196627487658,14.656166589664284],[-91.5650045699384,14.654671355173942],[-91.56511861929918,14.652734354592234],[-91.56587104423961,14.651950968052915],[-91.56430803883778,14.65348324644586],[-91.56340557978686,14.65475104573759],[-91.56016297509932,14.657066442147343],[-91.55765007181226,14.661544373387256],[-91.55431594142,14.66381052177633],[-91.55285361877065,14.665838576845744]]],[[[-91.53329028896145,14.683999341110395],[-91.53286303360431,14.685794667041433],[-91.53449040176945,14.684860873159625],[-91.53485321626844,14.683242262251321],[-91.53329028896145,14.683999341110395]]]]},"properties":{"FID":47,"CODIGO":919,"OID_":129,"MUNICIPIOS":"El Palmar","AREA_KM2":175.884,"DEPARTAMEN":"QUETZALTENANGO"},"id":47},{"type":"Feature","geometry":{"type":"Polygon","coordinates":[[[-91.49186034688798,14.59444109641313],[-91.49432622657116,14.594459273057314],[-91.49624808324383,14.593607324873178],[-91.49823129210134,14.594655036484463],[-91.49921425804067,14.595726808996249],[-91.49971031972203,14.589637830146614],[-91.4991560543932,14.58514197322592],[-91.50008654728042,14.584192093059896],[-91.50188675707605,14.579266180645542],[-91.50292359878819,14.568917695485633],[-91.50480674100336,14.563874761745243],[-91.50736781359842,14.559953561082592],[-91.50914061953708,14.559479024618895],[-91.51112081852163,14.560165034070147],[-91.5156553957233,14.56388962925896],[-91.51765279242392,14.563747505719022],[-91.51908839567372,14.5619160518045],[-91.51991010017777,14.56185685113815],[-91.52163776355964,14.56319536835041],[-91.52330770476708,14.563361837960532],[-91.52619632056816,14.562475032541746],[-91.52729493063494,14.562555394371277],[-91.53061557284327,14.564569368437908],[-91.52972590226574,14.560440883023736],[-91.53053161510502,14.558853959891897],[-91.53302626961812,14.555780547573969],[-91.53319943171796,14.55432748955477],[-91.53274743360433,14.55180843096219],[-91.53417294213655,14.540576261330822],[-91.53609694914424,14.53631059059953],[-91.53896417444376,14.532793107708903],[-91.54011713559898,14.529785780667718],[-91.54162427549319,14.527682293080803],[-91.54211441331282,14.525987134550164],[-91.5434871109603,14.524392368882078],[-91.54466624674751,14.519049713503646],[-91.54471460917271,14.51661964218792],[-91.54791123683252,14.512680346654967],[-91.54897877453354,14.50939560187967],[-91.54982567893917,14.501514252218216],[-91.55187700094987,14.497715811657853],[-91.55278844723863,14.494961121825492],[-91.55303401247377,14.489018305632008],[-91.55144424858076,14.486226584128335],[-91.54992391916262,14.478465066373893],[-91.54788893444233,14.476035684894665],[-91.54882321710659,14.47341446795937],[-91.5488612430967,14.471845291370503],[-91.54632367154292,14.466739493203],[-91.54574674684682,14.466924619362699],[-91.54484972004627,14.468899761298047],[-91.5432561247725,14.469042434567996],[-91.54250689707553,14.469598216693933],[-91.54220264612763,14.470821124847275],[-91.54252020857857,14.475199128613392],[-91.54122691018456,14.477381951773797],[-91.53972046075971,14.478552198010155],[-91.53907918287277,14.478553864140235],[-91.53886221187231,14.477952549363119],[-91.5397642184804,14.473013791310535],[-91.53851631876202,14.47011806504192],[-91.53663955699395,14.469852176154465],[-91.53536807704079,14.471976347649347],[-91.53382431481748,14.472296655749803],[-91.53306610870557,14.471742807775547],[-91.53264599065389,14.468971984870247],[-91.53177333106693,14.46801518330245],[-91.5311525106527,14.46799662029358],[-91.53063474746894,14.469410254578545],[-91.53201165086057,14.472950849189443],[-91.53223080172474,14.473922782138095],[-91.53180104478076,14.474207089007365],[-91.52990230884949,14.47093440348031],[-91.52905450646657,14.470605959309568],[-91.5284143623166,14.471319427771462],[-91.52831125275975,14.473505093929843],[-91.52974499323233,14.478008710328634],[-91.52892279127003,14.480038475347987],[-91.52839410451931,14.480375259608142],[-91.5277537138544,14.480048918472672],[-91.52844234943522,14.483610545055814],[-91.52801508833672,14.489928389783806],[-91.52576323722081,14.49270167285193],[-91.52220005905511,14.493585442157539],[-91.52364919055204,14.496021521488997],[-91.5245795598179,14.496766304161117],[-91.52707936684088,14.497633918792822],[-91.52723964308689,14.499090199503051],[-91.52630417522872,14.502183574885304],[-91.52588839706394,14.505779608402694],[-91.5239388813697,14.510501519163935],[-91.52357729535598,14.515797207856302],[-91.51956012342396,14.522977063322601],[-91.51891015184975,14.523482528308305],[-91.51752801987139,14.523770950008204],[-91.5145292410115,14.521166837913427],[-91.5128064110815,14.520979658885315],[-91.51041004145128,14.519792781718461],[-91.50611039987318,14.519564318654682],[-91.5032918215539,14.51856449851535],[-91.501914856405,14.517398732415334],[-91.5021475220972,14.510138600985252],[-91.5049795644106,14.505401064983973],[-91.50482879230383,14.503500805678723],[-91.50321170490051,14.50097429668083],[-91.50406859938006,14.497883932931884],[-91.50008705709794,14.500254975703578],[-91.49880561636922,14.500249044984505],[-91.49725786981583,14.502502256632392],[-91.49673898864674,14.50661388224992],[-91.49509741570624,14.50677962135616],[-91.49386832416457,14.505115365249488],[-91.48784193103064,14.502359321645558],[-91.48646942049686,14.502443126124907],[-91.48487034116387,14.503953595230964],[-91.4817375740531,14.505708355420783],[-91.47868741927248,14.505548507044326],[-91.47779435633791,14.504965362079993],[-91.4764370765575,14.505193827409215],[-91.4756697377548,14.505983129387026],[-91.47522343296636,14.510021701606439],[-91.47449682322181,14.512057486127722],[-91.47366046765863,14.519863814332748],[-91.474828860713,14.521402360292626],[-91.47539180145256,14.523201350316532],[-91.47590973691605,14.531315893462018],[-91.47668714142243,14.535843728860328],[-91.47650719285626,14.538829875856655],[-91.472887706384,14.546596589962054],[-91.47303828918334,14.553375509304264],[-91.47380680911539,14.556239028614355],[-91.47596382368458,14.558686773918584],[-91.47804944110065,14.559881039554037],[-91.48129465254947,14.560377794087268],[-91.4827763346755,14.559309532413636],[-91.4833481286768,14.553380406214083],[-91.48462114215414,14.553049696543482],[-91.48796160739148,14.554793193502542],[-91.49273559958546,14.558799944841637],[-91.49516281171952,14.563435539176975],[-91.49554697058315,14.56528984228189],[-91.49510655620075,14.576940309037672],[-91.49435096108445,14.581946335115525],[-91.49145468833709,14.586120524289885],[-91.49107452541199,14.588535946376625],[-91.49186034688798,14.59444109641313]]]},"properties":{"FID":48,"CODIGO":1001,"OID_":135,"MUNICIPIOS":"Mazatenango","AREA_KM2":65.25,"DEPARTAMEN":"SUCHITEPEQUEZ"},"id":48},{"type":"Feature","geometry":{"type":"Polygon","coordinates":[[[-91.52972590226574,14.560440883023736],[-91.53103583390761,14.565660071815264],[-91.53177489025468,14.565645504205746],[-91.53316874767444,14.563973005498742],[-91.53413796497334,14.563448040805874],[-91.5358069454954,14.563938691935068],[-91.5372893691123,14.565014566998592],[-91.53980741574115,14.568079828107663],[-91.54054734001667,14.56846408683836],[-91.54552421813928,14.56888942474116],[-91.54696146662648,14.569701701886322],[-91.54764813578103,14.571135262820242],[-91.55060726693429,14.573309431732595],[-91.5503850418934,14.57491586895704],[-91.54891670511347,14.57609877715353],[-91.54730026807405,14.576333920128302],[-91.54625304643648,14.578134077748329],[-91.54640164449187,14.581125782030133],[-91.54869900356083,14.582946734386239],[-91.54916111815083,14.583864803311041],[-91.54912495253522,14.586995464937354],[-91.54962853296645,14.587606465856368],[-91.55290140577969,14.58867529522117],[-91.55364968740183,14.589836926106825],[-91.55335508468147,14.592132140153467],[-91.54944574334903,14.597533542347813],[-91.54667797288825,14.60539719019462],[-91.54688418855156,14.608536132157251],[-91.54742050892385,14.609820748585037],[-91.55071823397094,14.613340484400483],[-91.55154755120404,14.610200066673755],[-91.5531478063719,14.608397679326089],[-91.55425056428429,14.606283741286681],[-91.56142774826577,14.590900735982483],[-91.56566059071102,14.586093136841205],[-91.56982140532443,14.58405774186307],[-91.57168941659415,14.580529240078752],[-91.5734792355196,14.576792339914281],[-91.57463994860906,14.572553303153358],[-91.57702523049316,14.569468550259403],[-91.57798494688859,14.559193518458043],[-91.5791076546755,14.557416241548593],[-91.58099306839365,14.555729456325224],[-91.58161713046312,14.551922112007501],[-91.5832545436019,14.548004518263971],[-91.58433983901071,14.543616922594651],[-91.58762351717785,14.53963465755169],[-91.58828003445332,14.537537006955507],[-91.58833694343731,14.531953396138148],[-91.58681112742711,14.528568069314444],[-91.58739112456871,14.526459786902166],[-91.58440251533308,14.520104170521694],[-91.58320512717351,14.516434946721263],[-91.58210621487437,14.507686296621571],[-91.582009157044,14.504075690004324],[-91.58122946203999,14.501577296706351],[-91.58119556645602,14.500069809043502],[-91.5814177185296,14.499422589139751],[-91.58253410470473,14.498580776819766],[-91.58378361256116,14.494033694172819],[-91.58185560714594,14.490461596345051],[-91.58221896729869,14.48995888013],[-91.58165506634975,14.489457193703549],[-91.5800997633356,14.489117869954281],[-91.57950036325026,14.48736290704713],[-91.580236388765,14.483046622114628],[-91.58083019479075,14.4819118548734],[-91.58058382385984,14.480657707305777],[-91.58139721698362,14.478939520153984],[-91.58153143246969,14.475154036676004],[-91.58094469650308,14.47441945245314],[-91.57877865132058,14.473764592044466],[-91.57562618102841,14.471049588289194],[-91.57278439183091,14.471263994315052],[-91.57056095958242,14.475327156490309],[-91.56843564613463,14.47284541139193],[-91.56716579840382,14.472768756487689],[-91.5661573535769,14.473518510313788],[-91.5661031889213,14.474459381073308],[-91.56695891317719,14.477179729824412],[-91.57112263348702,14.484681578172003],[-91.57105027796287,14.487197412603184],[-91.57049477761873,14.48792394581266],[-91.5694771985546,14.487194622190746],[-91.56849541668034,14.484863324345048],[-91.56557806106572,14.483546163535747],[-91.56278277522799,14.475162246063734],[-91.56213809516721,14.47515265629373],[-91.56093937872626,14.476272955885978],[-91.56035415145345,14.476304400786248],[-91.5592043454944,14.473077172968736],[-91.5570339508156,14.472481976137235],[-91.5556304566444,14.470031673187746],[-91.55367168002331,14.468368873398932],[-91.55284789563137,14.468623682512947],[-91.55271109708015,14.46924540922169],[-91.55351487992989,14.471273981354544],[-91.55251872937549,14.4755783739813],[-91.55417659891563,14.483423210568246],[-91.55333545401045,14.486794136496341],[-91.55217163230344,14.487183393234798],[-91.55303401247377,14.489018305632008],[-91.55278844723863,14.494961121825492],[-91.55187700094987,14.497715811657853],[-91.54982567893917,14.501514252218216],[-91.54897877453354,14.50939560187967],[-91.54791123683252,14.512680346654967],[-91.54471460917271,14.51661964218792],[-91.54466624674751,14.519049713503646],[-91.5434871109603,14.524392368882078],[-91.54211441331282,14.525987134550164],[-91.54162427549319,14.527682293080803],[-91.54011713559898,14.529785780667718],[-91.53896417444376,14.532793107708903],[-91.53609694914424,14.53631059059953],[-91.53417294213655,14.540576261330822],[-91.53274743360433,14.55180843096219],[-91.53319943171796,14.55432748955477],[-91.53302626961812,14.555780547573969],[-91.53053161510502,14.558853959891897],[-91.52972590226574,14.560440883023736]]]},"properties":{"FID":49,"CODIGO":1002,"OID_":136,"MUNICIPIOS":"Cuyotenango","AREA_KM2":481.071,"DEPARTAMEN":"SUCHITEPEQUEZ"},"id":49},{"type":"Feature","geometry":{"type":"Polygon","coordinates":[[[-91.48561916546448,14.667518481817211],[-91.48822872603176,14.6814607558881],[-91.48917522403809,14.691432101673946],[-91.48875323848922,14.698194827831436],[-91.48891362399324,14.704156900968256],[-91.489146695665,14.705204649862154],[-91.49007188111005,14.706211712261926],[-91.49206211806512,14.703158284567085],[-91.49354863694634,14.698649714892369],[-91.4959304061836,14.694846306618528],[-91.49662422156949,14.692599029814357],[-91.49906794358293,14.688202811103558],[-91.50021553943942,14.683911169115344],[-91.50389073600766,14.679570287655206],[-91.50656329474828,14.677751487255891],[-91.51090697958813,14.676382883879642],[-91.51387197704749,14.676189464710792],[-91.51438794595819,14.675578124336134],[-91.51479984199257,14.671124622347657],[-91.51653907876052,14.670254448466533],[-91.51809949705805,14.668446470675597],[-91.51892232341376,14.6600806193339],[-91.51772356695618,14.657650570299767],[-91.51757670056615,14.65610625186089],[-91.51935625801862,14.654051083316089],[-91.51985033349696,14.650294064501509],[-91.52125588505137,14.647584565176288],[-91.52136349080253,14.64668023479903],[-91.51999616416181,14.643694365977458],[-91.51992791957468,14.640893016032447],[-91.5208733389365,14.63644399532926],[-91.5216539815263,14.636233149333357],[-91.52875409937302,14.640758025242679],[-91.52988555570944,14.640495136046939],[-91.53068086351291,14.637647255354192],[-91.53412198734817,14.632430895372963],[-91.53808292656282,14.63043785124906],[-91.54187327849208,14.629226664359607],[-91.54284884903686,14.62646232848309],[-91.54399101624813,14.625089900227701],[-91.54636134001707,14.620467708811683],[-91.54941617330164,14.616903914622199],[-91.55015179505578,14.615405759440318],[-91.55071823397094,14.613340484400483],[-91.54742050892385,14.609820748585037],[-91.54688418855156,14.608536132157251],[-91.54667797288825,14.60539719019462],[-91.54944574334903,14.597533542347813],[-91.55335508468147,14.592132140153467],[-91.55371670380252,14.59058983850406],[-91.55290140577969,14.58867529522117],[-91.54962853296645,14.587606465856368],[-91.54912495253522,14.586995464937354],[-91.54916111815083,14.583864803311041],[-91.54869900356083,14.582946734386239],[-91.54640164449187,14.581125782030133],[-91.54625304643648,14.578134077748329],[-91.54730026807405,14.576333920128302],[-91.54891670511347,14.57609877715353],[-91.5503850418934,14.57491586895704],[-91.55060726693429,14.573309431732595],[-91.54764813578103,14.571135262820242],[-91.54696146662648,14.569701701886322],[-91.54552421813928,14.56888942474116],[-91.54054734001667,14.56846408683836],[-91.53980741574115,14.568079828107663],[-91.5372893691123,14.565014566998592],[-91.5358069454954,14.563938691935068],[-91.53413796497334,14.563448040805874],[-91.53316874767444,14.563973005498742],[-91.53177489025468,14.565645504205746],[-91.53103583390761,14.565660071815264],[-91.53061557284327,14.564569368437908],[-91.52729493063494,14.562555394371277],[-91.52619632056816,14.562475032541746],[-91.52330770476708,14.563361837960532],[-91.52163776355964,14.56319536835041],[-91.51991010017777,14.56185685113815],[-91.51908839567372,14.5619160518045],[-91.51765279242392,14.563747505719022],[-91.5156553957233,14.56388962925896],[-91.5122948143314,14.561023286700724],[-91.50986529547338,14.559615836991359],[-91.5080738609214,14.559582952303597],[-91.50630426277982,14.561217864027943],[-91.50480674100336,14.563874761745243],[-91.50292359878819,14.568917695485633],[-91.50188675707605,14.579266180645542],[-91.50008654728042,14.584192093059896],[-91.4991560543932,14.58514197322592],[-91.49971031972203,14.589637830146614],[-91.49921425804067,14.595726808996249],[-91.50004751497171,14.596378440726907],[-91.50008464727806,14.598603359194515],[-91.50550963635821,14.600010935994659],[-91.5107131372498,14.600464509387807],[-91.51255146648454,14.59900741819262],[-91.51492985236455,14.598415829788832],[-91.51691817855038,14.599067976135613],[-91.51718644562226,14.599722738188866],[-91.51620962062789,14.610520243293282],[-91.51459935078071,14.616705002319243],[-91.51312059958335,14.619538296351175],[-91.51191491615455,14.623859079308824],[-91.51125279710311,14.625170000503925],[-91.50784335405797,14.629162560756805],[-91.50748758237545,14.631153340424332],[-91.5076497653647,14.634026467549738],[-91.50515191621221,14.63763387912356],[-91.50554495205998,14.639913052054826],[-91.50942839128132,14.642831506601228],[-91.50960656187442,14.643341080500349],[-91.50912424153269,14.644221536848777],[-91.50224144721608,14.645171606979575],[-91.4994889193142,14.646179778313238],[-91.49858910479225,14.646927580550848],[-91.49782771622445,14.649415109751885],[-91.49539029261841,14.651683907458114],[-91.4950568504727,14.656159325379539],[-91.49197128655406,14.659511920928429],[-91.49018904503725,14.663271766051587],[-91.48846445268696,14.665640003450186],[-91.48644731672937,14.667506929673385],[-91.48561916546448,14.667518481817211]]]},"properties":{"FID":50,"CODIGO":1003,"OID_":137,"MUNICIPIOS":"San Francisco Zapotitlán","AREA_KM2":48.897,"DEPARTAMEN":"SUCHITEPEQUEZ"},"id":50},{"type":"Feature","geometry":{"type":"Polygon","coordinates":[[[-91.441004114299,14.539651546953694],[-91.44751951782787,14.54035464233148],[-91.44848152086519,14.540871702430941],[-91.44993909847759,14.542510574519937],[-91.45104517155448,14.545574094860505],[-91.45128762614384,14.549895056248529],[-91.45466434701206,14.553211973396323],[-91.4577116771079,14.553447875446087],[-91.46243067540728,14.551569496467698],[-91.4646081648523,14.549520700545624],[-91.46434484253822,14.541971637238827],[-91.46585825294937,14.541507022005838],[-91.46974341484538,14.544363827517575],[-91.47124274455622,14.542912731931358],[-91.47202730940808,14.5402310793635],[-91.47301997185976,14.539756240421033],[-91.47605264718487,14.539402011270846],[-91.47650719285626,14.538829875856655],[-91.47668714142243,14.535843728860328],[-91.47590973691605,14.531315893462018],[-91.47539180145256,14.523201350316532],[-91.474828860713,14.521402360292626],[-91.47366046765863,14.519863814332748],[-91.46787762661326,14.519455519776976],[-91.4558222069891,14.517528041005189],[-91.45461757112032,14.516638833237723],[-91.45444107727505,14.514747448109935],[-91.45494282964394,14.51313734344544],[-91.4535348331592,14.512226456054337],[-91.4494627895549,14.511334127810613],[-91.44558986499695,14.510830584287461],[-91.4443580570389,14.511186229149237],[-91.44383808715864,14.513733947150355],[-91.4414042520705,14.515238546655038],[-91.43697673067105,14.513689467179402],[-91.43561470102313,14.513923302929797],[-91.43469324318401,14.51491818519475],[-91.43326342149975,14.518356879323237],[-91.43179975383343,14.519596685715983],[-91.42905302323886,14.52071829943911],[-91.42862851106786,14.521626095325226],[-91.43142894984683,14.52424005676688],[-91.43251790414733,14.529521375489907],[-91.43950121041286,14.53894669494291],[-91.441004114299,14.539651546953694]]]},"properties":{"FID":51,"CODIGO":1004,"OID_":138,"MUNICIPIOS":"San Bernandino","AREA_KM2":14.315,"DEPARTAMEN":"SUCHITEPEQUEZ"},"id":51},{"type":"Feature","geometry":{"type":"MultiPolygon","coordinates":[[[[-91.42433824352952,14.465610290343465],[-91.4241316625084,14.466050109266138],[-91.42420784360188,14.466438898338192],[-91.42433824352952,14.465610290343465]]],[[[-91.38049185678996,14.460809783928308],[-91.37727709718328,14.464349924902178],[-91.37714239677456,14.465415533241305],[-91.37913766684174,14.467038129838203],[-91.37766220898888,14.468158897860272],[-91.3779848694018,14.469686639334853],[-91.38615682219718,14.469090808477725],[-91.38648916738947,14.46810676330993],[-91.38959640133044,14.465077557740495],[-91.38986137299956,14.46265931124853],[-91.39183814255816,14.460418847240067],[-91.39516116702299,14.459040552806785],[-91.39879146967354,14.460243672200917],[-91.40126021113971,14.460611825766552],[-91.40296443656065,14.459751535107797],[-91.40556772644715,14.455797350257797],[-91.40548414251377,14.454917783564857],[-91.40498474527729,14.454548339608298],[-91.40379069273033,14.456394283987272],[-91.40203263756229,14.455713506623656],[-91.40160983855819,14.450548492712972],[-91.40208016705913,14.447924852581664],[-91.4018071848546,14.446456494643094],[-91.4010731811518,14.44590468193871],[-91.39945244149983,14.446137718865153],[-91.39708450142754,14.448633206070784],[-91.39513598378008,14.446877762806874],[-91.39276365528815,14.447233300693808],[-91.39257858119166,14.447657978474572],[-91.39481295688938,14.450371214143333],[-91.39485851991971,14.451130761131163],[-91.39326728268604,14.45394896949838],[-91.39252661396041,14.453921318724117],[-91.39054851249585,14.452087678119556],[-91.38933608579154,14.452366362625442],[-91.38892307914699,14.454494365343065],[-91.38960985691003,14.45661181357106],[-91.39031144483504,14.457076444995506],[-91.39161639488616,14.457075194402385],[-91.39197138659097,14.458094451874201],[-91.39168154603186,14.458736466084106],[-91.39077290576543,14.459249971222627],[-91.39018787935197,14.460469559167842],[-91.38948110769493,14.460481672015792],[-91.38748335820043,14.458957437429152],[-91.38301470634488,14.459382100856823],[-91.38049185678996,14.460809783928308]]],[[[-91.43126828488589,14.465896830411276],[-91.43290852979645,14.467365243654674],[-91.4337012924537,14.469977047479404],[-91.4336548400896,14.470731466758485],[-91.43251149782374,14.471895487818783],[-91.4325125779907,14.475953852604393],[-91.43413885896524,14.47744024895538],[-91.4383261296675,14.47784093776922],[-91.43917976442806,14.477149497108721],[-91.44049570735238,14.474847714226557],[-91.44118587227712,14.470578118898535],[-91.44123303559401,14.462492739744379],[-91.44055360893546,14.46173619613098],[-91.43977005862932,14.459456642096413],[-91.43587875148208,14.45831567341891],[-91.43513512347981,14.45928577949966],[-91.43400024241859,14.462396575483288],[-91.43452194290947,14.464971548379683],[-91.43332935692007,14.46506077796096],[-91.43025070764703,14.46305822118224],[-91.43126828488589,14.465896830411276]]],[[[-91.45163364373309,14.480385215106109],[-91.45572746773134,14.485006078494834],[-91.46257141403987,14.489644896217293],[-91.46419940893776,14.489664580276349],[-91.46513009214587,14.488895586833884],[-91.46680920634437,14.48020898251877],[-91.46766409151391,14.478649715741366],[-91.4693118506421,14.473238299787779],[-91.46971158232388,14.470408618429072],[-91.46890946723197,14.470196238209738],[-91.46666375778632,14.470572540167709],[-91.46454398458273,14.469327180661335],[-91.46403084497092,14.470008518858185],[-91.46437695810847,14.47279246280836],[-91.46249763763441,14.473673895105051],[-91.46228649043631,14.475289324812598],[-91.4612280691208,14.476177240005295],[-91.45978787378385,14.474414292806168],[-91.45847979280433,14.474765013767813],[-91.45776158349103,14.473989751676289],[-91.46086238428532,14.470097406915013],[-91.46104007553078,14.468373294264158],[-91.46043145559334,14.466587545531144],[-91.45888143474865,14.465542460991367],[-91.45648667510616,14.466267944183274],[-91.4548985274324,14.464535640254276],[-91.4539962372574,14.46431278491153],[-91.45296256739927,14.46514659555346],[-91.45097558491797,14.468516271285575],[-91.44958496685769,14.468650601804448],[-91.44925788205614,14.467161575838963],[-91.45056258938747,14.464282295580494],[-91.45049124392774,14.463284175654792],[-91.44803607490776,14.46469498805481],[-91.44647458821899,14.464810097973396],[-91.44601799677524,14.463856888470419],[-91.4470216805477,14.461250193008992],[-91.4459177086382,14.460854242297362],[-91.44373447369627,14.462322546928748],[-91.44375669160223,14.468476692860913],[-91.44490834077295,14.473936906495288],[-91.45163364373309,14.480385215106109]]]]},"properties":{"FID":52,"CODIGO":1005,"OID_":139,"MUNICIPIOS":"San José El Idolo","AREA_KM2":137.732,"DEPARTAMEN":"SUCHITEPEQUEZ"},"id":52},{"type":"Feature","geometry":{"type":"Polygon","coordinates":[[[-91.4443580570389,14.511186229149237],[-91.44558986499695,14.510830584287461],[-91.4535348331592,14.512226456054337],[-91.45494282964394,14.51313734344544],[-91.45444107727505,14.514747448109935],[-91.45461757112032,14.516638833237723],[-91.4558222069891,14.517528041005189],[-91.46787762661326,14.519455519776976],[-91.47366046765863,14.519863814332748],[-91.47449682322181,14.512057486127722],[-91.47522343296636,14.510021701606439],[-91.4756697377548,14.505983129387026],[-91.4764370765575,14.505193827409215],[-91.47779435633791,14.504965362079993],[-91.47868741927248,14.505548507044326],[-91.4817375740531,14.505708355420783],[-91.48487034116387,14.503953595230964],[-91.48646942049686,14.502443126124907],[-91.48784193103064,14.502359321645558],[-91.49386832416457,14.505115365249488],[-91.49509741570624,14.50677962135616],[-91.49673898864674,14.50661388224992],[-91.49725786981583,14.502502256632392],[-91.49880561636922,14.500249044984505],[-91.50008705709794,14.500254975703578],[-91.50406859938006,14.497883932931884],[-91.50407126116369,14.496277284047094],[-91.50212795805658,14.491997406490142],[-91.50370142216643,14.486848605018709],[-91.50286013107258,14.484158412025293],[-91.501867502891,14.483379260969455],[-91.49954595522728,14.483635621107673],[-91.49820817521518,14.485037145850425],[-91.4976027030505,14.486867041747633],[-91.49698546201599,14.487085677780218],[-91.49666952991934,14.486731140435431],[-91.49827199400079,14.482188041565804],[-91.49790222334255,14.47949547753507],[-91.49794825881314,14.47316967131253],[-91.49728428849126,14.47310102832495],[-91.49602115254305,14.47427479098357],[-91.49610145835939,14.48008392302519],[-91.4940400457752,14.482522525438727],[-91.49387240979061,14.484079528502354],[-91.49262075582256,14.485000249725486],[-91.49230129369883,14.484740592870951],[-91.49228511894123,14.483358671247512],[-91.49419441396729,14.47880627345707],[-91.49417190635133,14.475266275602355],[-91.4936099337848,14.474172361292592],[-91.49143236487606,14.473470320334329],[-91.48930783377052,14.47530061456826],[-91.48835655075811,14.47356581906952],[-91.48377555013302,14.472903614599346],[-91.48070578817013,14.471429684014964],[-91.47905231256713,14.471934213139145],[-91.47869871273087,14.474052662631674],[-91.47754831417603,14.47466437880178],[-91.47608241885311,14.473419956437041],[-91.4731152333502,14.473317105031278],[-91.47100649183815,14.472567874375347],[-91.46971158232388,14.470408618429072],[-91.4693118506421,14.473238299787779],[-91.46766409151391,14.478649715741366],[-91.46680920634437,14.48020898251877],[-91.46513009214587,14.488895586833884],[-91.46419940893776,14.489664580276349],[-91.46257141403987,14.489644896217293],[-91.45572746773134,14.485006078494834],[-91.45163364373309,14.480385215106109],[-91.44490834077295,14.473936906495288],[-91.44375669160223,14.468476692860913],[-91.44373447369627,14.462322546928748],[-91.44295365491232,14.460333007194674],[-91.44233760024302,14.46130172228467],[-91.44226916223447,14.462636737890653],[-91.44178439946106,14.462900170882284],[-91.44123303559401,14.462492739744379],[-91.44118587227712,14.470578118898535],[-91.44049570735238,14.474847714226557],[-91.43917976442806,14.477149497108721],[-91.4383261296675,14.47784093776922],[-91.43739440829503,14.481155332432872],[-91.43753671800684,14.487659600389403],[-91.43816140366496,14.488537114354292],[-91.4396512627227,14.494374697103217],[-91.44015012348517,14.495007327824851],[-91.44194326218461,14.503672629182478],[-91.44381364763225,14.50718978242374],[-91.4443580570389,14.511186229149237]]]},"properties":{"FID":53,"CODIGO":1006,"OID_":140,"MUNICIPIOS":"Santo Domingo Suchitepéquez","AREA_KM2":236.094,"DEPARTAMEN":"SUCHITEPEQUEZ"},"id":53},{"type":"Feature","geometry":{"type":"Polygon","coordinates":[[[-91.50370142216643,14.486848605018709],[-91.50212795805658,14.491997406490142],[-91.50407126116369,14.496277284047094],[-91.50406859938006,14.497883932931884],[-91.51072745947219,14.494866573819104],[-91.52220005905511,14.493585442157539],[-91.52576323722081,14.49270167285193],[-91.52801508833672,14.489928389783806],[-91.52844234943522,14.483610545055814],[-91.5277537138544,14.480048918472672],[-91.525713336427,14.473836826924344],[-91.52568063881144,14.469128430852479],[-91.52480864370061,14.469041614198492],[-91.5231558872326,14.469976950950638],[-91.5221112657549,14.46925405120689],[-91.52140536838832,14.469825851777111],[-91.52142123872919,14.472333141053422],[-91.52262457444158,14.474569942806818],[-91.52284307256569,14.475809656919406],[-91.52214640611547,14.479538381780557],[-91.52137568264796,14.4805255646273],[-91.5205767178158,14.479299146527175],[-91.51993167908273,14.474620804978558],[-91.51720576898441,14.470737215233747],[-91.51637299112605,14.470507120535512],[-91.5117081822822,14.470926215018887],[-91.51121322010886,14.471335485438585],[-91.51031182632975,14.473657308309104],[-91.50855212691181,14.471840628552592],[-91.50763383828522,14.471654026012889],[-91.50338649684613,14.473969253958138],[-91.50313823717939,14.474764229060385],[-91.50520266765393,14.477218998615795],[-91.50399251837558,14.478880114068973],[-91.50567640727415,14.48396730742611],[-91.50481440443697,14.487661003364883],[-91.50397793773791,14.487801432544922],[-91.50370142216643,14.486848605018709]]]},"properties":{"FID":54,"CODIGO":1007,"OID_":141,"MUNICIPIOS":"San Lorenzo","AREA_KM2":283.843,"DEPARTAMEN":"SUCHITEPEQUEZ"},"id":54},{"type":"Feature","geometry":{"type":"Polygon","coordinates":[[[-91.4542316976759,14.59937524120036],[-91.46001889211246,14.59978069711144],[-91.46550031253429,14.599446220177015],[-91.47756115232696,14.60141092073824],[-91.48452034019334,14.60147656130919],[-91.4855136957921,14.60187167866912],[-91.48872869545461,14.601023671793657],[-91.49019555269889,14.599445731148586],[-91.49186034688798,14.59444109641313],[-91.49107452541199,14.588535946376625],[-91.49145468833709,14.586120524289885],[-91.49435096108445,14.581946335115525],[-91.49510655620075,14.576940309037672],[-91.49554697058315,14.56528984228189],[-91.49516281171952,14.563435539176975],[-91.49273559958546,14.558799944841637],[-91.48796160739148,14.554793193502542],[-91.48462114215414,14.553049696543482],[-91.4833481286768,14.553380406214083],[-91.4827763346755,14.559309532413636],[-91.48129465254947,14.560377794087268],[-91.47804944110065,14.559881039554037],[-91.47596382368458,14.558686773918584],[-91.47380680911539,14.556239028614355],[-91.47303828918334,14.553375509304264],[-91.472887706384,14.546596589962054],[-91.47605264718487,14.539402011270846],[-91.47301997185976,14.539756240421033],[-91.47202730940808,14.5402310793635],[-91.47124274455622,14.542912731931358],[-91.46974341484538,14.544363827517575],[-91.46585825294937,14.541507022005838],[-91.46434484253822,14.541971637238827],[-91.4646081648523,14.549520700545624],[-91.46243067540728,14.551569496467698],[-91.4577116771079,14.553447875446087],[-91.45466434701206,14.553211973396323],[-91.45128762614384,14.549895056248529],[-91.45104517155448,14.545574094860505],[-91.44993909847759,14.542510574519937],[-91.44848152086519,14.540871702430941],[-91.44751951782787,14.54035464233148],[-91.441004114299,14.539651546953694],[-91.44223748414298,14.545880599896522],[-91.44426132945581,14.549554709078752],[-91.44474924115606,14.55193398807277],[-91.44344850227387,14.5618384687436],[-91.44479929865307,14.56655884591735],[-91.44501613651903,14.570625416369765],[-91.4473083529083,14.579410393287839],[-91.4529578879846,14.581924460098502],[-91.45851640375483,14.583533933878222],[-91.46031479721708,14.585591924740438],[-91.46061885047394,14.586913578562024],[-91.45994832570072,14.592830622500792],[-91.458169235418,14.595407327732937],[-91.4542316976759,14.59937524120036]]]},"properties":{"FID":55,"CODIGO":1008,"OID_":142,"MUNICIPIOS":"Samayac","AREA_KM2":25.825,"DEPARTAMEN":"SUCHITEPEQUEZ"},"id":55},{"type":"Feature","geometry":{"type":"Polygon","coordinates":[[[-91.40340930473019,14.59609217948404],[-91.40465164996732,14.596520961919634],[-91.40600219677084,14.597794445115616],[-91.40816510853914,14.600891329734258],[-91.42024886266053,14.612054673179792],[-91.42554527344491,14.61623240285028],[-91.42593719141823,14.621074052598841],[-91.43307488530802,14.62744575196812],[-91.43648591988863,14.62348266331948],[-91.44558789176187,14.614521901025167],[-91.4500996896057,14.60657083228179],[-91.45028377086265,14.604391484560095],[-91.44949786523728,14.603542280539623],[-91.44932161527194,14.602534430847529],[-91.44980715722014,14.600714115029449],[-91.45060394019654,14.600008744188914],[-91.4542316976759,14.59937524120036],[-91.458169235418,14.595407327732937],[-91.45994832570072,14.592830622500792],[-91.46061885047394,14.586913578562024],[-91.46031479721708,14.585591924740438],[-91.45851640375483,14.583533933878222],[-91.4529578879846,14.581924460098502],[-91.4473083529083,14.579410393287839],[-91.44501613651903,14.570625416369765],[-91.44479929865307,14.56655884591735],[-91.44344850227387,14.5618384687436],[-91.44282969701571,14.561582398179],[-91.44036805130483,14.562012282063346],[-91.4351833092766,14.56605745444073],[-91.43439156949776,14.566307495577085],[-91.43305682461045,14.565916674962045],[-91.43255244629798,14.56498118984579],[-91.4303961244519,14.56504242562131],[-91.42874399702305,14.563196497842359],[-91.42838486760178,14.561901568091379],[-91.42733472877946,14.561049403981277],[-91.42570774946633,14.561062187254025],[-91.4239918010047,14.562740842177512],[-91.42298353487946,14.569136734686662],[-91.42211876445522,14.56978393636596],[-91.41823999766791,14.57005486636499],[-91.41601160038591,14.572405614115981],[-91.41384016940049,14.57359753269303],[-91.4084303098784,14.575127806544975],[-91.40528239226823,14.576916304321449],[-91.40583110427849,14.580464263664178],[-91.40480842895988,14.586031762535878],[-91.40516578831256,14.589650721865263],[-91.40494128446164,14.59182745956165],[-91.40338049243341,14.593652727832497],[-91.40340930473019,14.59609217948404]]]},"properties":{"FID":56,"CODIGO":1009,"OID_":143,"MUNICIPIOS":"San pablo Jocopila","AREA_KM2":26.116,"DEPARTAMEN":"SUCHITEPEQUEZ"},"id":56},{"type":"Feature","geometry":{"type":"MultiPolygon","coordinates":[[[[-91.40521529608479,14.456681522124688],[-91.40545675378625,14.456319705892911],[-91.40549601587595,14.456134896892344],[-91.40521529608479,14.456681522124688]]],[[[-91.39621004785059,14.564737045481653],[-91.39741035854415,14.565258205443598],[-91.39940392480656,14.567494193020124],[-91.40036062434159,14.570512807353703],[-91.40113350345386,14.57111463522805],[-91.40237576822585,14.574593901683746],[-91.40474994793858,14.576912670253074],[-91.40528239226823,14.576916304321449],[-91.4084303098784,14.575127806544975],[-91.41384016940049,14.57359753269303],[-91.41601160038591,14.572405614115981],[-91.41823999766791,14.57005486636499],[-91.42211876445522,14.56978393636596],[-91.42298353487946,14.569136734686662],[-91.4239918010047,14.562740842177512],[-91.42570774946633,14.561062187254025],[-91.42733472877946,14.561049403981277],[-91.42838486760178,14.561901568091379],[-91.42874399702305,14.563196497842359],[-91.4303961244519,14.56504242562131],[-91.43255244629798,14.56498118984579],[-91.43305682461045,14.565916674962045],[-91.43439156949776,14.566307495577085],[-91.4351833092766,14.56605745444073],[-91.44036805130483,14.562012282063346],[-91.44282969701571,14.561582398179],[-91.44344850227387,14.5618384687436],[-91.44474924115606,14.55193398807277],[-91.44426132945581,14.549554709078752],[-91.44223748414298,14.545880599896522],[-91.441004114299,14.539651546953694],[-91.43950121041286,14.53894669494291],[-91.43251790414733,14.529521375489907],[-91.43142894984683,14.52424005676688],[-91.42862851106786,14.521626095325226],[-91.42905302323886,14.52071829943911],[-91.43179975383343,14.519596685715983],[-91.43326342149975,14.518356879323237],[-91.43469324318401,14.51491818519475],[-91.43561470102313,14.513923302929797],[-91.43697673067105,14.513689467179402],[-91.4414042520705,14.515238546655038],[-91.44383808715864,14.513733947150355],[-91.4443580570389,14.511186229149237],[-91.44381364763225,14.50718978242374],[-91.44194326218461,14.503672629182478],[-91.44015012348517,14.495007327824851],[-91.4396512627227,14.494374697103217],[-91.43816140366496,14.488537114354292],[-91.43753671800684,14.487659600389403],[-91.43739440829503,14.481155332432872],[-91.4383261296675,14.47784093776922],[-91.43413885896524,14.47744024895538],[-91.4325125779907,14.475953852604393],[-91.43251149782374,14.471895487818783],[-91.4336548400896,14.470731466758485],[-91.4337012924537,14.469977047479404],[-91.43290852979645,14.467365243654674],[-91.43126828488589,14.465896830411276],[-91.43025070764703,14.46305822118224],[-91.42982759696457,14.46276308871955],[-91.42884962101614,14.462509129479676],[-91.42607684662893,14.465044020763017],[-91.42433824352952,14.465610290343465],[-91.42425757389988,14.466692695300031],[-91.42493571080645,14.46836147385237],[-91.42454922196387,14.470798186862364],[-91.42318674633573,14.47055744385081],[-91.4221793317771,14.469625360563152],[-91.42167507231224,14.46870455827396],[-91.42143968503133,14.466818426772285],[-91.41913351201134,14.467874020266008],[-91.41778818271645,14.467671777415642],[-91.41750457482073,14.46686882375585],[-91.41899341379172,14.464732161251629],[-91.41845056416525,14.46369698227404],[-91.41731187731826,14.46362605754269],[-91.41399264160829,14.46496515190857],[-91.4134275461163,14.464861918390687],[-91.4118993185379,14.461847410363696],[-91.41269529190974,14.458255419586912],[-91.41334850059212,14.457540124333958],[-91.41439082450616,14.457297454746838],[-91.41469031619647,14.456593330632776],[-91.41461060021328,14.45459074338387],[-91.41325469946909,14.453439358327069],[-91.41169266177852,14.454868224788514],[-91.41164663201458,14.456941141181261],[-91.41009038294989,14.458610684631612],[-91.4095422651185,14.461582934975558],[-91.4089814393487,14.46234742396312],[-91.40808208026333,14.462048719264523],[-91.40845207869187,14.459669556719984],[-91.40821389039837,14.458925653294601],[-91.40593357812017,14.460993613995655],[-91.4048948368928,14.460568544042614],[-91.40309310616632,14.46088397610761],[-91.40296443656065,14.459751535107797],[-91.40126021113971,14.460611825766552],[-91.39879146967354,14.460243672200917],[-91.39516116702299,14.459040552806785],[-91.39183814255816,14.460418847240067],[-91.38986137299956,14.46265931124853],[-91.38959640133044,14.465077557740495],[-91.38648916738947,14.46810676330993],[-91.38615682219718,14.469090808477725],[-91.38714110136128,14.4713571785539],[-91.38774029058956,14.475891826074731],[-91.38912549143541,14.478443394251311],[-91.3891442235456,14.480828552458124],[-91.38620438797605,14.482242119908515],[-91.38402841380065,14.484332003542223],[-91.38312468144085,14.485991125688418],[-91.38290157255469,14.488695478805534],[-91.38132395322452,14.49149105608814],[-91.37937476443874,14.49203461080951],[-91.37878682357263,14.49490816753194],[-91.37932613781074,14.496650657691992],[-91.38050475176925,14.49834784806372],[-91.38008613359291,14.503052854762911],[-91.38120230994026,14.507522152568656],[-91.38038493487248,14.512597242680647],[-91.38073821304165,14.517999011627172],[-91.37986847434478,14.52770591974613],[-91.37697213235862,14.531566746458324],[-91.37650382876127,14.53280176354532],[-91.37386550020007,14.535462224157317],[-91.37423279402745,14.540983838258477],[-91.37544397632237,14.544355651970768],[-91.37521025068867,14.546259999977243],[-91.37181484048055,14.555097402692734],[-91.37178124648001,14.561337029932739],[-91.37355514794423,14.563035027360684],[-91.37459114832939,14.563411672734425],[-91.38096726159836,14.563452507274928],[-91.38434907632747,14.565220306780276],[-91.38851965360358,14.56540499561883],[-91.3934405352113,14.564499984055573],[-91.39621004785059,14.564737045481653]]]]},"properties":{"FID":57,"CODIGO":1010,"OID_":144,"MUNICIPIOS":"San Antonio Suchitepéquez","AREA_KM2":75.019,"DEPARTAMEN":"SUCHITEPEQUEZ"},"id":57},{"type":"Feature","geometry":{"type":"Polygon","coordinates":[[[-91.37090293376755,14.472602703572624],[-91.36770144625322,14.476045084475285],[-91.36531991127565,14.477217090455868],[-91.36427523791701,14.47839611566498],[-91.36241537890807,14.478787636852136],[-91.3609804281029,14.48005543993106],[-91.354220430549,14.482166122521225],[-91.34638482515722,14.489128255724692],[-91.34229193522148,14.496482571565615],[-91.33900444187968,14.500605653638475],[-91.33417039140568,14.518531534866758],[-91.33362402363751,14.518859808905312],[-91.3329491413526,14.520475116594897],[-91.32847991147676,14.523436082227432],[-91.32560245628,14.527382191915828],[-91.32526136961677,14.528398812154206],[-91.32542709133969,14.532189261421484],[-91.32363003867457,14.535491168210644],[-91.32404263788942,14.53676059702948],[-91.32501930453353,14.537054543679858],[-91.33115016008603,14.536505166454194],[-91.33883512407,14.53751218933157],[-91.34148324437464,14.536780776160512],[-91.34312627146507,14.536995762192369],[-91.34376251113363,14.53753013135059],[-91.34571356759626,14.537577810840988],[-91.34685929202446,14.53697920346894],[-91.34780050379621,14.535026794416124],[-91.3476196810928,14.532593092708758],[-91.34655148693484,14.531347313430526],[-91.34673283858213,14.530276424725457],[-91.34781819397394,14.529523733400122],[-91.35261127266364,14.529959676423916],[-91.35315430255693,14.528438278810684],[-91.35336067167843,14.523825668994522],[-91.35404881919821,14.522202472946056],[-91.35729832836002,14.520254905350239],[-91.35956133290937,14.519500226416994],[-91.36145133416531,14.519787979496018],[-91.36315475623198,14.521870786984795],[-91.36300801040541,14.522979219642428],[-91.36144685499535,14.524806489033464],[-91.36119773326811,14.530206287642823],[-91.36883518674665,14.53121085664759],[-91.37287457965486,14.534173022828675],[-91.37386550020007,14.535462224157317],[-91.37650382876127,14.53280176354532],[-91.37697213235862,14.531566746458324],[-91.37986847434478,14.52770591974613],[-91.38073821304165,14.517999011627172],[-91.38038493487248,14.512597242680647],[-91.38120230994026,14.507522152568656],[-91.38008613359291,14.503052854762911],[-91.38050475176925,14.49834784806372],[-91.37932613781074,14.496650657691992],[-91.37878682357263,14.49490816753194],[-91.37937476443874,14.49203461080951],[-91.38132395322452,14.49149105608814],[-91.38290157255469,14.488695478805534],[-91.38312468144085,14.485991125688418],[-91.38402841380065,14.484332003542223],[-91.38620438797605,14.482242119908515],[-91.3891442235456,14.480828552458124],[-91.38932217096243,14.479790347411221],[-91.38912549143541,14.478443394251311],[-91.38774029058956,14.475891826074731],[-91.38714110136128,14.4713571785539],[-91.38615682219718,14.469090808477725],[-91.3779848694018,14.469686639334853],[-91.37993844771928,14.473810059797188],[-91.38007811531836,14.474936309453437],[-91.37987089689129,14.476408150014308],[-91.37851259117231,14.477674339173063],[-91.37733919258653,14.476311608320428],[-91.37600144468117,14.472358225069074],[-91.37414737679028,14.472042629742349],[-91.37149831511915,14.472862618875807],[-91.37090293376755,14.472602703572624]]]},"properties":{"FID":58,"CODIGO":1011,"OID_":145,"MUNICIPIOS":"San Migule Panna","AREA_KM2":28.801,"DEPARTAMEN":"SUCHITEPEQUEZ"},"id":58},{"type":"Feature","geometry":{"type":"Polygon","coordinates":[[[-91.50406859938006,14.497883932931884],[-91.50321170490051,14.50097429668083],[-91.50482879230383,14.503500805678723],[-91.5049795644106,14.505401064983973],[-91.5021475220972,14.510138600985252],[-91.501914856405,14.517398732415334],[-91.5032918215539,14.51856449851535],[-91.50611039987318,14.519564318654682],[-91.51041004145128,14.519792781718461],[-91.5128064110815,14.520979658885315],[-91.5145292410115,14.521166837913427],[-91.51752801987139,14.523770950008204],[-91.51891015184975,14.523482528308305],[-91.51956012342396,14.522977063322601],[-91.52357729535598,14.515797207856302],[-91.5239388813697,14.510501519163935],[-91.52588839706394,14.505779608402694],[-91.52630417522872,14.502183574885304],[-91.52735951868303,14.498060507244592],[-91.52663179708404,14.497358811939492],[-91.5245795598179,14.496766304161117],[-91.52364919055204,14.496021521488997],[-91.52220005905511,14.493585442157539],[-91.51072745947219,14.494866573819104],[-91.50406859938006,14.497883932931884]]]},"properties":{"FID":59,"CODIGO":1012,"OID_":146,"MUNICIPIOS":"San Gabriel","AREA_KM2":6.601,"DEPARTAMEN":"SUCHITEPEQUEZ"},"id":59},{"type":"Feature","geometry":{"type":"Polygon","coordinates":[[[-91.31589363485513,14.633829183557683],[-91.31851914770783,14.638207909646404],[-91.32047014284552,14.646607089526025],[-91.32162281319246,14.64777341378428],[-91.32245066209863,14.64786185809436],[-91.3243380112714,14.646950181879554],[-91.32872947453488,14.642054856376314],[-91.32987860563935,14.641393155352716],[-91.33222816353907,14.638193550717872],[-91.33777372448046,14.63361583871835],[-91.34219808725098,14.631680441762295],[-91.34630726026042,14.632314086917011],[-91.34807088251867,14.634339867431631],[-91.34812740426874,14.636245072174813],[-91.35004170441789,14.63643715211157],[-91.35210776959084,14.637283302041318],[-91.35273955962815,14.638374620557386],[-91.35257804471436,14.643222486337647],[-91.35421988708111,14.644714114651029],[-91.3569030211584,14.645686610453547],[-91.35797902004592,14.645411760885453],[-91.3616758195848,14.642631438307806],[-91.36282110661234,14.640366372357096],[-91.36486902666711,14.63819350439787],[-91.36814248460804,14.637635764569964],[-91.37058329744465,14.63936674798889],[-91.37252814409717,14.639358887591778],[-91.37546190035512,14.63695033176854],[-91.37898016121257,14.637499078611446],[-91.38317586808898,14.634119666622572],[-91.38540695424197,14.633919357460368],[-91.38862604084733,14.635870218112231],[-91.3933164846661,14.635518501861124],[-91.39600439844364,14.63648719554248],[-91.39718955898208,14.63067575102002],[-91.39819441557373,14.629076087515037],[-91.39826764379987,14.627458713526813],[-91.39922359728078,14.624838493042347],[-91.3976791399026,14.62141022555739],[-91.39761255125087,14.620032538472707],[-91.39836255784572,14.618448060186903],[-91.39987964868266,14.616921947651967],[-91.40007662786886,14.615035396149507],[-91.39917036198736,14.614007833219667],[-91.39892345807283,14.612694434716914],[-91.39985726134351,14.605024951402802],[-91.40134510593153,14.601911240125544],[-91.40175546593807,14.599228501869346],[-91.40340930473019,14.59609217948404],[-91.40338049243341,14.593652727832497],[-91.40494128446164,14.59182745956165],[-91.40516578831256,14.589650721865263],[-91.40480842895988,14.586031762535878],[-91.40583110427849,14.580464263664178],[-91.40528239226823,14.576916304321449],[-91.40474994793858,14.576912670253074],[-91.40237576822585,14.574593901683746],[-91.40113350345386,14.57111463522805],[-91.40036062434159,14.570512807353703],[-91.39940392480656,14.567494193020124],[-91.39741035854415,14.565258205443598],[-91.39621004785059,14.564737045481653],[-91.3934405352113,14.564499984055573],[-91.38851965360358,14.56540499561883],[-91.38434907632747,14.565220306780276],[-91.38096726159836,14.563452507274928],[-91.37459114832939,14.563411672734425],[-91.37355514794423,14.563035027360684],[-91.37178124648001,14.561337029932739],[-91.37181484048055,14.555097402692734],[-91.37521025068867,14.546259999977243],[-91.37544397632237,14.544355651970768],[-91.37423279402745,14.540983838258477],[-91.37386550020007,14.535462224157317],[-91.37287457965486,14.534173022828675],[-91.36883518674665,14.53121085664759],[-91.36119773326811,14.530206287642823],[-91.36144685499535,14.524806489033464],[-91.36300801040541,14.522979219642428],[-91.36315475623198,14.521870786984795],[-91.36145133416531,14.519787979496018],[-91.35956133290937,14.519500226416994],[-91.35729832836002,14.520254905350239],[-91.35404881919821,14.522202472946056],[-91.35336067167843,14.523825668994522],[-91.35315430255693,14.528438278810684],[-91.35261127266364,14.529959676423916],[-91.34781819397394,14.529523733400122],[-91.34673283858213,14.530276424725457],[-91.34655148693484,14.531347313430526],[-91.3476196810928,14.532593092708758],[-91.34780050379621,14.535026794416124],[-91.34685929202446,14.53697920346894],[-91.34571356759626,14.537577810840988],[-91.34376251113363,14.53753013135059],[-91.34312627146507,14.536995762192369],[-91.34148324437464,14.536780776160512],[-91.33883512407,14.53751218933157],[-91.33115016008603,14.536505166454194],[-91.32501930453353,14.537054543679858],[-91.32404263788942,14.53676059702948],[-91.32363003867457,14.535491168210644],[-91.32542709133969,14.532189261421484],[-91.32526136961677,14.528398812154206],[-91.32560245628,14.527382191915828],[-91.32847991147676,14.523436082227432],[-91.3329491413526,14.520475116594897],[-91.33362402363751,14.518859808905312],[-91.33417039140568,14.518531534866758],[-91.33900444187968,14.500605653638475],[-91.34229193522148,14.496482571565615],[-91.34638482515722,14.489128255724692],[-91.354220430549,14.482166122521225],[-91.3609804281029,14.48005543993106],[-91.36241537890807,14.478787636852136],[-91.36427523791701,14.47839611566498],[-91.36531991127565,14.477217090455868],[-91.36770144625322,14.476045084475285],[-91.37090293376755,14.472602703572624],[-91.37087258415318,14.471853891399165],[-91.37194436734056,14.470764272821674],[-91.37383207770007,14.470438388029509],[-91.37474942335946,14.469695666805785],[-91.37223103119355,14.466828891196952],[-91.3719765017805,14.465400188310994],[-91.37122281615358,14.465484227501689],[-91.368460621072,14.468151762018955],[-91.36673776075696,14.467896901787888],[-91.36696724450846,14.466799198194547],[-91.3695100470577,14.46368953817878],[-91.36972580915139,14.46200649683348],[-91.36706124774565,14.461710095337617],[-91.36552670205383,14.462664294504384],[-91.3647303410551,14.462560470343313],[-91.3678619775938,14.458516049273097],[-91.37217968954606,14.45668515453232],[-91.37337768097666,14.455287956000051],[-91.37348767530197,14.454192804551337],[-91.371615111624,14.454209238642845],[-91.372227948223,14.452205812130389],[-91.37154469336437,14.451221548308167],[-91.37063411837623,14.451920248934847],[-91.36885172579595,14.455234052404375],[-91.36727505410784,14.453708060682583],[-91.36664222143595,14.454156723062566],[-91.36600247350063,14.455789367624511],[-91.36544490320881,14.456012587892193],[-91.36450620630673,14.454923720574063],[-91.3641664094589,14.452717118866595],[-91.36662088985678,14.45136257433235],[-91.36525206926525,14.450274117385046],[-91.36390392818953,14.450560765230545],[-91.35989998407723,14.453487344328199],[-91.35841112667002,14.453671296184444],[-91.35799467763479,14.452833472306967],[-91.36033695076233,14.450499808770845],[-91.3601639561992,14.448872823383116],[-91.35946657975073,14.448558402960836],[-91.3579183751371,14.449408522592158],[-91.35739530526953,14.45085553618699],[-91.35561859038305,14.452821413416666],[-91.35429858377411,14.452196454450272],[-91.35427441755328,14.451699175303375],[-91.35608651178471,14.4504408082767],[-91.35627913816114,14.44970778432349],[-91.35581877277335,14.449326089458086],[-91.35359444572967,14.449335409328459],[-91.35327510301104,14.448854143733463],[-91.35445239136162,14.447915600917327],[-91.35685890136078,14.447724515034166],[-91.35722532805637,14.445504757667189],[-91.3568584028313,14.44487177188549],[-91.35962667965629,14.442534297969562],[-91.35900793165389,14.441618242276167],[-91.35776806901467,14.44161186574159],[-91.35506857760103,14.444211910289962],[-91.35380300970571,14.44383701834007],[-91.3523596294399,14.44446639513655],[-91.35215298012486,14.442930687448813],[-91.35154588425458,14.442404476034797],[-91.35193002285044,14.44179933255218],[-91.35434428948047,14.439440239525469],[-91.35569646579268,14.439227105813965],[-91.35610046698524,14.438756538260218],[-91.35452967498121,14.436852038000005],[-91.35448375613346,14.43537055284444],[-91.3535145665788,14.434899440022578],[-91.35202950391879,14.435844872764916],[-91.35139503700327,14.435495849281546],[-91.35098065526833,14.434620748938293],[-91.34951951335385,14.435622822056233],[-91.34791910527441,14.434993615612601],[-91.34778554509396,14.436833114588863],[-91.34899230461058,14.4424238836575],[-91.3488531519236,14.443763974442723],[-91.3468051471814,14.44620013650258],[-91.34590600202799,14.446679636575112],[-91.3445450395204,14.446333959572478],[-91.34262426054678,14.446470306583647],[-91.34133309328433,14.447126667614896],[-91.33994253768152,14.450473475537972],[-91.33859532968826,14.451958686963927],[-91.33799613288895,14.45668940162719],[-91.33625232990994,14.459657463030789],[-91.33573472006472,14.46136090920221],[-91.33566582617776,14.469286998677438],[-91.33470577751761,14.474575506100594],[-91.33295543944999,14.476993269930526],[-91.33169226329603,14.477832777421218],[-91.32890526276718,14.478623040331335],[-91.32536524342311,14.48094553433241],[-91.31825255899227,14.481585054954285],[-91.31552071886244,14.482891850542138],[-91.30718511000985,14.49096178871485],[-91.30448867281793,14.49277482854208],[-91.30070693025166,14.494193602124188],[-91.29888593176585,14.495318093225505],[-91.29663652770103,14.49825273184736],[-91.29473662256942,14.502029295419927],[-91.29433930031449,14.504851941836193],[-91.29229958469503,14.507489788042248],[-91.28834866394784,14.510208577761698],[-91.28193653616133,14.512514994475469],[-91.27737647522547,14.515847088830393],[-91.27224117262496,14.517746840496535],[-91.26931069257591,14.52132008730337],[-91.26873543721075,14.52281614471863],[-91.27418395832316,14.526155178231175],[-91.27621904821791,14.528356218173506],[-91.27605985258754,14.53101447729556],[-91.27502862148401,14.531788675121067],[-91.27075688326447,14.533324149203708],[-91.26935195340823,14.534201757538634],[-91.26840400998296,14.535519944528502],[-91.26786801185384,14.53747834757019],[-91.26854673512659,14.540944902592662],[-91.27129068339936,14.545138451932223],[-91.27422455327843,14.548561764367937],[-91.2794155945208,14.559245598830072],[-91.28027403510343,14.56207515422737],[-91.28274329837231,14.564575357929868],[-91.2866830054913,14.565854889699022],[-91.28950478294689,14.567557747965484],[-91.29321446069306,14.56867055225094],[-91.29522072929839,14.57024086442999],[-91.29662254311161,14.572658591675902],[-91.29642797454616,14.57563747185826],[-91.29378113607414,14.582832772760792],[-91.29355589550701,14.586622579619146],[-91.29256944934511,14.591112916153707],[-91.29297308415828,14.597065143295772],[-91.2943830715968,14.59881301185754],[-91.3063379110327,14.603166052824406],[-91.3137482654925,14.607672124347086],[-91.32488215707986,14.61522576514291],[-91.33153793141427,14.620433156144216],[-91.33145003664174,14.622315851159781],[-91.33092918231381,14.622916547597388],[-91.32938383555862,14.623359641904447],[-91.32410369002163,14.62332850201753],[-91.32223212106679,14.623870878464531],[-91.31547459741878,14.630885387368899],[-91.31589363485513,14.633829183557683]]]},"properties":{"FID":60,"CODIGO":1013,"OID_":147,"MUNICIPIOS":"Chicacao","AREA_KM2":211.035,"DEPARTAMEN":"SUCHITEPEQUEZ"},"id":60},{"type":"Feature","geometry":{"type":"MultiPolygon","coordinates":[[[[-91.12650975176467,14.333418536494163],[-91.12646677492594,14.333536932882614],[-91.12646623986798,14.333609457872969],[-91.12650975176467,14.333418536494163]]],[[[-91.14607279253622,14.548762448174912],[-91.15100989833343,14.549120068205902],[-91.15295797572558,14.549999654280324],[-91.15604774443256,14.552293549406592],[-91.15734841362591,14.552788426316532],[-91.16122646181992,14.553110390078412],[-91.16395801209721,14.55420842779635],[-91.18964608301604,14.57265210143834],[-91.19065133141555,14.571707550968583],[-91.19172907743297,14.56912548541271],[-91.19317812526987,14.567306572246753],[-91.1943599909255,14.562969737371954],[-91.19382549832547,14.558098850054899],[-91.1925944781729,14.555514750209543],[-91.19170634894752,14.551276024797966],[-91.1887563722936,14.546936625921324],[-91.1878727350098,14.542442617056544],[-91.18825949363814,14.538960481774224],[-91.18889504394261,14.537465150907273],[-91.19078649358018,14.535125465763757],[-91.19143199988414,14.531404686704974],[-91.1893487761652,14.521050686300077],[-91.18743956802531,14.507925730757366],[-91.18634892340248,14.504015308513011],[-91.18618558370544,14.500220501873772],[-91.19218708284937,14.493469339802601],[-91.1925448511999,14.492461004452103],[-91.19036947818266,14.489833504247086],[-91.19048765399596,14.487486881273657],[-91.19562743876455,14.48650966592931],[-91.2025289065994,14.487129671506151],[-91.20450689140438,14.486278302479759],[-91.20580583856301,14.482921668219781],[-91.20639295707603,14.466775716020148],[-91.19921726729014,14.465945923010654],[-91.19755434269325,14.46505879393638],[-91.19405372796638,14.464256971908076],[-91.18996082676954,14.462295985892318],[-91.18563995730192,14.458578742336048],[-91.18241671491668,14.457119151772178],[-91.17910747833884,14.457469773101955],[-91.177441843012,14.458427299144681],[-91.1768990331234,14.459665767631446],[-91.1771561176407,14.465315139809242],[-91.17637759461995,14.466097639238372],[-91.17498995717469,14.466224702405476],[-91.17240785300058,14.467666493466393],[-91.17078200516241,14.474157526765962],[-91.17013139074179,14.474534303073515],[-91.16937389525776,14.474371380961195],[-91.16842979821608,14.473565335920163],[-91.16367950218904,14.468095596010388],[-91.16251594104024,14.465222739198131],[-91.16239874057428,14.462556876554967],[-91.1630871040487,14.462097944962522],[-91.16644168667607,14.462163641030676],[-91.16740795026736,14.461674101069578],[-91.16916746218524,14.455490270574817],[-91.17039041780662,14.45444124964257],[-91.17537028938091,14.454572525594457],[-91.17667032439289,14.454161217601225],[-91.17874283058651,14.449432499142636],[-91.17988118901519,14.44822799528357],[-91.18000067108457,14.447150050297175],[-91.17759329160981,14.444251825988923],[-91.1736520006474,14.441249062740335],[-91.16225738429753,14.435171969110751],[-91.16125768365575,14.434171171060125],[-91.16112943929089,14.433413274850695],[-91.16423204454092,14.431711272727684],[-91.16780547622459,14.426861022047085],[-91.17117675332177,14.424462842648143],[-91.17228125937345,14.42291918968034],[-91.17538823448331,14.42179206913398],[-91.17978039207284,14.417556828987891],[-91.18196292834301,14.41713758306329],[-91.18285291119413,14.416306191443246],[-91.18322228768058,14.41456476251234],[-91.18559207489636,14.410839126242323],[-91.18813605057306,14.409717650929071],[-91.19055473926983,14.406953710796088],[-91.19206569109929,14.404494596454576],[-91.19714750509551,14.400029247491979],[-91.1991589885886,14.396419317762836],[-91.20007663827947,14.393925107133311],[-91.20119266630434,14.392634422247399],[-91.20272333574576,14.392535352539456],[-91.20643969345527,14.394346280128232],[-91.20933015903952,14.396031152315082],[-91.21101140158734,14.39762098000415],[-91.2196174088907,14.398107362130673],[-91.225351581793,14.399154825059407],[-91.2424118515538,14.402902028717037],[-91.24338829227662,14.403948652783193],[-91.24427737719051,14.402902341253515],[-91.24573666806266,14.399563489151397],[-91.24690319821995,14.398458219354232],[-91.24731315569264,14.39523583434037],[-91.24714784414284,14.391987720472798],[-91.24572768633963,14.38653589339429],[-91.24159747538579,14.38559832581229],[-91.23785056281744,14.384036249293919],[-91.23608938183513,14.384199361649909],[-91.2347194735639,14.384863596486591],[-91.23388098532666,14.386776764327722],[-91.23375773188508,14.390071293150685],[-91.23331083057424,14.390453195270654],[-91.23260991425322,14.390417453927457],[-91.23092167409162,14.388744113828693],[-91.23000504203674,14.38858022082749],[-91.22912437135834,14.389074100486338],[-91.22821210156177,14.391222802994259],[-91.22373512935964,14.390896608659666],[-91.21998278906469,14.392953872252766],[-91.21696600063792,14.392866742674386],[-91.21617045183054,14.3932177353799],[-91.21554673872744,14.393019844335846],[-91.21514193257704,14.39232991315538],[-91.21795512487144,14.389517771854683],[-91.21758137410093,14.388419116162781],[-91.21556531556999,14.388419727199262],[-91.21139176396719,14.389445620072845],[-91.20843538794391,14.387894719593126],[-91.20543809758853,14.389658085923681],[-91.20479272203151,14.388692921833606],[-91.20542675553246,14.386797538876799],[-91.20509066489447,14.38643347660036],[-91.20280129725434,14.386774212051385],[-91.20216227191199,14.384148398989476],[-91.20091747077588,14.383507419528316],[-91.19881636840958,14.383425905594123],[-91.19712835426996,14.384726909805657],[-91.19620856430478,14.38460240609207],[-91.1967226789341,14.381843032235084],[-91.19639120267044,14.380184336272599],[-91.19579484322594,14.380123303236147],[-91.19369479678427,14.382078637191247],[-91.19315427863881,14.381558228283442],[-91.19315102349807,14.37980036244224],[-91.19217088641312,14.378031645604503],[-91.19112116494028,14.377639519360448],[-91.18922530861805,14.378055440654881],[-91.18846992138646,14.377667814831584],[-91.18987498267428,14.375595370392134],[-91.19085971690787,14.375060636175983],[-91.19289858712764,14.37515981239625],[-91.194392531747,14.374423341119323],[-91.19477728023256,14.372980235335865],[-91.19367783354294,14.371061492904461],[-91.19682994029729,14.368465701531923],[-91.19652915171027,14.365726096888645],[-91.19371236747607,14.360333940555186],[-91.19348080121603,14.357059376109223],[-91.19208102110827,14.3568351823491],[-91.18884651591344,14.358742296734004],[-91.18789258703963,14.362369300676132],[-91.18681067353202,14.363034331462622],[-91.18568917779639,14.362858545201851],[-91.18711607930028,14.361013347741762],[-91.18784510042481,14.357615089452837],[-91.18957995146012,14.355438958898064],[-91.18951503354741,14.354433013827208],[-91.1859931983238,14.352595145663807],[-91.18370479873485,14.354223613979118],[-91.18309074829078,14.353922921605008],[-91.18319707349409,14.352808708343149],[-91.1858908844519,14.350838783339512],[-91.18617353432005,14.349410725192715],[-91.18580356922014,14.348155038405315],[-91.18471074800905,14.34723386238325],[-91.18265738198596,14.348102698077769],[-91.18163610398415,14.347866664595708],[-91.18222620154678,14.346825074148521],[-91.18259962027714,14.343267074905567],[-91.18096840350327,14.341222211779215],[-91.180670128638,14.339199994508963],[-91.1793248181082,14.339995158184475],[-91.17842805832305,14.339410989514558],[-91.17771329452975,14.341254839271976],[-91.17770229185555,14.343117650860012],[-91.17866272268846,14.345359601489765],[-91.17866390198256,14.347436022679027],[-91.17934344250153,14.349452131358658],[-91.17915662485817,14.350200825714532],[-91.1780162505906,14.351078886964675],[-91.17895604381685,14.353296956523353],[-91.17850465882293,14.354089934655844],[-91.17726926985478,14.353174407268218],[-91.1762548396445,14.351732999812006],[-91.17702681107009,14.348768926922823],[-91.17693153282276,14.345506716309306],[-91.17599801683691,14.344021874281578],[-91.17666504704346,14.342423942851106],[-91.17652239112445,14.340578026262003],[-91.17555550352563,14.339997826994635],[-91.1744265315046,14.340045625940329],[-91.17264957870285,14.34091198674037],[-91.17126554196956,14.342120275403326],[-91.1702583296033,14.341798447659636],[-91.17143990551205,14.340123164205735],[-91.17452125637519,14.33800609667624],[-91.17919773842675,14.337365338776472],[-91.1802640336381,14.336180541914679],[-91.17992862348056,14.335027919747553],[-91.17798677994733,14.333937528722116],[-91.17563707318101,14.33514295274859],[-91.17520796802954,14.334690027581056],[-91.17557282479255,14.33406132424743],[-91.17513726185587,14.333332699788812],[-91.17414512242375,14.333800676286822],[-91.17340006065857,14.335235323419342],[-91.1726277456805,14.335527619935236],[-91.17234161469199,14.334304199162817],[-91.17415177658283,14.33075954411382],[-91.17409091020612,14.329905013845611],[-91.17360169612944,14.329579282011958],[-91.17266143245318,14.33072547960161],[-91.17157617353544,14.330961138533882],[-91.17136480756992,14.334594916536629],[-91.17020110581056,14.335642223124145],[-91.16874458332593,14.338502703444352],[-91.16811748944254,14.338460581174933],[-91.16780771557387,14.338010824584416],[-91.16966971379428,14.334088163793245],[-91.16958173703476,14.333506814799312],[-91.16907501776046,14.333267926095237],[-91.16622392763647,14.335427374281531],[-91.16401586377087,14.338013139329464],[-91.16426371546866,14.339449783393542],[-91.16230952070812,14.339597328762665],[-91.16161921287991,14.339207880220178],[-91.16398238615736,14.335649536408122],[-91.1641972795134,14.334159987697918],[-91.16609880524118,14.332432683932224],[-91.1674778071372,14.33176777164968],[-91.16796797916062,14.329691763410255],[-91.17105241746955,14.329608229134278],[-91.17181979833872,14.329207445390965],[-91.17220232013463,14.327971098715055],[-91.17020106527458,14.32536073699406],[-91.17111022714,14.324476400869738],[-91.17240501880227,14.32411582584556],[-91.17269128799445,14.323604010499562],[-91.17067117734284,14.32310945813422],[-91.1709401851737,14.322225837402554],[-91.17063534400397,14.321812274537635],[-91.16947082927364,14.322539871384599],[-91.16891190487301,14.323526317128845],[-91.16906054730241,14.327126717113792],[-91.16550715886828,14.32931576864538],[-91.16215482267663,14.332702673353724],[-91.1608786412868,14.331981072549542],[-91.1604062722595,14.328952063980632],[-91.1587160564478,14.327359633082954],[-91.15802704461485,14.327242447054985],[-91.15907674029702,14.329234349117511],[-91.15909139946325,14.330561864208452],[-91.15834823423346,14.330974088600701],[-91.15742084169001,14.330393001439527],[-91.15603901521324,14.33289020665642],[-91.15663549593214,14.333485674944772],[-91.15822175758208,14.333551088498432],[-91.15868684249091,14.333920721642041],[-91.15965277314505,14.335815949391971],[-91.15906028756014,14.336432689319507],[-91.15762336556908,14.334394849444188],[-91.15664298085272,14.334625601993631],[-91.15752482711238,14.335748596989337],[-91.15750685528181,14.339224549799603],[-91.15818981836706,14.340512065554652],[-91.1571922188584,14.34213673504322],[-91.15709891646685,14.34660397734346],[-91.1564094176598,14.34668108498094],[-91.15605843501471,14.346242291212338],[-91.1560226273209,14.340987776042446],[-91.1556343274591,14.339658488404439],[-91.15606811966151,14.337762833910084],[-91.15553738519667,14.337202895190146],[-91.15308252859693,14.342175936478569],[-91.15304398750911,14.342920107865728],[-91.15417606719252,14.34489911784065],[-91.1542707600454,14.348121757069318],[-91.15388569226317,14.349934184648477],[-91.15242140363772,14.353067854394952],[-91.15197027901068,14.353324167397753],[-91.15142559177416,14.35304992170786],[-91.15114767054378,14.351686468894362],[-91.15195095107575,14.347981677002394],[-91.15147727919576,14.344843073108953],[-91.15060354193592,14.343791289929278],[-91.14927381882747,14.34464965231481],[-91.1488459939264,14.34425769718728],[-91.15226077931234,14.338173791478384],[-91.15223742427263,14.336781820606673],[-91.15164874168943,14.335942387569697],[-91.15323325375505,14.335727657177218],[-91.15412637447474,14.334834236534974],[-91.15254697163608,14.33286982355204],[-91.15406463851481,14.331405116064571],[-91.15398367285717,14.330821560897641],[-91.15257545934554,14.330593700838694],[-91.15074140329845,14.331926017791927],[-91.14809509081373,14.336011829344764],[-91.14725194755836,14.33568441277113],[-91.14695446290122,14.335084480283578],[-91.1492705049481,14.331712335296222],[-91.15126212230896,14.329887579458589],[-91.15228070409768,14.329447020655767],[-91.1546385072868,14.329451807647052],[-91.15501447819487,14.328815319665209],[-91.15489078173502,14.328214486868772],[-91.15343385795089,14.327357011868596],[-91.15443488186273,14.32615714632158],[-91.1541973147648,14.325171329816582],[-91.1526283208658,14.325693474414546],[-91.14908931753766,14.32894090353872],[-91.1484615096286,14.328566595973797],[-91.14936688061057,14.327378436089196],[-91.14931816749845,14.326748814487551],[-91.14759550461895,14.326651780798981],[-91.14992311632095,14.3246816627943],[-91.1550189884015,14.322877644288285],[-91.1544191830993,14.32170035303089],[-91.1526273972599,14.321842319209605],[-91.15103363541654,14.322561960280712],[-91.14997732357007,14.322308588132058],[-91.15119865257735,14.321086727815981],[-91.1547862196833,14.319957816262392],[-91.15415176367819,14.31940611048393],[-91.1517830019179,14.319266810831413],[-91.15452627498891,14.315826736469104],[-91.15389151451716,14.314817499658023],[-91.15221784897089,14.316955438113451],[-91.15175371070433,14.31633388109944],[-91.15242582609635,14.314758658156064],[-91.15414496597178,14.312866214441701],[-91.15388798737257,14.312201082901158],[-91.15259049676536,14.312898191424985],[-91.15136160773827,14.314201345084062],[-91.14996854954927,14.31913745475162],[-91.14931869875451,14.319405778971943],[-91.14808618361396,14.31881324741781],[-91.1478781570258,14.321998502860444],[-91.14734509838374,14.32250496778125],[-91.1468035505153,14.322351621895674],[-91.1466994670814,14.318870212666413],[-91.14549938667673,14.318985111918746],[-91.14463743781451,14.322716544009511],[-91.14583713439906,14.324202428267098],[-91.14587453078776,14.325291747565952],[-91.1450520790502,14.325694272858932],[-91.143670439131,14.324495034279941],[-91.14341887394461,14.327752236810282],[-91.14309279590354,14.327954160918157],[-91.14196026093353,14.326473307427912],[-91.14102506874258,14.328956959772716],[-91.14076252547324,14.33143119038328],[-91.14013345815063,14.332475745497739],[-91.139604685835,14.3319654985376],[-91.13948120091666,14.33106303611205],[-91.14048932142296,14.326622206454227],[-91.13987041074384,14.32650664774197],[-91.138272301839,14.327955941294908],[-91.13758180839459,14.327669231492175],[-91.1393984253197,14.325504300716755],[-91.1392484085582,14.324306780529136],[-91.13799101456081,14.324273199208015],[-91.13553774759177,14.327278127993758],[-91.13462812768287,14.327080064217341],[-91.1350265265864,14.3256981945273],[-91.13459481326434,14.324452143811504],[-91.1326711042883,14.325903357721772],[-91.13192371241178,14.32486381289376],[-91.13128447389407,14.324755980658619],[-91.13078488496333,14.325623037119254],[-91.13061003870357,14.33001614447363],[-91.128055177741,14.332747921677667],[-91.12764795634111,14.334417772761267],[-91.12640682258322,14.334270497569245],[-91.12651629864651,14.335352273801911],[-91.129111350976,14.337977807690352],[-91.12936531716306,14.339557980678858],[-91.12808083442943,14.343614712423328],[-91.12901784338948,14.345963944484785],[-91.12889334388105,14.346863321743104],[-91.12638294753145,14.349863140199194],[-91.12612546168702,14.350728699520696],[-91.12636573195762,14.35325657093051],[-91.12544745835575,14.35735909467617],[-91.12676850541374,14.359651499370473],[-91.12779481824775,14.359974794414363],[-91.13037698870296,14.359718415642158],[-91.13168231168366,14.363284964902691],[-91.13418871653482,14.364834317400057],[-91.1341176828662,14.365993947281291],[-91.13138029395748,14.370140896233742],[-91.13103871957028,14.372477776216934],[-91.13221704357643,14.373203295514394],[-91.13423237449531,14.372286071249848],[-91.13496439103572,14.372541499898984],[-91.13624573576037,14.37496121628967],[-91.13647263201365,14.379115729953284],[-91.13569200165416,14.381365563689002],[-91.13460858022343,14.38260419442921],[-91.13377785732987,14.382857470249094],[-91.13188293009284,14.381964748297142],[-91.12930400416226,14.382426742186423],[-91.12857762220925,14.383510008734971],[-91.12778740415115,14.386203691860164],[-91.1259797468898,14.387561937078205],[-91.12540082171085,14.388955891396181],[-91.12482944112053,14.389445028599123],[-91.12270702846875,14.389839389302484],[-91.12175433368323,14.392686518559632],[-91.12287998635475,14.394452107213612],[-91.12277485387904,14.39566002602502],[-91.12123050612846,14.396770654808753],[-91.1202094404468,14.398502233966504],[-91.11892029070366,14.399652153083576],[-91.1183995403954,14.40211521540637],[-91.11644473271247,14.40303161862722],[-91.11555782713558,14.406651922351468],[-91.1130834281121,14.407879322287222],[-91.11040269943976,14.410482111256702],[-91.10813111958008,14.412046585173204],[-91.10627654745666,14.414254901386782],[-91.10559372204987,14.414683213558888],[-91.1040270014515,14.41450796269451],[-91.10351293565044,14.41478511983055],[-91.10029276496303,14.417968599436946],[-91.09837171178634,14.422806153639641],[-91.09709828216616,14.424736641690846],[-91.09736753485505,14.428381966856461],[-91.09794019004632,14.429058732607356],[-91.09812892859442,14.430447479161337],[-91.09698067301434,14.43462360262589],[-91.0952609468985,14.436681507920754],[-91.09420005207588,14.443655344234717],[-91.09421937438384,14.446626497352298],[-91.09336492495761,14.448951191550972],[-91.09554722696984,14.453845574456757],[-91.10159672284466,14.453240351627391],[-91.10592741932456,14.455463379805593],[-91.10842080067906,14.456241429635952],[-91.11559240013585,14.457166521382527],[-91.11752806686928,14.457000130993913],[-91.1284446096123,14.45913187588406],[-91.1271365542429,14.463187170506668],[-91.12653983596442,14.467364472834834],[-91.12418927956716,14.470952785164188],[-91.12387578241588,14.473906635584825],[-91.12456740187758,14.476453910778634],[-91.12432229408863,14.478580257889337],[-91.12178049370816,14.481383009162517],[-91.12129768687697,14.482887260005699],[-91.12129571526653,14.48491160987386],[-91.11960340552955,14.487677058086447],[-91.11992620899731,14.490783967620821],[-91.11925129827486,14.492996100928279],[-91.11904403095636,14.496261438993821],[-91.12050704030732,14.498149528332632],[-91.12107524279892,14.501857124051629],[-91.12207162017219,14.505117409280945],[-91.12339915103566,14.50692307032077],[-91.12377487458843,14.50822745117277],[-91.12367969420721,14.510509749204855],[-91.12242131210111,14.514940404005504],[-91.12410643687792,14.515393327681537],[-91.1246604270196,14.516185136920205],[-91.12489459762709,14.521698657678776],[-91.1253508261452,14.523222839507696],[-91.12926561101742,14.525376756806693],[-91.12906638306922,14.528106707843955],[-91.12993625852398,14.539465698282134],[-91.1311368554242,14.543223526423175],[-91.1337679272072,14.546789415384334],[-91.13474747199143,14.547464857557415],[-91.13989535483692,14.548126010431586],[-91.14239746223704,14.54903945235575],[-91.14607279253622,14.548762448174912]]]]},"properties":{"FID":61,"CODIGO":1014,"OID_":148,"MUNICIPIOS":"Patulul","AREA_KM2":338.903,"DEPARTAMEN":"SUCHITEPEQUEZ"},"id":61},{"type":"Feature","geometry":{"type":"Polygon","coordinates":[[[-91.18964608301604,14.57265210143834],[-91.19509443187633,14.577476267558596],[-91.19834809440862,14.579547269809293],[-91.20210111469214,14.580484465975063],[-91.20597934697415,14.580646454002451],[-91.2078357497363,14.57973208291929],[-91.20989263353225,14.577906424069592],[-91.22397918155318,14.560253618348073],[-91.22827143492869,14.557043869001943],[-91.23310654110105,14.55592698409352],[-91.24040307435308,14.553243507086943],[-91.25260221007579,14.544946631012527],[-91.26089469956528,14.536972526817008],[-91.26307647973131,14.533677439735907],[-91.26334451079619,14.530171575160054],[-91.26213082630534,14.527352910707508],[-91.26291023749988,14.5250415837712],[-91.26453649987333,14.523586092728557],[-91.26873543721075,14.52281614471863],[-91.26931069257591,14.52132008730337],[-91.27224117262496,14.517746840496535],[-91.27737647522547,14.515847088830393],[-91.28193653616133,14.512514994475469],[-91.28834866394784,14.510208577761698],[-91.29229958469503,14.507489788042248],[-91.29433930031449,14.504851941836193],[-91.29473662256942,14.502029295419927],[-91.29663652770103,14.49825273184736],[-91.29888593176585,14.495318093225505],[-91.30070693025166,14.494193602124188],[-91.30448867281793,14.49277482854208],[-91.30718511000985,14.49096178871485],[-91.31552071886244,14.482891850542138],[-91.31825255899227,14.481585054954285],[-91.32536524342311,14.48094553433241],[-91.32385170149311,14.479063837033662],[-91.31654079455657,14.474630338084314],[-91.30459075848624,14.468269758385427],[-91.3035008075623,14.469042572085273],[-91.30091980891432,14.472556727430051],[-91.30092838507397,14.473105857149552],[-91.2993187750742,14.474891684285504],[-91.2975445669107,14.477884022092455],[-91.2951847501805,14.47981463721772],[-91.2882403454151,14.474467863303394],[-91.2915498471061,14.466915738037077],[-91.29520706706775,14.462460487947892],[-91.29821107095704,14.459800160802804],[-91.2990435453925,14.459720314211253],[-91.30037043052829,14.4581256281593],[-91.3000857708561,14.455765745891535],[-91.30086033017034,14.451252260979313],[-91.2986825302176,14.449721520414199],[-91.29117183540279,14.447808691909403],[-91.29028203564903,14.447203462905124],[-91.28922344846676,14.44737089247952],[-91.2883703993639,14.448100171118636],[-91.2882077775386,14.448823165634115],[-91.28680759427529,14.449844460393269],[-91.285693746091,14.449883805732004],[-91.2827554399087,14.447613050971384],[-91.28250029190944,14.446568423498585],[-91.28405797771933,14.443527160615885],[-91.2863101776613,14.444327603167778],[-91.28881726088628,14.444545792005378],[-91.2909056508299,14.44122136366015],[-91.2916062626287,14.434485133724841],[-91.29581671581624,14.40894080922663],[-91.29304093926524,14.407530081804616],[-91.29324626916049,14.406213125260079],[-91.29191794739113,14.404610549922205],[-91.29238869371856,14.403905588223267],[-91.29433346857205,14.402788738033447],[-91.29512986817902,14.401555128245567],[-91.29720587501704,14.401546373624099],[-91.29770389198977,14.401139855067859],[-91.29801122684891,14.397370889721937],[-91.29683774327283,14.396367107057067],[-91.29556860301483,14.398957561264433],[-91.29468560050609,14.39946297688022],[-91.2927148203802,14.397525878817746],[-91.29256847015476,14.39695654748721],[-91.2939585642832,14.394543228592179],[-91.29389014346248,14.394014002204464],[-91.2935736091646,14.393571107011178],[-91.29201166140192,14.393511246743419],[-91.29092067401648,14.393705590322499],[-91.29006552232536,14.394512839441713],[-91.29066218913766,14.395915808496525],[-91.29053877521764,14.39796770522264],[-91.28983270726913,14.399134166239998],[-91.2886889160913,14.399941577878456],[-91.28744519811623,14.400096383547647],[-91.2858282404116,14.399418097308708],[-91.28286068931924,14.399458688980491],[-91.28090405131911,14.399019671751185],[-91.2765712728158,14.400173231578956],[-91.27209290918395,14.400208311330198],[-91.2704280499127,14.399511497905138],[-91.26459799256044,14.393204262966842],[-91.26377391458193,14.393879454051882],[-91.26413191280565,14.39569759922863],[-91.26385409407531,14.397076118765767],[-91.26284740315005,14.39820638365521],[-91.26195299237769,14.398456261357158],[-91.26171127800527,14.395243724418464],[-91.26236329100912,14.392990140411861],[-91.26199741427543,14.392641746103362],[-91.25953403674094,14.395016438804497],[-91.25665847049439,14.400686931186316],[-91.25557691866416,14.40077949659064],[-91.25515028274957,14.399673710830454],[-91.25675645533877,14.392395283398717],[-91.25642721907491,14.39031411349126],[-91.25701298041785,14.389657527713899],[-91.26040226507439,14.387968651628444],[-91.26149214864776,14.386866118436037],[-91.26146209844698,14.38595644544275],[-91.25997635026874,14.384747980485857],[-91.26056599003657,14.383736668808238],[-91.26307384908797,14.38338566756108],[-91.26447509006789,14.384507632453797],[-91.26578998544264,14.384955622405798],[-91.26628362407162,14.384291555032855],[-91.26566205511942,14.383510855498825],[-91.26574986853561,14.383020055178006],[-91.268471350914,14.382243512359336],[-91.26851813820988,14.381360383856395],[-91.26674819491075,14.379129709221214],[-91.26474096228365,14.38069439644663],[-91.2638064424373,14.379544227268749],[-91.26318730954164,14.37935101405247],[-91.26208880762633,14.380000465336396],[-91.26028489285598,14.379998505344906],[-91.25930331613303,14.380663488998769],[-91.25750580566486,14.379311499984482],[-91.25544736604147,14.380074730341642],[-91.2553358914796,14.380774354224458],[-91.25597599249181,14.382222896363885],[-91.25531430691822,14.384824353114064],[-91.25255138049202,14.386823948561688],[-91.24983607426462,14.39155671823155],[-91.24912794242027,14.391701731418417],[-91.24826631613624,14.390945196976714],[-91.24767626184929,14.387467983437206],[-91.24572768633963,14.38653589339429],[-91.24714784414284,14.391987720472798],[-91.24731315569264,14.39523583434037],[-91.24690319821995,14.398458219354232],[-91.24573666806266,14.399563489151397],[-91.24427737719051,14.402902341253515],[-91.24338829227662,14.403948652783193],[-91.24303636886552,14.40922193368612],[-91.24105528342659,14.41227443373356],[-91.23671092059168,14.41396714053096],[-91.23419747746875,14.417116138250334],[-91.23114674910022,14.419449924487102],[-91.22629534903314,14.421471884525557],[-91.2213532033752,14.424693955170959],[-91.21579386378396,14.429854364412732],[-91.21378590680817,14.435333018056834],[-91.21206073667913,14.43666995987435],[-91.20798162540154,14.436062829648526],[-91.20638098271908,14.437117113175514],[-91.20628308385395,14.438195251004098],[-91.20748480958761,14.440851328846964],[-91.2074031751274,14.444096393527653],[-91.20408239521399,14.446775653294669],[-91.202502402293,14.449864677254968],[-91.20325245584164,14.455204924476963],[-91.20511934929495,14.457756507139045],[-91.2073087608269,14.463538144258703],[-91.20711347670836,14.465985886674725],[-91.20639295707603,14.466775716020148],[-91.20580583856301,14.482921668219781],[-91.20450689140438,14.486278302479759],[-91.2025289065994,14.487129671506151],[-91.19562743876455,14.48650966592931],[-91.19048765399596,14.487486881273657],[-91.19036947818266,14.489833504247086],[-91.1925448511999,14.492461004452103],[-91.19218708284937,14.493469339802601],[-91.18618558370544,14.500220501873772],[-91.18634892340248,14.504015308513011],[-91.18743956802531,14.507925730757366],[-91.1893487761652,14.521050686300077],[-91.19143199988414,14.531404686704974],[-91.19078649358018,14.535125465763757],[-91.18889504394261,14.537465150907273],[-91.18825949363814,14.538960481774224],[-91.1878727350098,14.542442617056544],[-91.1887563722936,14.546936625921324],[-91.19170634894752,14.551276024797966],[-91.1925944781729,14.555514750209543],[-91.19382549832547,14.558098850054899],[-91.1943599909255,14.562969737371954],[-91.19317812526987,14.567306572246753],[-91.19172907743297,14.56912548541271],[-91.19065133141555,14.571707550968583],[-91.18964608301604,14.57265210143834]]]},"properties":{"FID":62,"CODIGO":1015,"OID_":149,"MUNICIPIOS":"Santa Barbara","AREA_KM2":177.079,"DEPARTAMEN":"SUCHITEPEQUEZ"},"id":62},{"type":"Feature","geometry":{"type":"Polygon","coordinates":[[[-91.24338829227662,14.403948652783193],[-91.2424118515538,14.402902028717037],[-91.225351581793,14.399154825059407],[-91.2196174088907,14.398107362130673],[-91.21101140158734,14.39762098000415],[-91.20933015903952,14.396031152315082],[-91.20643969345527,14.394346280128232],[-91.20272333574576,14.392535352539456],[-91.20119266630434,14.392634422247399],[-91.20007663827947,14.393925107133311],[-91.1991589885886,14.396419317762836],[-91.19714750509551,14.400029247491979],[-91.19206569109929,14.404494596454576],[-91.19055473926983,14.406953710796088],[-91.18813605057306,14.409717650929071],[-91.18559207489636,14.410839126242323],[-91.18322228768058,14.41456476251234],[-91.18285291119413,14.416306191443246],[-91.18196292834301,14.41713758306329],[-91.17978039207284,14.417556828987891],[-91.17538823448331,14.42179206913398],[-91.17228125937345,14.42291918968034],[-91.17117675332177,14.424462842648143],[-91.16780547622459,14.426861022047085],[-91.16423204454092,14.431711272727684],[-91.16112943929089,14.433413274850695],[-91.16125768365575,14.434171171060125],[-91.16225738429753,14.435171969110751],[-91.1736520006474,14.441249062740335],[-91.17759329160981,14.444251825988923],[-91.18000067108457,14.447150050297175],[-91.17988118901519,14.44822799528357],[-91.17874283058651,14.449432499142636],[-91.17667032439289,14.454161217601225],[-91.17537028938091,14.454572525594457],[-91.17039041780662,14.45444124964257],[-91.16916746218524,14.455490270574817],[-91.16740795026736,14.461674101069578],[-91.16644168667607,14.462163641030676],[-91.1630871040487,14.462097944962522],[-91.16239874057428,14.462556876554967],[-91.16251594104024,14.465222739198131],[-91.16367950218904,14.468095596010388],[-91.16937389525776,14.474371380961195],[-91.17013139074179,14.474534303073515],[-91.17078200516241,14.474157526765962],[-91.17240785300058,14.467666493466393],[-91.17498995717469,14.466224702405476],[-91.17637759461995,14.466097639238372],[-91.1771561176407,14.465315139809242],[-91.1768990331234,14.459665767631446],[-91.177441843012,14.458427299144681],[-91.17910747833884,14.457469773101955],[-91.18241671491668,14.457119151772178],[-91.18563995730192,14.458578742336048],[-91.18996082676954,14.462295985892318],[-91.19405372796638,14.464256971908076],[-91.19755434269325,14.46505879393638],[-91.19921726729014,14.465945923010654],[-91.20639295707603,14.466775716020148],[-91.20711347670836,14.465985886674725],[-91.2073087608269,14.463538144258703],[-91.20511934929495,14.457756507139045],[-91.20325245584164,14.455204924476963],[-91.202502402293,14.449864677254968],[-91.20408239521399,14.446775653294669],[-91.2074031751274,14.444096393527653],[-91.20748480958761,14.440851328846964],[-91.20628308385395,14.438195251004098],[-91.20638098271908,14.437117113175514],[-91.20798162540154,14.436062829648526],[-91.21206073667913,14.43666995987435],[-91.21378590680817,14.435333018056834],[-91.21579386378396,14.429854364412732],[-91.2213532033752,14.424693955170959],[-91.22629534903314,14.421471884525557],[-91.23114674910022,14.419449924487102],[-91.23419747746875,14.417116138250334],[-91.23671092059168,14.41396714053096],[-91.24105528342659,14.41227443373356],[-91.24303636886552,14.40922193368612],[-91.24338829227662,14.403948652783193]]]},"properties":{"FID":63,"CODIGO":1016,"OID_":150,"MUNICIPIOS":"San Juan Bautista","AREA_KM2":34.617,"DEPARTAMEN":"SUCHITEPEQUEZ"},"id":63},{"type":"Feature","geometry":{"type":"Polygon","coordinates":[[[-91.39600439844364,14.63648719554248],[-91.39895945605353,14.640702487548962],[-91.40130250892884,14.642595196025294],[-91.40268126523969,14.642648724346802],[-91.40508046180786,14.64191950679121],[-91.40857370712084,14.642665364677628],[-91.41045956415047,14.642156282714799],[-91.41212989807215,14.64071588174982],[-91.41437414865491,14.639904160899313],[-91.42075794098106,14.639520489279729],[-91.42269690846459,14.638636566092243],[-91.42434695905541,14.636853595075774],[-91.43040463026126,14.636139794521934],[-91.43263686582355,14.634555010915589],[-91.43337418887658,14.63342450616557],[-91.4337691267266,14.630749492251951],[-91.43307488530802,14.62744575196812],[-91.42593719141823,14.621074052598841],[-91.42554527344491,14.61623240285028],[-91.42024886266053,14.612054673179792],[-91.40816510853914,14.600891329734258],[-91.40600219677084,14.597794445115616],[-91.40465164996732,14.596520961919634],[-91.40340930473019,14.59609217948404],[-91.40175546593807,14.599228501869346],[-91.40134510593153,14.601911240125544],[-91.39985726134351,14.605024951402802],[-91.39892345807283,14.612694434716914],[-91.39917036198736,14.614007833219667],[-91.40007662786886,14.615035396149507],[-91.39987964868266,14.616921947651967],[-91.39836255784572,14.618448060186903],[-91.39761255125087,14.620032538472707],[-91.3976791399026,14.62141022555739],[-91.39922359728078,14.624838493042347],[-91.39826764379987,14.627458713526813],[-91.39819441557373,14.629076087515037],[-91.39718955898208,14.63067575102002],[-91.39600439844364,14.63648719554248]]]},"properties":{"FID":64,"CODIGO":1017,"OID_":151,"MUNICIPIOS":"Santo Tomas La Unión","AREA_KM2":12.482,"DEPARTAMEN":"SUCHITEPEQUEZ"},"id":64},{"type":"Feature","geometry":{"type":"Polygon","coordinates":[[[-91.50648870826913,14.60012114904329],[-91.50454512151111,14.604184086061576],[-91.50094946808728,14.608810352828392],[-91.50010521626034,14.610714374130174],[-91.49563268936753,14.616115621332131],[-91.49271904795866,14.621148347056726],[-91.48464778110424,14.635771534807217],[-91.48282284268144,14.642466387829822],[-91.48164635065503,14.644882220761124],[-91.48346184217732,14.660999931283634],[-91.48561916546448,14.667518481817211],[-91.48644731672937,14.667506929673385],[-91.48846445268696,14.665640003450186],[-91.49018904503725,14.663271766051587],[-91.49197128655406,14.659511920928429],[-91.4950568504727,14.656159325379539],[-91.49539029261841,14.651683907458114],[-91.49782771622445,14.649415109751885],[-91.49858910479225,14.646927580550848],[-91.4994889193142,14.646179778313238],[-91.50224144721608,14.645171606979575],[-91.50912424153269,14.644221536848777],[-91.50960656187442,14.643341080500349],[-91.50942839128132,14.642831506601228],[-91.50554495205998,14.639913052054826],[-91.50515191621221,14.63763387912356],[-91.5076497653647,14.634026467549738],[-91.50748758237545,14.631153340424332],[-91.50784335405797,14.629162560756805],[-91.51125279710311,14.625170000503925],[-91.51312059958335,14.619538296351175],[-91.51459935078071,14.616705002319243],[-91.51620962062789,14.610520243293282],[-91.51718644562226,14.599722738188866],[-91.51691817855038,14.599067976135613],[-91.51492985236455,14.598415829788832],[-91.51255146648454,14.59900741819262],[-91.5107131372498,14.600464509387807],[-91.50648870826913,14.60012114904329]]]},"properties":{"FID":65,"CODIGO":1018,"OID_":152,"MUNICIPIOS":"Zunilito","AREA_KM2":13.091,"DEPARTAMEN":"SUCHITEPEQUEZ"},"id":65},{"type":"Feature","geometry":{"type":"Polygon","coordinates":[[[-91.54187327849208,14.629226664359607],[-91.53808292656282,14.63043785124906],[-91.53412198734817,14.632430895372963],[-91.53068086351291,14.637647255354192],[-91.52988555570944,14.640495136046939],[-91.52936461620051,14.640740414104107],[-91.52812438160501,14.640435423282575],[-91.5216539815263,14.636233149333357],[-91.5208733389365,14.63644399532926],[-91.51992791957468,14.640893016032447],[-91.51999616416181,14.643694365977458],[-91.52136349080253,14.64668023479903],[-91.52125588505137,14.647584565176288],[-91.51985033349696,14.650294064501509],[-91.51935625801862,14.654051083316089],[-91.51757670056615,14.65610625186089],[-91.51772356695618,14.657650570299767],[-91.51892232341376,14.6600806193339],[-91.51809949705805,14.668446470675597],[-91.51653907876052,14.670254448466533],[-91.51479984199257,14.671124622347657],[-91.51438794595819,14.675578124336134],[-91.51387197704749,14.676189464710792],[-91.51090697958813,14.676382883879642],[-91.50656329474828,14.677751487255891],[-91.50389073600766,14.679570287655206],[-91.50021553943942,14.683911169115344],[-91.49906794358293,14.688202811103558],[-91.49662422156949,14.692599029814357],[-91.4959304061836,14.694846306618528],[-91.49354863694634,14.698649714892369],[-91.49206211806512,14.703158284567085],[-91.49007188111005,14.706211712261926],[-91.49302582534072,14.70565697655097],[-91.49704443342942,14.701420170293233],[-91.50439498055874,14.6969867268174],[-91.50746387846688,14.69461008838414],[-91.51307533495157,14.689306452288704],[-91.5195277027119,14.6818070638068],[-91.5269169254817,14.676028519227698],[-91.52945632481209,14.674304627747947],[-91.53262019389307,14.672915699193975],[-91.53450661916885,14.673901547708274],[-91.53588947108418,14.67408313848427],[-91.53721409061325,14.673683601644285],[-91.53893148050366,14.672949830986646],[-91.54144993552154,14.670514981068319],[-91.54212286184229,14.669060549804106],[-91.54174023742533,14.665848202524126],[-91.54423096296594,14.664254887883715],[-91.54511321695843,14.662905701707004],[-91.545108756017,14.662087650167102],[-91.54394712918848,14.660577654677427],[-91.54383833602202,14.658161316673267],[-91.54876828682586,14.654122351980481],[-91.55527105013593,14.643896814903643],[-91.55623619842063,14.641383186388977],[-91.55662936361325,14.637338414205974],[-91.55329924474756,14.635509950608771],[-91.54773313831956,14.634723937431843],[-91.5436451695924,14.631256825386204],[-91.54187327849208,14.629226664359607]]]},"properties":{"FID":66,"CODIGO":1019,"OID_":153,"MUNICIPIOS":"Pueblo Nuevo","AREA_KM2":18.515,"DEPARTAMEN":"SUCHITEPEQUEZ"},"id":66},{"type":"Feature","geometry":{"type":"Polygon","coordinates":[[[-91.29581671581624,14.40894080922663],[-91.2916062626287,14.434485133724841],[-91.2909056508299,14.44122136366015],[-91.28881726088628,14.444545792005378],[-91.2863101776613,14.444327603167778],[-91.28405797771933,14.443527160615885],[-91.28250029190944,14.446568423498585],[-91.2827554399087,14.447613050971384],[-91.285693746091,14.449883805732004],[-91.28680759427529,14.449844460393269],[-91.2882077775386,14.448823165634115],[-91.2883703993639,14.448100171118636],[-91.28922344846676,14.44737089247952],[-91.29028203564903,14.447203462905124],[-91.29117183540279,14.447808691909403],[-91.2986825302176,14.449721520414199],[-91.30086033017034,14.451252260979313],[-91.3000857708561,14.455765745891535],[-91.30037043052829,14.4581256281593],[-91.2990435453925,14.459720314211253],[-91.29821107095704,14.459800160802804],[-91.29520706706775,14.462460487947892],[-91.2915498471061,14.466915738037077],[-91.2882403454151,14.474467863303394],[-91.2951847501805,14.47981463721772],[-91.2975445669107,14.477884022092455],[-91.2993187750742,14.474891684285504],[-91.30092838507397,14.473105857149552],[-91.30091980891432,14.472556727430051],[-91.3035008075623,14.469042572085273],[-91.30459075848624,14.468269758385427],[-91.31654079455657,14.474630338084314],[-91.32385170149311,14.479063837033662],[-91.32536524342311,14.48094553433241],[-91.32890526276718,14.478623040331335],[-91.33233784087842,14.477558301411495],[-91.33470577751761,14.474575506100594],[-91.33566582617776,14.469286998677438],[-91.33573472006472,14.46136090920221],[-91.33625232990994,14.459657463030789],[-91.33799613288895,14.45668940162719],[-91.33859532968826,14.451958686963927],[-91.33994253768152,14.450473475537972],[-91.34133309328433,14.447126667614896],[-91.34262426054678,14.446470306583647],[-91.3445450395204,14.446333959572478],[-91.34609103854528,14.442271354808327],[-91.3440695555304,14.439632652871722],[-91.34432797738249,14.438784864456673],[-91.34545596766026,14.437925103635378],[-91.34508486213448,14.43558947647426],[-91.34407495701734,14.434356560742422],[-91.34331963544467,14.43459754964684],[-91.34207710673078,14.4383239062629],[-91.34137296311577,14.438931299460943],[-91.33964959019404,14.436672014426508],[-91.33871664662664,14.43092836903187],[-91.3380942086411,14.430838119639786],[-91.33621968564351,14.432006662030382],[-91.33525044851706,14.431861987684341],[-91.33613310140248,14.430241321004907],[-91.3357522351078,14.428843344634538],[-91.33685853713871,14.428090799597049],[-91.3369878799042,14.427454510222793],[-91.33625021088045,14.427038065278845],[-91.33422197806209,14.42799085036832],[-91.3335627176418,14.427865306520273],[-91.3334635498061,14.427248871571775],[-91.3340534080565,14.426184258461895],[-91.33566515032825,14.426131236799007],[-91.33611833482345,14.424736884179108],[-91.33731116688199,14.425130551874124],[-91.33810506829087,14.42460740368574],[-91.33793646143164,14.42342671484302],[-91.33717889070375,14.422725426542696],[-91.33626455295999,14.422764173009641],[-91.33225600286494,14.425249652218818],[-91.33121221578847,14.427258940729022],[-91.33035516686431,14.427696882099815],[-91.32896044453996,14.427017043078441],[-91.32670592603543,14.426755898567109],[-91.32476342022542,14.425231591380602],[-91.32353251685365,14.425901847327294],[-91.321772090288,14.42406134323471],[-91.3205138845436,14.42435291221446],[-91.31810399912149,14.426727489947178],[-91.31677979716962,14.427314568563094],[-91.31630797869225,14.426775686094675],[-91.31664071635306,14.423993154448512],[-91.31593499605383,14.423266189391647],[-91.31325748292168,14.423228987441465],[-91.31007153912289,14.424975420143333],[-91.30904305674139,14.424470949646778],[-91.30910858362195,14.42385230220836],[-91.30992405540725,14.423088767362476],[-91.31221210021918,14.42289048725866],[-91.31273665287075,14.422504465484911],[-91.31282886241412,14.420880504348924],[-91.31347387513965,14.420121384858529],[-91.31309108574412,14.418768564142148],[-91.3134762148486,14.417190756434707],[-91.31272592169353,14.416768506248571],[-91.31171632715841,14.41730019143398],[-91.31110902565895,14.418208706937055],[-91.31048757892358,14.421300977458099],[-91.30703772481243,14.421385841013015],[-91.30481777252757,14.422852167182961],[-91.30390990554184,14.422802711675214],[-91.30306125930196,14.421744791569049],[-91.30495560989803,14.418344229981253],[-91.3042292412063,14.4173662771649],[-91.30469620704972,14.41562751990423],[-91.303468358345,14.413673228748506],[-91.30308112390698,14.41176790713721],[-91.3019305441242,14.411630841436633],[-91.30059424065877,14.412522786061963],[-91.2996348270456,14.41232155798762],[-91.30150927968117,14.410241580204103],[-91.30103862427725,14.408793215105772],[-91.29817671128545,14.408641555945835],[-91.29680859881327,14.409372822962807],[-91.29581671581624,14.40894080922663]]]},"properties":{"FID":67,"CODIGO":1020,"OID_":154,"MUNICIPIOS":"Río Bravo","AREA_KM2":158.262,"DEPARTAMEN":"SUCHITEPEQUEZ"},"id":67},{"type":"Feature","geometry":{"type":"MultiPolygon","coordinates":[[[[-91.63200597274424,14.579864720069157],[-91.63202043162185,14.580462231573451],[-91.6321381298661,14.580385039562012],[-91.63200597274424,14.579864720069157]]],[[[-91.63218607948951,14.583529917530422],[-91.63222328759694,14.585487892604082],[-91.63241167222428,14.58368299625321],[-91.63218607948951,14.583529917530422]]],[[[-91.62664417165806,14.59190809729145],[-91.62613809286725,14.592690405998841],[-91.62642021917766,14.5936360273964],[-91.62641700870975,14.59296225780754],[-91.62664417165806,14.59190809729145]]]]},"properties":{"FID":68,"CODIGO":1102,"OID_":156,"MUNICIPIOS":"San Sebastián","AREA_KM2":17.716,"DEPARTAMEN":"RETALHULEU"},"id":68},{"type":"Feature","geometry":{"type":"Polygon","coordinates":[[[-91.58860006909707,14.600450313717847],[-91.59061158004316,14.600786749231531],[-91.59861753777281,14.603528637219425],[-91.6014159432794,14.603747679384965],[-91.61010233566812,14.602668559928892],[-91.6177697052527,14.600789879744381],[-91.62575310231708,14.597910713857207],[-91.62661069518649,14.594969591924755],[-91.62613809286725,14.592690405998841],[-91.62784250227396,14.590732437606004],[-91.63059751597478,14.58932138375474],[-91.63222328759694,14.585487892604082],[-91.63218607948951,14.583529917530422],[-91.63082097550077,14.582148197940231],[-91.6305197215953,14.580750989546956],[-91.63092149560754,14.580067811453414],[-91.63202043162185,14.580462231573451],[-91.63179181624491,14.57726671566408],[-91.63275501134514,14.575923537867435],[-91.63367358727399,14.572954866976945],[-91.63597429733944,14.571557782299486],[-91.63596236395851,14.569071484370147],[-91.63546983819099,14.568739024695908],[-91.6353654626416,14.567448508501185],[-91.63561137970339,14.567543018585983],[-91.63657806334956,14.56438286237025],[-91.63803976117532,14.562081107450572],[-91.63832488053262,14.560119414183704],[-91.64002991074734,14.557386209545905],[-91.6408381795232,14.551931669317705],[-91.64014565406319,14.55083509873467],[-91.63998988037048,14.54906667370572],[-91.63802431247258,14.548645304724793],[-91.63835805164838,14.546587759896825],[-91.63796214258946,14.545920159820282],[-91.63555642702491,14.545835473749985],[-91.6346765234768,14.546604503345515],[-91.63340254447351,14.54708842983283],[-91.63291075868557,14.546899401027744],[-91.63047053013113,14.5498749562342],[-91.62938581496108,14.548875752478072],[-91.62855268960828,14.549166403166064],[-91.62865450591883,14.549930977950014],[-91.6261021602978,14.54999030354693],[-91.61932214821185,14.548777561328594],[-91.61854125045096,14.54973735071714],[-91.61864506177402,14.550932256340468],[-91.62066603858989,14.552692354132812],[-91.61968652207666,14.553174890070691],[-91.61919405520781,14.552842391408161],[-91.61811973702336,14.554042567207182],[-91.61699339129314,14.55462137871744],[-91.61605979766216,14.554434287910173],[-91.61707693670816,14.551513042977472],[-91.61495871963737,14.54994460420399],[-91.61583781026943,14.548984387756265],[-91.61549127368991,14.548364340141699],[-91.61058130814088,14.546766440377166],[-91.61003212341359,14.544951592770248],[-91.60944125112748,14.544619598877944],[-91.61135351894397,14.544084427937413],[-91.61164452922662,14.543365631955224],[-91.61041488622388,14.542941015813906],[-91.61001707290714,14.541938520041471],[-91.61015577119343,14.540216065837964],[-91.60906819548818,14.538738558216213],[-91.60881387595025,14.536970136275075],[-91.60782762000338,14.536113902083306],[-91.60747916869134,14.535158994247078],[-91.60776516439601,14.530619638074743],[-91.60112160346806,14.538214014070721],[-91.59941289201839,14.5411754455786],[-91.59838422812888,14.544173698394436],[-91.5958152340541,14.555858411722326],[-91.59324683351763,14.563830227902848],[-91.59262345439488,14.574499475395724],[-91.58956019903691,14.585240987036032],[-91.58860006909707,14.600450313717847]]]},"properties":{"FID":69,"CODIGO":1103,"OID_":157,"MUNICIPIOS":"Santa Cruz Muluá","AREA_KM2":128.182,"DEPARTAMEN":"RETALHULEU"},"id":69},{"type":"Feature","geometry":{"type":"Polygon","coordinates":[[[-91.56638038312273,14.629698539290642],[-91.5688826587231,14.629813354180401],[-91.57330106203005,14.629258571300157],[-91.58538542758168,14.626490604905806],[-91.58955786764604,14.62500749766089],[-91.6016998393137,14.618212050253208],[-91.60465357531672,14.617567630673426],[-91.61106876839312,14.614969886894759],[-91.61672372838832,14.611733569878982],[-91.6176376078146,14.609831419280482],[-91.61761661791988,14.606163924004417],[-91.62575310231708,14.597910713857207],[-91.6177697052527,14.600789879744381],[-91.61010233566812,14.602668559928892],[-91.6014159432794,14.603747679384965],[-91.59861753777281,14.603528637219425],[-91.59061158004316,14.600786749231531],[-91.58860006909707,14.600450313717847],[-91.58716346408413,14.603477635562424],[-91.58235758162715,14.609900146981854],[-91.56961520238265,14.622417134990975],[-91.56748013815505,14.626259172019486],[-91.56638038312273,14.629698539290642]]]},"properties":{"FID":70,"CODIGO":1104,"OID_":158,"MUNICIPIOS":"San Martín Zapotitlán","AREA_KM2":9.392,"DEPARTAMEN":"RETALHULEU"},"id":70},{"type":"Feature","geometry":{"type":"MultiPolygon","coordinates":[[[[-91.62209017964004,14.60156530509754],[-91.61761661791988,14.606163924004417],[-91.61762295967331,14.607829504715928],[-91.6200977466107,14.603784871023429],[-91.62209017964004,14.60156530509754]]],[[[-91.51739169796775,14.683928853589677],[-91.51650761004686,14.685511779590364],[-91.52121335512689,14.685207368508557],[-91.52714057662185,14.683797705085553],[-91.53329028896145,14.683999341110395],[-91.53485321626844,14.683242262251321],[-91.53494384684245,14.680727737360808],[-91.53707802258926,14.67903576520862],[-91.53698684177024,14.67616721898175],[-91.54268184091441,14.675550553788186],[-91.54459852213004,14.673572536078478],[-91.54579008153235,14.673404364714797],[-91.55087242394924,14.668139073863008],[-91.55431594142,14.66381052177633],[-91.55765007181226,14.661544373387256],[-91.55950305825178,14.657975293865634],[-91.56079988613487,14.656391329629365],[-91.56283535288138,14.655257095570203],[-91.56648716485364,14.65127014088775],[-91.5674916801344,14.650763781838595],[-91.56866926925022,14.650519659737421],[-91.56960433073209,14.650945984148473],[-91.57112428679618,14.65038958204407],[-91.57203381947917,14.65060083841208],[-91.57226798372137,14.651135921550113],[-91.57363481084249,14.651141895965518],[-91.57542885647483,14.650175542379586],[-91.5758969458205,14.648586406225595],[-91.57656559110683,14.648166638983058],[-91.57885931599016,14.649399905162916],[-91.58054934336853,14.649416486211154],[-91.5806746510567,14.650244113207874],[-91.58196907024164,14.650439216237018],[-91.5848061899848,14.65013786518859],[-91.58722779061797,14.649254904471984],[-91.58754365383368,14.648525367334365],[-91.58866140579987,14.647946703689215],[-91.58946464298867,14.644428799378444],[-91.59029760656904,14.643932169889586],[-91.59054823703552,14.642190067602764],[-91.58904294780857,14.639708463185414],[-91.58833675457058,14.63946098581158],[-91.5891383323551,14.637568794839428],[-91.59082710392255,14.635530230154359],[-91.59140658342122,14.633404712536722],[-91.59410772131135,14.631327263619895],[-91.59572684901732,14.629318699091312],[-91.59903630307504,14.629779629689452],[-91.6036684411999,14.626378892699899],[-91.6066460381703,14.62518226595054],[-91.60664267673698,14.624465060757773],[-91.60792444196777,14.622917338912007],[-91.6073659634275,14.621628826422889],[-91.60861357379976,14.620655029632214],[-91.60964526144468,14.620758018441354],[-91.61334831084419,14.617227117628186],[-91.61506988072453,14.615247063890306],[-91.6176376078146,14.609831419280482],[-91.61672372838832,14.611733569878982],[-91.61106876839312,14.614969886894759],[-91.60465357531672,14.617567630673426],[-91.6016998393137,14.618212050253208],[-91.58955786764604,14.62500749766089],[-91.58538542758168,14.626490604905806],[-91.57330106203005,14.629258571300157],[-91.5688826587231,14.629813354180401],[-91.56638038312273,14.629698539290642],[-91.56411020646601,14.632258417313194],[-91.56172290353292,14.634174645847928],[-91.55662936361325,14.637338414205974],[-91.55623619842063,14.641383186388977],[-91.55527105013593,14.643896814903643],[-91.54876828682586,14.654122351980481],[-91.54383833602202,14.658161316673267],[-91.54394712918848,14.660577654677427],[-91.545108756017,14.662087650167102],[-91.54511321695843,14.662905701707004],[-91.54423096296594,14.664254887883715],[-91.54174023742533,14.665848202524126],[-91.54212286184229,14.669060549804106],[-91.54144993552154,14.670514981068319],[-91.53893148050366,14.672949830986646],[-91.53721409061325,14.673683601644285],[-91.53588947108418,14.67408313848427],[-91.53450661916885,14.673901547708274],[-91.53262019389307,14.672915699193975],[-91.52945632481209,14.674304627747947],[-91.5195277027119,14.6818070638068],[-91.51739169796775,14.683928853589677]]]]},"properties":{"FID":71,"CODIGO":1105,"OID_":159,"MUNICIPIOS":"San Felipe Retalhuleu","AREA_KM2":36.61,"DEPARTAMEN":"RETALHULEU"},"id":71},{"type":"Feature","geometry":{"type":"MultiPolygon","coordinates":[[[[-91.5806968923736,14.489408470437995],[-91.58165506634975,14.489457193703549],[-91.58227616824234,14.49023845448022],[-91.5826512642116,14.490039434579456],[-91.58282867164817,14.48866355421051],[-91.5812356260745,14.489149171536107],[-91.58044059898799,14.488587946507375],[-91.58083019479075,14.4819118548734],[-91.580236388765,14.483046622114628],[-91.57950036325026,14.48736290704713],[-91.57976476287517,14.488639027819485],[-91.5806968923736,14.489408470437995]]],[[[-91.58440251533308,14.520104170521694],[-91.58739112456871,14.526459786902166],[-91.58688349392007,14.529227235587234],[-91.58833694343731,14.531953396138148],[-91.58816722751264,14.538130651105428],[-91.58716161525547,14.540310937920067],[-91.58525411532253,14.54212533559443],[-91.58433983901071,14.543616922594651],[-91.5832545436019,14.548004518263971],[-91.58161713046312,14.551922112007501],[-91.58099306839365,14.555729456325224],[-91.5791076546755,14.557416241548593],[-91.5777407509887,14.559828163306666],[-91.57702523049316,14.569468550259403],[-91.57463994860906,14.572553303153358],[-91.5733022085335,14.577259031550385],[-91.56982140532443,14.58405774186307],[-91.56566059071102,14.586093136841205],[-91.56142774826577,14.590900735982483],[-91.55425056428429,14.606283741286681],[-91.55113335235107,14.611081056334243],[-91.55015179505578,14.615405759440318],[-91.54941617330164,14.616903914622199],[-91.54636134001707,14.620467708811683],[-91.54399101624813,14.625089900227701],[-91.54284884903686,14.62646232848309],[-91.54187327849208,14.629226664359607],[-91.5436451695924,14.631256825386204],[-91.54773313831956,14.634723937431843],[-91.55329924474756,14.635509950608771],[-91.55662936361325,14.637338414205974],[-91.56411020646601,14.632258417313194],[-91.56638038312273,14.629698539290642],[-91.56748013815505,14.626259172019486],[-91.57025591757572,14.621581564848931],[-91.57682925074342,14.615667307812773],[-91.58235758162715,14.609900146981854],[-91.58793288759418,14.602090269815124],[-91.5887400148143,14.59997434681462],[-91.58956019903691,14.585240987036032],[-91.59262345439488,14.574499475395724],[-91.59324683351763,14.563830227902848],[-91.5958152340541,14.555858411722326],[-91.59838422812888,14.544173698394436],[-91.59941289201839,14.5411754455786],[-91.60112160346806,14.538214014070721],[-91.60776516439601,14.530619638074743],[-91.60926682805211,14.523434653239184],[-91.60985530396268,14.523297951173369],[-91.60980725126102,14.521538116654343],[-91.610431084649,14.520616870814342],[-91.61082403296751,14.520653272325935],[-91.6100547214062,14.51996819458353],[-91.61005720185659,14.520465591711881],[-91.60885891093581,14.520394735330864],[-91.60846815431611,14.520798335792257],[-91.6088622465312,14.52106430859776],[-91.60886767916121,14.522154756445989],[-91.60827601636758,14.522144001942372],[-91.60759352195059,14.520652607231721],[-91.60433476560267,14.519412491986996],[-91.60384085605567,14.518816968464687],[-91.60219220812328,14.520498696763648],[-91.60157881905216,14.520561363255672],[-91.60143626446617,14.516556445842438],[-91.6006319867665,14.51524495244681],[-91.59528628358035,14.513894912857157],[-91.5932523741691,14.512110846379374],[-91.59135235997861,14.512597970736048],[-91.59092074441398,14.51218148196345],[-91.59031088478383,14.512961522554697],[-91.58877701032289,14.513028429480201],[-91.58933369698244,14.51392262265724],[-91.58921593411154,14.51493951627654],[-91.58731413347402,14.515067907388868],[-91.58632525731649,14.513637643928698],[-91.58650031692544,14.511783493170924],[-91.58619086102429,14.511246859057353],[-91.58354309543088,14.509405756373967],[-91.58333894034597,14.505281516443329],[-91.58290444876143,14.504267171335352],[-91.58363849598425,14.503785502541774],[-91.58369695318592,14.503187380093784],[-91.58357160908983,14.502649891138379],[-91.58222160184629,14.502656116975643],[-91.5823417169437,14.502117495721514],[-91.58178480001627,14.501163497115078],[-91.58184326206825,14.500565374706664],[-91.58288150283492,14.49954423962864],[-91.58269160671627,14.498349409080598],[-91.58432863212913,14.494276457830674],[-91.58420009618314,14.493081344997629],[-91.58244222974044,14.4914040515909],[-91.58360285277335,14.493278960035001],[-91.58373567486862,14.494733942470933],[-91.58253410470473,14.498580776819766],[-91.5814177185296,14.499422589139751],[-91.58122946203999,14.501577296706351],[-91.582009157044,14.504075690004324],[-91.5830250074738,14.515668917014098],[-91.58440251533308,14.520104170521694]]]]},"properties":{"FID":72,"CODIGO":1106,"OID_":160,"MUNICIPIOS":"San Andrés Villa Seca","AREA_KM2":191.974,"DEPARTAMEN":"RETALHULEU"},"id":72},{"type":"Feature","geometry":{"type":"MultiPolygon","coordinates":[[[[-91.04273736490761,14.858461899856541],[-91.04194253238495,14.859222115570287],[-91.04116829015096,14.861432896075257],[-91.03919021960344,14.864677132705681],[-91.03287752308252,14.872813736524092],[-91.02499131294059,14.880538522756787],[-91.0309877245635,14.875071228829636],[-91.03287685894361,14.87288700538779],[-91.03918955797377,14.864750401899684],[-91.04116762933938,14.86150616537688],[-91.04194187193723,14.859295384920062],[-91.04273670476321,14.858535169246103],[-91.0452053923487,14.84687232277239],[-91.04273736490761,14.858461899856541]]],[[[-91.026521556765,14.894900035393144],[-91.02652369248992,14.894920720597788],[-91.0267046162857,14.891465919808043],[-91.026521556765,14.894900035393144]]],[[[-91.05573052686913,14.898215549633711],[-91.17816009193817,14.898257710992906],[-91.17649854564203,14.896430844746295],[-91.17177728749002,14.896130006931216],[-91.16192834846353,14.894492280224268],[-91.16021097706532,14.892703809195908],[-91.16007047570082,14.891671305121807],[-91.15681306974987,14.886511984667848],[-91.15666874793348,14.882993082949508],[-91.15754541641171,14.874618087862169],[-91.15724823089182,14.873915316527054],[-91.15599264576952,14.873436421368936],[-91.15142253015527,14.870049093831904],[-91.14877685481922,14.868802094618133],[-91.14752677706345,14.867343796552372],[-91.14606999136105,14.86656387198038],[-91.14369449909218,14.867278943396483],[-91.13866140580065,14.869773104342432],[-91.13481367724627,14.870084145032672],[-91.13199366428127,14.866637262657658],[-91.12646964527286,14.857904184257823],[-91.11997681471384,14.851999605761122],[-91.10518709123028,14.840911662817174],[-91.10254095235005,14.836331789568607],[-91.1014302907171,14.831063076443177],[-91.10208820822028,14.829389878859118],[-91.10422780289556,14.827254447764261],[-91.1062113021522,14.8264393750137],[-91.11574768474642,14.824715901714757],[-91.11912704038443,14.823011812703966],[-91.12425668797296,14.817888959770391],[-91.12625707133623,14.813000339878329],[-91.13083650060754,14.807607348950617],[-91.13190629783674,14.806884016992525],[-91.13587614544608,14.805670172888812],[-91.13604543701837,14.801621749215906],[-91.1314229577899,14.796416175150256],[-91.12475851288073,14.792145095737487],[-91.12118747467072,14.788799393866084],[-91.11925613074952,14.7879872532057],[-91.1167277433416,14.785863231733254],[-91.11078553961045,14.783330566783752],[-91.10926416877321,14.783987977896038],[-91.10620558310454,14.783779886149352],[-91.10450423377839,14.782967262901241],[-91.10298260410103,14.783586219289564],[-91.10061972913401,14.78755324434471],[-91.09933407658498,14.79306767315696],[-91.09859098254091,14.793870361320257],[-91.09794207271595,14.796055358417314],[-91.09618115584955,14.798470650129032],[-91.0954388685578,14.800640177701812],[-91.09161623971437,14.806718689902514],[-91.09005953284337,14.808270317113877],[-91.0889713482503,14.810613165790537],[-91.08458253367793,14.81507710913145],[-91.08380586645865,14.815127126622752],[-91.0826254931436,14.814144700457991],[-91.08033179416115,14.811097084941697],[-91.07487822321937,14.80666639942999],[-91.07233132630307,14.80588148251063],[-91.07039551038473,14.806896612462134],[-91.057069663236,14.807871280225688],[-91.04977517879844,14.809614734580364],[-91.03219582344687,14.817694261909406],[-91.03012081178163,14.818729290873529],[-91.02578606605125,14.8214449501957],[-91.02437079172489,14.821554800487375],[-91.02109377127857,14.823309126456838],[-91.01983242631037,14.8253247433611],[-91.02109310548826,14.82338239511315],[-91.02437012711894,14.821628069300369],[-91.02578540192637,14.821518219072216],[-91.03219516165255,14.817767531093413],[-91.04977452328788,14.809688004589157],[-91.05599812574673,14.808200518571297],[-91.05573052686913,14.898215549633711]]],[[[-91.02908794034946,14.90658503198316],[-91.02801813869226,14.909513852717467],[-91.02113471459099,14.917670968826089],[-91.01715191740283,14.924264807441231],[-91.01482538439492,14.931212476739132],[-91.01715124553374,14.92433807527914],[-91.02113404438091,14.917744236883335],[-91.0280174711947,14.909587121132146],[-91.02908727335098,14.90665830046394],[-91.02934220726208,14.903950666354026],[-91.02908794034946,14.90658503198316]]]]},"properties":{"FID":73,"CODIGO":1406,"OID_":230,"MUNICIPIOS":"Chichicastenango","AREA_KM2":245.845,"DEPARTAMEN":"QUICHE"},"id":73},{"type":"Feature","geometry":{"type":"Polygon","coordinates":[[[-90.94098922470579,14.9242445597007],[-90.9429277342191,14.924486742396178],[-90.9438988612413,14.925770709898346],[-90.94454097003774,14.92598431605258],[-90.94526544601682,14.92590385337642],[-90.94700413313761,14.924897247975286],[-90.94985041627666,14.922790228551172],[-90.95140386088612,14.922265362580804],[-90.95430183225983,14.92420359889271],[-90.95776928525711,14.924520360743964],[-90.9628327549939,14.925775254419637],[-90.9644828038591,14.927020014856149],[-90.96521312342946,14.928664346637335],[-90.96583884279218,14.929450425704669],[-90.9708502417142,14.932682524076627],[-90.97246353309345,14.93302666694498],[-90.97302161828927,14.935020740441262],[-90.97365048019832,14.9354770035818],[-90.97510564969144,14.935775675489598],[-90.97816113032906,14.935451439916012],[-90.98458062108152,14.935601891599328],[-90.98548618983074,14.935477719078166],[-90.98784676478812,14.934487565321074],[-90.98939788513957,14.934215438653085],[-90.99030825380714,14.93476111234864],[-90.990686274531,14.936710654500702],[-90.99319839791418,14.936414195493123],[-90.99552607921083,14.937840920773489],[-90.99631503138048,14.938078269424397],[-90.99902668081914,14.938129138690188],[-90.99969705559981,14.936619141152567],[-91.00140283269467,14.93557905455841],[-91.00171416869078,14.934889356641602],[-91.00187031975436,14.933895580230384],[-91.00228412791114,14.93317966818515],[-91.0030104006201,14.932844885196198],[-91.00351950068033,14.932816576816164],[-91.00504196599964,14.933192457619073],[-91.00567505871099,14.933197982122962],[-91.00779684905281,14.932391903833514],[-91.01018118675931,14.932468019878922],[-91.01485200825881,14.931132962926792],[-91.01018186137341,14.932394752403864],[-91.00779752447137,14.932318636464561],[-91.0056757348868,14.933124714854218],[-91.00352017756859,14.932743309641502],[-91.0030110776822,14.932771618044619],[-91.00228480523535,14.933106401068299],[-91.00187099725277,14.933822313136671],[-91.0014035104314,14.93550578749643],[-90.99969773396418,14.93654587417383],[-90.99902735948257,14.93805587175124],[-90.9963157109608,14.938005002607062],[-90.99319907847179,14.936340928805423],[-90.99068695595437,14.936637387928284],[-90.99030893526555,14.934687845780727],[-90.9893985668805,14.934142172122822],[-90.98784744706778,14.934414298862645],[-90.98458130452157,14.935528625295715],[-90.97816181593792,14.935378173902514],[-90.97510633635159,14.935702409617004],[-90.97365116733731,14.935403737773482],[-90.97302230561945,14.934947474658669],[-90.97246422051676,14.932953401175016],[-90.97085092966768,14.93260925837794],[-90.96583953228782,14.929377160213955],[-90.96448349369669,14.926946749411954],[-90.96283344533022,14.925701989042864],[-90.95776997724766,14.924447095591198],[-90.95430252540943,14.924130333897095],[-90.95140455492293,14.922192097706047],[-90.94985111086508,14.922716963751196],[-90.94526614230992,14.925830588807726],[-90.94389955799086,14.925697445391883],[-90.9429284312348,14.924413477926372],[-90.94098922470579,14.9242445597007]]]},"properties":{"FID":74,"CODIGO":1412,"OID_":236,"MUNICIPIOS":"Joyabaj","AREA_KM2":472.855,"DEPARTAMEN":"QUICHE"},"id":74}]}